name,smiles,mol_weight,logP,c_count,n_count,o_count,rings,aromatic,heavy_atoms,double_bonds,binding_energy,kd,ic50,docking_score,absorption,ppb,clearance,half_life,ames_score,herg_ic50,rmsd,mm_pbsa,overall_score
Remdesivir_0,CCC(CC)COC(=O)C(C)NP(=O)(OCC1C(C(C(O1)(C#N)C2=CC=C3N2N=CN=C3N)O)O)OC4=CC=CC=C4,599.8778007456847,1.691229140198042,27,6,8,4,1,41,9,-8.881810178271044,2.5594047929482073,51.331757672456206,-9.822615087752823,20.0,79.17890434440655,1.0,14.867369458305816,0.343192947369919,36.38738303148672,0.7168841832427092,-48.10588948093546,56.654626465208466
Remdesivir_1,CCC(CC)COC(=O)C(C)NP(=O)(OCC1C(C(C(O1)(C#N)C2=CC=C3N2N=CN=C3N)O)O)OC4=CC=CC=C4,585.2020637194112,2.348885537253333,27,6,8,4,1,41,9,-9.23777934208357,1.342574124311396,33.737785941408724,-10.317962236107356,20.0,92.77719015137242,1.0,13.467556409375847,0.2954292573559938,32.03961195904213,0.8713878098087814,-52.95608525544579,56.6099796234546
Remdesivir_2,CCC(CC)COC(=O)C(C)NP(=O)(OCC1C(C(C(O1)(C#N)C2=CC=C3N2N=CN=C3N)O)O)OC4=CC=CC=C4,621.3833851105824,2.1751328233611145,27,6,8,4,1,41,9,-9.76844804961184,2.3459293555080247,34.236550766934826,-11.00984478120801,20.0,95.8702254760715,1.0,11.217078142088198,0.4077939122718261,29.33376825725877,0.8742366760208347,-59.12214281784624,47.58112708790543
Remdesivir_3,CCC(CC)COC(=O)C(C)NP(=O)(OCC1C(C(C(O1)(C#N)C2=CC=C3N2N=CN=C3N)O)O)OC4=CC=CC=C4,588.2369689989905,2.2021969807540396,27,6,8,4,1,41,9,-9.729248412346283,2.4755743589748063,45.967999152443404,-10.476123871332414,20.0,80.12681374089406,1.0,10.375456019265144,0.3306744562469312,32.37458777330371,1.1306742472483606,-47.44890220154283,51.358627857105496
Remdesivir_4,CCC(CC)COC(=O)C(C)NP(=O)(OCC1C(C(C(O1)(C#N)C2=CC=C3N2N=CN=C3N)O)O)OC4=CC=CC=C4,611.7842471335226,2.037557471355213,27,6,8,4,1,41,9,-8.431825965519657,2.6136637382341092,52.941790771866295,-9.612596556599154,20.52999761247975,88.50224095292958,1.0,12.71407524829757,0.38322983823684487,38.1193233656323,0.7346564303704302,-44.90559874539771,48.67945261047262
Remdesivir_5,CCC(CC)COC(=O)C(C)NP(=O)(OCC1C(C(C(O1)(C#N)C2=CC=C3N2N=CN=C3N)O)O)OC4=CC=CC=C4,595.1742392430531,1.9085706911647027,27,6,8,4,1,41,9,-9.65081911386449,1.8416557210762572,26.83576983753207,-10.522872241530692,20.0,83.9431648440673,1.0,13.260847921780096,0.44489884945736696,23.73816244078388,1.0640297956193427,-48.418041114267105,48.86887308805005
Remdesivir_6,CCC(CC)COC(=O)C(C)NP(=O)(OCC1C(C(C(O1)(C#N)C2=CC=C3N2N=CN=C3N)O)O)OC4=CC=CC=C4,591.7174065016777,1.8271077886262561,27,6,8,4,1,41,9,-9.68134971088914,1.5072716770566457,38.46731692142519,-10.52801902776331,20.0,77.0379436513237,1.0,13.990002219319368,0.3401786564783147,36.270212589596284,0.8450557792599551,-44.13217389089212,56.21224196459029
Remdesivir_7,CCC(CC)COC(=O)C(C)NP(=O)(OCC1C(C(C(O1)(C#N)C2=CC=C3N2N=CN=C3N)O)O)OC4=CC=CC=C4,597.1451840951718,2.3717820827209604,27,6,8,4,1,41,9,-9.54702214888374,2.4244292082178482,22.33008522124763,-10.5405737673372,20.0,69.72903406359669,1.0,12.64707096694646,0.32655280320558566,33.572000010478824,0.9438641496001746,-39.00715908948231,59.21151881747899
Remdesivir_8,CCC(CC)COC(=O)C(C)NP(=O)(OCC1C(C(C(O1)(C#N)C2=CC=C3N2N=CN=C3N)O)O)OC4=CC=CC=C4,597.3113253087702,2.0323058305935793,27,6,8,4,1,41,9,-9.763670942413167,1.5110067770713795,41.94194023569542,-10.883143956523105,20.0,99.0,1.0,13.935594684667224,0.36493107818140447,29.54243070666473,1.1546632972338478,-45.5450186062188,54.27647402499925
Remdesivir_9,CCC(CC)COC(=O)C(C)NP(=O)(OCC1C(C(C(O1)(C#N)C2=CC=C3N2N=CN=C3N)O)O)OC4=CC=CC=C4,610.2375095240986,1.7867353463005373,27,6,8,4,1,41,9,-9.270294566141342,1.936995359445471,25.66359080217633,-10.069113068787798,20.0,73.12770939895448,1.0,13.531802730175283,0.3414928839608567,28.01448913287833,0.8570541641347411,-52.64269683319589,57.34883983484533
Molnupiravir_0,CC(C)C(=O)OCC1C(C(C(O1)N2C=CC(=NC2=O)NO)O)O,338.3482271548096,-0.40288974004742295,13,3,7,4,1,23,4,-9.365094983105102,0.4396147495523232,30.22885404201034,-10.597010870360748,45.50383608684835,38.73928546852836,9.509979803812389,7.130660508564857,0.28629250493860525,27.147392576986363,0.909710089119272,-39.301265573533854,65.89491037223605
Molnupiravir_1,CC(C)C(=O)OCC1C(C(C(O1)N2C=CC(=NC2=O)NO)O)O,322.3259879263707,-0.5535085948819759,13,3,7,4,1,23,4,-9.290629636397675,1.4031466521197693,42.267465846171504,-10.540145657400645,34.83396693457862,50.93077978638945,6.684545745920897,8.247924022289514,0.390358312712256,21.64364315404655,1.0324346007702652,-47.785926896727304,61.574964939191474
Molnupiravir_2,CC(C)C(=O)OCC1C(C(C(O1)N2C=CC(=NC2=O)NO)O)O,332.3861553850544,-0.8074823061811361,13,3,7,4,1,23,4,-8.934449348570823,1.5071684490746002,42.89071569201373,-9.89346418656954,40.20930941998565,42.55631068514008,6.15905671112343,2.8847544300691235,0.3628115811959614,27.77346504212372,0.9362847723704646,-37.35188114910317,63.432514992923
Molnupiravir_3,CC(C)C(=O)OCC1C(C(C(O1)N2C=CC(=NC2=O)NO)O)O,343.35546686067426,-0.9830779948437224,13,3,7,4,1,23,4,-8.252864481697067,1.3170115062255914,27.81709449763423,-9.538274901838195,48.70392038578659,40.0190600155111,10.275017245729556,4.069449429348298,0.40236669137127123,28.301807641151324,0.8655081021180849,-42.99542651713029,58.06783973147273
Molnupiravir_4,CC(C)C(=O)OCC1C(C(C(O1)N2C=CC(=NC2=O)NO)O)O,341.68444621914057,-0.4898866053208193,13,3,7,4,1,23,4,-8.214239120029138,1.0685352270208586,54.03239096643124,-9.096621242024154,37.01696281899434,49.81600084756422,9.002226155338,2.230434404338754,0.3845560346840808,28.65199524833008,1.2142034169511262,-33.33794621994204,53.59236277296246
Molnupiravir_5,CC(C)C(=O)OCC1C(C(C(O1)N2C=CC(=NC2=O)NO)O)O,332.44120563984694,-1.264057726203258,13,3,7,4,1,23,4,-9.260608477870155,1.6031941621680403,37.03989595443751,-10.259698701057836,36.74712480042439,53.153324085545336,12.234296920541798,6.424378526986405,0.39923622923195656,25.14778016429576,1.0646603422544725,-46.65655998416848,58.79639125673071
Molnupiravir_6,CC(C)C(=O)OCC1C(C(C(O1)N2C=CC(=NC2=O)NO)O)O,330.9354048644043,-0.6625700985017935,13,3,7,4,1,23,4,-8.65839702719869,1.0473002853946982,28.047850085131373,-9.603897070857284,39.076590671052834,57.297804775738925,9.020440057286388,2.360885444141388,0.33090148120366825,29.127248138595846,0.6479701591249245,-39.301295160884884,62.7158734018659
Molnupiravir_7,CC(C)C(=O)OCC1C(C(C(O1)N2C=CC(=NC2=O)NO)O)O,315.56748170684347,-1.0497571018354046,13,3,7,4,1,23,4,-9.049137000583993,1.6971114525271354,37.23821393204781,-10.155363116819245,38.178248261970914,43.2919082818529,11.384900004388673,2.9313335231345987,0.36092984459332167,28.428806258778973,1.1072697082218368,-47.948030037614856,61.752351558060724
Molnupiravir_8,CC(C)C(=O)OCC1C(C(C(O1)N2C=CC(=NC2=O)NO)O)O,328.9746350046733,-0.8265282292194344,13,3,7,4,1,23,4,-8.78383999705918,1.305227217383427,42.99409506870925,-9.915879658891615,52.04703098506317,56.845922084409175,4.26949010213796,3.5479068542674974,0.43001222412599777,23.57817928038202,0.9939538285909095,-37.01218972109004,57.25756547244784
Molnupiravir_9,CC(C)C(=O)OCC1C(C(C(O1)N2C=CC(=NC2=O)NO)O)O,312.1327498960172,-0.6575807217936844,13,3,7,4,1,23,4,-8.219802804865022,0.884110807190293,32.52638937589494,-9.150292746033692,41.138623219691,45.06584410642413,9.219821731858275,7.3989215781322315,0.29487355910769464,31.061512151476983,0.8920797780626251,-43.53675447469985,66.01425883212288
Nirmatrelvir_0,CC1(C2C1C(N(C2)C(=O)C(C(C)(C)C)NC(=O)C(F)(F)F)C(=O)NC(CC3CCNC3=O)C#N)C,513.2950124387781,1.7232719357358262,23,5,4,4,1,32,4,-8.179766965812433,2.1119967052435284,57.599209656998305,-9.134482459086906,37.09258408072676,72.0874760093852,1.0,8.739574400954996,0.35907741191488746,33.62469739736688,0.9753092120298882,-43.832565462352704,56.48577106125097
Nirmatrelvir_1,CC1(C2C1C(N(C2)C(=O)C(C(C)(C)C)NC(=O)C(F)(F)F)C(=O)NC(CC3CCNC3=O)C#N)C,519.120205680027,2.1126176769114267,23,5,4,4,1,32,4,-9.361702723883404,1.6561154954934332,24.716593104866252,-10.243660424664913,26.697495326705837,89.186799003466,1.0,14.26947423767792,0.39814810876284723,27.955448527740284,0.663860551746739,-41.710342869917305,55.66486979831887
Nirmatrelvir_2,CC1(C2C1C(N(C2)C(=O)C(C(C)(C)C)NC(=O)C(F)(F)F)C(=O)NC(CC3CCNC3=O)C#N)C,517.5242858775023,2.2734378881232864,23,5,4,4,1,32,4,-8.698027128689175,2.3979527744463285,33.622141610120714,-9.439572733327037,28.0740939838639,90.78021481589752,1.0,14.270769272001278,0.4319406070243831,31.35544393795961,1.0696845349540305,-44.34344229772398,50.89592110721736
Nirmatrelvir_3,CC1(C2C1C(N(C2)C(=O)C(C(C)(C)C)NC(=O)C(F)(F)F)C(=O)NC(CC3CCNC3=O)C#N)C,497.1612200549351,2.5877041827583,23,5,4,4,1,32,4,-9.0877558182547,1.906001616300813,31.718430867922585,-10.19055709103275,28.51178472816158,91.25488698800054,1.0,13.891989634104311,0.39808394212988063,31.222441480040914,0.5764358976415156,-43.97200048205016,52.07117307274265
Nirmatrelvir_4,CC1(C2C1C(N(C2)C(=O)C(C(C)(C)C)NC(=O)C(F)(F)F)C(=O)NC(CC3CCNC3=O)C#N)C,510.5858766370975,2.258404249735805,23,5,4,4,1,32,4,-8.666372518828119,1.4089338579747421,25.709667282113436,-9.509466139797636,25.051398022167845,83.93949769193529,1.0,11.629863649257741,0.3431147513857505,32.19962832085912,0.4322560716093969,-49.70280894719525,53.7901917811892
Nirmatrelvir_5,CC1(C2C1C(N(C2)C(=O)C(C(C)(C)C)NC(=O)C(F)(F)F)C(=O)NC(CC3CCNC3=O)C#N)C,490.9284834512744,2.5685991281894607,23,5,4,4,1,32,4,-8.776333013870465,2.5928649109754374,24.437899292246055,-9.78075795129595,28.095264241440766,81.84189491206088,1.0,13.28918712067618,0.3253051194890505,33.348814628393264,1.32100502320725,-43.64913279776615,56.53587410021841
Nirmatrelvir_6,CC1(C2C1C(N(C2)C(=O)C(C(C)(C)C)NC(=O)C(F)(F)F)C(=O)NC(CC3CCNC3=O)C#N)C,502.872572476924,2.6011580104909893,23,5,4,4,1,32,4,-8.47539375777918,2.6781671424942504,20.476178987592654,-9.193466461754596,30.282962409052086,82.09073920625436,1.0,11.097730432289067,0.3678921753796138,33.26342173641037,1.3115733944495536,-37.10522090069069,59.70794438446275
Nirmatrelvir_7,CC1(C2C1C(N(C2)C(=O)C(C(C)(C)C)NC(=O)C(F)(F)F)C(=O)NC(CC3CCNC3=O)C#N)C,518.4757923066467,2.6862107444796033,23,5,4,4,1,32,4,-8.208169570512187,1.654778117721679,58.006459363062355,-8.974011300177636,25.325762185559753,99.0,1.0,10.96430631563845,0.3366970343944655,22.775845674189345,0.7318650149701624,-44.62834158981724,50.20486832651383
Nirmatrelvir_8,CC1(C2C1C(N(C2)C(=O)C(C(C)(C)C)NC(=O)C(F)(F)F)C(=O)NC(CC3CCNC3=O)C#N)C,496.09278009350663,1.9734070719307064,23,5,4,4,1,32,4,-9.187242571029618,2.037477882849514,32.37110465145311,-9.998965559205448,24.67042664325821,85.92535337205204,1.0,16.306667531708708,0.425638672702731,29.394725963009755,0.326697512721256,-37.97960841329141,53.2613184077596
Nirmatrelvir_9,CC1(C2C1C(N(C2)C(=O)C(C(C)(C)C)NC(=O)C(F)(F)F)C(=O)NC(CC3CCNC3=O)C#N)C,488.64571222013853,2.371700684405857,23,5,4,4,1,32,4,-8.224563244976391,2.530416897715913,52.506040365203106,-8.924732641004713,35.35158155986731,82.03194959774547,1.0,11.743619057041514,0.3978091632840416,27.000946853898196,0.8460579922447925,-40.29677482134607,54.417738719345756
Ritonavir_0,CC(C)C1=NC(=CS1)CN(C)C(=O)NC(C(C)C)C(=O)NC(CC2=CC=CC=C2)CC(C(CC3=CC=CC=C3)NC(=O)OCC4=CN=CS4)O,729.0631907239689,5.712964161508911,37,6,5,4,1,48,13,-9.387192360686845,3.0372440770492606,28.96030368798516,-10.284248443331165,20.643259877612618,99.0,1.0,23.14628696282022,0.469704062910766,44.61850622691567,0.7559511374219358,-44.6909146879756,53.024221504431836
Ritonavir_1,CC(C)C1=NC(=CS1)CN(C)C(=O)NC(C(C)C)C(=O)NC(CC2=CC=CC=C2)CC(C(CC3=CC=CC=C3)NC(=O)OCC4=CN=CS4)O,735.3945483498698,6.449520623657643,37,6,5,4,1,48,13,-8.664557213380155,2.521816998501823,38.44150235226388,-9.610606601267374,20.0,99.0,1.0,22.472436331110885,0.40254377945646475,43.60657106552697,0.8890005734569248,-38.51515112566416,46.659595055486186
Ritonavir_2,CC(C)C1=NC(=CS1)CN(C)C(=O)NC(C(C)C)C(=O)NC(CC2=CC=CC=C2)CC(C(CC3=CC=CC=C3)NC(=O)OCC4=CN=CS4)O,736.7715363962404,5.973961640262872,37,6,5,4,1,48,13,-8.680610221393557,3.8898814377422415,44.10265172318152,-9.825663588414182,20.0,99.0,1.0,22.833009920974423,0.30144319164142397,40.27583305246301,0.9759489627593767,-51.42183981721101,52.39450564780831
Ritonavir_3,CC(C)C1=NC(=CS1)CN(C)C(=O)NC(C(C)C)C(=O)NC(CC2=CC=CC=C2)CC(C(CC3=CC=CC=C3)NC(=O)OCC4=CN=CS4)O,702.4724855936439,6.299410398909043,37,6,5,4,1,48,13,-9.461336607781542,2.7584798068024448,32.10956075234683,-10.736815438021655,20.0,99.0,1.0,22.797189280090883,0.31490455054569794,35.38254563575413,0.4675698018342685,-40.02172076654422,56.56156157846849
Ritonavir_4,CC(C)C1=NC(=CS1)CN(C)C(=O)NC(C(C)C)C(=O)NC(CC2=CC=CC=C2)CC(C(CC3=CC=CC=C3)NC(=O)OCC4=CN=CS4)O,719.4013886453259,6.247470938133756,37,6,5,4,1,48,13,-9.401850584236362,2.622638547923308,59.36114496427109,-10.149327143917274,20.0,99.0,1.0,24.0,0.3401416092861403,35.29386989456414,0.7473919616426887,-60.0,49.771781634771685
Ritonavir_5,CC(C)C1=NC(=CS1)CN(C)C(=O)NC(C(C)C)C(=O)NC(CC2=CC=CC=C2)CC(C(CC3=CC=CC=C3)NC(=O)OCC4=CN=CS4)O,701.7028479111091,5.822079165583178,37,6,5,4,1,48,13,-8.515024804335898,2.878655416516031,52.9519834353821,-9.277900701723578,20.0,99.0,1.0,22.755414817038467,0.3188896446366454,31.171357576112566,0.935287850543372,-49.841852943765105,46.78937284549347
Ritonavir_6,CC(C)C1=NC(=CS1)CN(C)C(=O)NC(C(C)C)C(=O)NC(CC2=CC=CC=C2)CC(C(CC3=CC=CC=C3)NC(=O)OCC4=CN=CS4)O,712.251036231949,5.863082296398635,37,6,5,4,1,48,13,-8.777172010494818,2.991246028266872,29.208485272770048,-9.542855642050881,21.323208175362826,99.0,1.0,24.0,0.37053508204904756,34.1520060518298,1.3180786226561563,-44.414137823555976,46.315982131896
Ritonavir_7,CC(C)C1=NC(=CS1)CN(C)C(=O)NC(C(C)C)C(=O)NC(CC2=CC=CC=C2)CC(C(CC3=CC=CC=C3)NC(=O)OCC4=CN=CS4)O,717.3158730795865,6.482378616908607,37,6,5,4,1,48,13,-9.428875861997403,3.3561674570033677,38.66186903591385,-10.136966712721614,20.0,99.0,1.0,21.709964861756347,0.34231039747843184,35.22756716018738,0.569358975996185,-49.47289530826548,52.39901151633868
Ritonavir_8,CC(C)C1=NC(=CS1)CN(C)C(=O)NC(C(C)C)C(=O)NC(CC2=CC=CC=C2)CC(C(CC3=CC=CC=C3)NC(=O)OCC4=CN=CS4)O,713.8471694561697,5.9254364386164164,37,6,5,4,1,48,13,-8.62805835325208,3.096783398568612,63.196817331014756,-9.408754077715692,20.0,99.0,1.0,21.056139510402897,0.37163328193812795,40.60269135063001,0.3677754980009845,-43.795432451108645,51.07559244884963
Ritonavir_9,CC(C)C1=NC(=CS1)CN(C)C(=O)NC(C(C)C)C(=O)NC(CC2=CC=CC=C2)CC(C(CC3=CC=CC=C3)NC(=O)OCC4=CN=CS4)O,703.4349988189107,6.4899602323899455,37,6,5,4,1,48,13,-9.221415568026684,2.8636145986226205,29.01147298956814,-10.155043542561705,20.0,99.0,1.0,22.879090402705366,0.3061158566785438,34.98979842593422,0.8531488229935901,-53.187729098526496,53.57007607945703
Bebtelovimab_0,CCCCCCCCC1=NC=CN1.C1=CC=C(C=C1)CBr,354.27892452719647,0.34182877675827206,18,2,0,4,1,20,5,-8.383530767462085,1.7148116687819523,27.211626190550554,-9.274629134127728,43.73652088957641,68.5585489652632,1.0,4.7974594890590465,0.39552027302569365,26.224961312970887,0.9921672236382884,-41.554049003427444,57.17766680518171
Bebtelovimab_1,CCCCCCCCC1=NC=CN1.C1=CC=C(C=C1)CBr,348.86539634280876,-0.12305557057509242,18,2,0,4,1,20,5,-8.109658564939435,1.6929009677898352,25.09109280190978,-9.311464999220012,40.3091138230396,60.18161713902637,4.685046557539211,6.970799713792826,0.4704367065989386,30.521641670869627,0.796710012102676,-31.43256464893802,53.78594549053372
Bebtelovimab_2,CCCCCCCCC1=NC=CN1.C1=CC=C(C=C1)CBr,356.1029102371406,0.03346109197632152,18,2,0,4,1,20,5,-8.59401967850441,0.9520668112462132,46.93037520705005,-9.592387444448923,42.72213686882081,55.27319576952908,8.436216743550467,1.96897938198423,0.3784473945720949,30.120603632690724,0.4267231423408271,-33.657308497982996,63.650917578957234
Bebtelovimab_3,CCCCCCCCC1=NC=CN1.C1=CC=C(C=C1)CBr,335.7252694782083,0.3464522917345182,18,2,0,4,1,20,5,-9.240838874576436,1.6828958168367962,23.092995189310045,-10.353805633899107,39.011060430495995,63.66868653235396,3.379748522273399,6.534382474438785,0.34278379432841083,28.953062160128425,0.9380566878572627,-36.77565577701625,60.34733458763434
Bebtelovimab_4,CCCCCCCCC1=NC=CN1.C1=CC=C(C=C1)CBr,349.7802321457653,0.4472833396118153,18,2,0,4,1,20,5,-8.091232993497973,1.095930935840551,48.91781463118214,-9.30128253708871,44.872443083226756,49.64867740657899,8.556817760316981,9.102525717609902,0.38733841182785167,34.54432610737512,0.6633015905940294,-43.58820549054898,56.912670839981786
Bebtelovimab_5,CCCCCCCCC1=NC=CN1.C1=CC=C(C=C1)CBr,348.26522685209545,0.23644423562472283,18,2,0,4,1,20,5,-8.13002710467412,1.379344748025196,37.261547155378636,-9.063154563413331,48.567721557445914,57.90115835683914,8.125299871696075,7.353268463473427,0.37786086788062323,23.87524503536161,1.0349391519070927,-28.109985936321312,63.09391520714666
Bebtelovimab_6,CCCCCCCCC1=NC=CN1.C1=CC=C(C=C1)CBr,345.15383977463847,-0.1530467981037723,18,2,0,4,1,20,5,-9.301550522153523,1.8883527693601645,35.059574856165284,-10.533607694649069,41.36612456144347,65.77953214776758,1.0,9.450350638921227,0.3587662717377172,25.329618577353177,0.5312911613142737,-50.48048544794294,64.79306694478974
Bebtelovimab_7,CCCCCCCCC1=NC=CN1.C1=CC=C(C=C1)CBr,331.82377826353337,0.1635373720167106,18,2,0,4,1,20,5,-9.006251872164622,1.1783269113347108,26.010192917599277,-10.034788162485006,41.45408983594202,55.06005548731244,5.129829290756989,0.997476714116857,0.36395192334077603,26.113404736308144,1.0585493158357946,-31.780227013931764,64.63907113520371
Bebtelovimab_8,CCCCCCCCC1=NC=CN1.C1=CC=C(C=C1)CBr,353.8936453305047,-0.43429136057164763,18,2,0,4,1,20,5,-8.167053950304627,1.9416054762041828,22.97250911012452,-9.218279476068412,53.9542990162493,57.4997474721159,5.989787875738839,6.3429998257799936,0.3765709047050594,26.459701209447086,0.7195487004206977,-40.402510507420466,62.09712305912888
Bebtelovimab_9,CCCCCCCCC1=NC=CN1.C1=CC=C(C=C1)CBr,332.3154542264138,-0.34384740263380964,18,2,0,4,1,20,5,-9.063291425042516,1.1799332521220414,38.0016107731032,-10.09883377687958,38.370376144331175,66.99468153998103,1.0,5.705874811839303,0.3480946233668771,21.40709607827157,0.6134904224706117,-46.80604492749921,65.30274361656126
Sotrovimab_0,CC(=O)OCC1C(C(C(O1)N2CNC3C2N=C(NC3=O)NC4=CC=CC=C4)OC(=O)C)OC(=O)C,502.7087945826797,-0.40281647038154517,22,5,8,4,1,35,8,-9.273958343271095,1.388385912865227,20.87383970013934,-10.440775046111327,26.520860320216176,47.757585830262165,1.0,8.497499122455837,0.3055602762220694,33.83770800640384,0.7642044633890047,-47.71993741083237,66.4191144810398
Sotrovimab_1,CC(=O)OCC1C(C(C(O1)N2CNC3C2N=C(NC3=O)NC4=CC=CC=C4)OC(=O)C)OC(=O)C,493.1117977005923,-0.5319363591771238,22,5,8,4,1,35,8,-9.202127704855968,0.7074764431237315,31.51590921044053,-9.964326213743297,25.1338165574302,59.39906417793694,1.0,9.366804038413802,0.3574215598445172,28.894822203638128,1.1545963825082683,-49.08022927213767,53.388041176730276
Sotrovimab_2,CC(=O)OCC1C(C(C(O1)N2CNC3C2N=C(NC3=O)NC4=CC=CC=C4)OC(=O)C)OC(=O)C,480.24709437539786,-0.25836578533913307,22,5,8,4,1,35,8,-9.1362233617737,1.0141174782868605,41.87188723407921,-10.17454744429251,23.967587336013093,56.01629510503686,1.0,8.317022228704143,0.36478493154542424,35.398921813780376,0.8774571265099269,-44.543384639785415,58.47081602949996
Sotrovimab_3,CC(=O)OCC1C(C(C(O1)N2CNC3C2N=C(NC3=O)NC4=CC=CC=C4)OC(=O)C)OC(=O)C,495.5568155340746,0.02974180370720164,22,5,8,4,1,35,8,-9.15021732973922,0.7868315281498035,25.364242962912964,-9.94925918765964,22.627771881394665,56.93747146452314,2.212745116085015,6.439230639381278,0.327751430396551,31.769095306105015,0.5489773002285294,-43.309605540384524,55.8730609384382
Sotrovimab_4,CC(=O)OCC1C(C(C(O1)N2CNC3C2N=C(NC3=O)NC4=CC=CC=C4)OC(=O)C)OC(=O)C,472.81194671700507,-0.1968478905336118,22,5,8,4,1,35,8,-8.509631907640903,0.41649374298772074,25.26542520275229,-9.269620722532041,24.19264867156938,64.65152787156411,6.166423333387732,9.547490130036262,0.2746229551000844,25.86740641877148,0.6870728313092511,-42.65807237950945,60.330626080207885
Sotrovimab_5,CC(=O)OCC1C(C(C(O1)N2CNC3C2N=C(NC3=O)NC4=CC=CC=C4)OC(=O)C)OC(=O)C,470.7473254024514,-0.5377359557001749,22,5,8,4,1,35,8,-8.56802366452198,0.9839434210629648,31.337749470827994,-9.654620034643012,20.0,48.98301397618134,4.33092538982352,5.6199522223361145,0.4982857699085362,32.958985889237844,0.9270496538823633,-47.31388355899399,54.02774940393063
Sotrovimab_6,CC(=O)OCC1C(C(C(O1)N2CNC3C2N=C(NC3=O)NC4=CC=CC=C4)OC(=O)C)OC(=O)C,480.3858054891985,-0.2097693331309129,22,5,8,4,1,35,8,-9.092616896050382,0.47713872022637555,39.64464988804946,-10.034511186700248,28.65886663142838,51.1645885989929,1.0650345285091167,11.06035127127102,0.3353183137772783,38.235508517702,1.0576947358341235,-47.93280146367287,64.37382230632805
Sotrovimab_7,CC(=O)OCC1C(C(C(O1)N2CNC3C2N=C(NC3=O)NC4=CC=CC=C4)OC(=O)C)OC(=O)C,497.1910625807141,0.0491956515653193,22,5,8,4,1,35,8,-8.741460845410039,0.5373731099899512,56.482543018489714,-9.959369666858661,27.77527224813365,56.19453256719963,3.0320162926520355,7.874152001866508,0.2998994487311616,32.50650568973814,1.046102681314645,-40.916891141984955,63.99967714083313
Sotrovimab_8,CC(=O)OCC1C(C(C(O1)N2CNC3C2N=C(NC3=O)NC4=CC=CC=C4)OC(=O)C)OC(=O)C,482.26401892973024,0.028915474150677356,22,5,8,4,1,35,8,-8.574502013288779,1.1341374454647108,28.638377672784088,-9.28190120849079,25.06059109566293,58.45150149730489,1.9847365115861222,4.965252848359382,0.3126138396462535,35.1983256990459,0.8594083531785646,-39.640504566291995,59.97630076094155
Sotrovimab_9,CC(=O)OCC1C(C(C(O1)N2CNC3C2N=C(NC3=O)NC4=CC=CC=C4)OC(=O)C)OC(=O)C,482.2501001172828,-0.1741086235629909,22,5,8,4,1,35,8,-8.255511452073238,1.2944048177230796,28.99035349150812,-9.483171320606871,23.06128069747873,58.5670701730697,1.0,10.030262251147043,0.3219363015556914,30.238227709068852,0.7553051099140856,-34.53715638652429,57.98896811403617
Bamlanivimab_0,C1=CC=C(C=C1)CN2C3=CC=CC=C3C4=NC5=CC=CC=C5C(=O)C(=C42)C6=CC=C(C=C6)F,420.0510858307321,5.910474113131395,29,2,1,4,1,32,15,-9.468966622354282,3.523794782273457,27.92837899014535,-10.75432615342036,50.49891994637712,99.0,1.0,22.799944880371157,0.4816115728476292,27.848645758241364,0.6929009124620544,-38.60894410382862,59.915942820385524
Bamlanivimab_1,C1=CC=C(C=C1)CN2C3=CC=CC=C3C4=NC5=CC=CC=C5C(=O)C(=C42)C6=CC=C(C=C6)F,435.0364555684283,5.967033946092075,29,2,1,4,1,32,15,-8.671933236461165,3.030858487481123,30.4623248182396,-9.831768585831218,47.473199864233656,99.0,1.0,23.082250985628153,0.31674896462972707,33.23728959390633,0.8022066849092891,-42.93505149410682,61.36203520250294
Bamlanivimab_2,C1=CC=C(C=C1)CN2C3=CC=CC=C3C4=NC5=CC=CC=C5C(=O)C(=C42)C6=CC=C(C=C6)F,438.3408247221517,5.953895906339855,29,2,1,4,1,32,15,-9.626752939205465,2.947507552075165,56.319270965405025,-10.536964949810043,51.53334321953909,99.0,1.0,18.919256089996363,0.3355096403454284,27.07809152335898,0.6274462148477715,-40.5619291012841,66.07885267449949
Bamlanivimab_3,C1=CC=C(C=C1)CN2C3=CC=CC=C3C4=NC5=CC=CC=C5C(=O)C(=C42)C6=CC=C(C=C6)F,413.9794703964564,6.208453213070698,29,2,1,4,1,32,15,-9.363749687485928,2.9366608577549913,27.56270459290492,-10.34156503374988,47.233768531252615,99.0,1.0,18.755672619031227,0.3472815886698674,30.44346156289962,0.9321495526218112,-42.16227738657956,65.17056840194917
Bamlanivimab_4,C1=CC=C(C=C1)CN2C3=CC=CC=C3C4=NC5=CC=CC=C5C(=O)C(=C42)C6=CC=C(C=C6)F,421.1811308067769,6.6786299863551575,29,2,1,4,1,32,15,-8.699032775518472,2.9896306756404893,47.546804547543395,-9.70150733447121,47.49944350481914,99.0,1.0,22.358036546896166,0.4930132879603477,27.17652490831872,0.7182165284686098,-37.575326716728526,53.48835203999361
Bamlanivimab_5,C1=CC=C(C=C1)CN2C3=CC=CC=C3C4=NC5=CC=CC=C5C(=O)C(=C42)C6=CC=C(C=C6)F,423.90475417036566,6.543508256291608,29,2,1,4,1,32,15,-9.336139032410394,3.5876777519876386,52.633269163769675,-10.115762511834513,59.32103662868017,99.0,1.0,22.11459937917831,0.42513144618895027,34.82863596415011,1.0278060146563732,-46.180146531225844,59.96326661011863
Bamlanivimab_6,C1=CC=C(C=C1)CN2C3=CC=CC=C3C4=NC5=CC=CC=C5C(=O)C(=C42)C6=CC=C(C=C6)F,449.0196801543598,6.141872166038686,29,2,1,4,1,32,15,-8.381139844072463,3.826950536178593,51.89536711830968,-9.376659203815962,51.042995340099516,99.0,1.0,21.47375713205444,0.3989408757237204,37.95301889322184,0.7886095373104767,-40.42880773797015,57.8065897103685
Bamlanivimab_7,C1=CC=C(C=C1)CN2C3=CC=CC=C3C4=NC5=CC=CC=C5C(=O)C(=C42)C6=CC=C(C=C6)F,412.32968135250053,6.6715368061523765,29,2,1,4,1,32,15,-9.088932839700924,3.9980421582650263,22.71038911962717,-9.826595747359052,57.97476639881737,99.0,1.0,22.128513499719542,0.3153409016961136,29.831878696587506,0.635517113533202,-38.38049821417948,58.575278697484734
Bamlanivimab_8,C1=CC=C(C=C1)CN2C3=CC=CC=C3C4=NC5=CC=CC=C5C(=O)C(=C42)C6=CC=C(C=C6)F,413.7952418246337,6.480499302074713,29,2,1,4,1,32,15,-9.600233453766096,4.053316782928537,48.59607326971699,-10.822181709687717,57.9151201461717,99.0,1.0,23.74356413888118,0.29426597164585444,20.504776173519673,0.951992662327695,-48.91120493682744,59.522789440893185
Bamlanivimab_9,C1=CC=C(C=C1)CN2C3=CC=CC=C3C4=NC5=CC=CC=C5C(=O)C(=C42)C6=CC=C(C=C6)F,446.2639681471654,6.029954605891086,29,2,1,4,1,32,15,-9.121766821421703,3.009889290497314,56.64454249001641,-10.331132086353163,53.62928223649676,99.0,1.0,23.67452399209533,0.313162428350359,23.197899316301047,0.6363392379645415,-44.7149973674643,61.64459130738808
Casirivimab_0,CC(C)C(=O)OCC1C(C(C(O1)N2C=CC(=NC2=O)NO)O)O,341.1714916390471,-0.81847764848745,13,3,7,4,1,23,4,-8.279657056037625,0.2800344576601004,42.6528730150354,-9.358541249803368,41.02549410803716,57.52456665270502,9.855776039133113,5.429881438307568,0.39515503067827684,28.199691382926403,1.078833975158382,-32.22286557348834,58.29384700524709
Casirivimab_1,CC(C)C(=O)OCC1C(C(C(O1)N2C=CC(=NC2=O)NO)O)O,309.77482159632405,-1.2275531122054413,13,3,7,4,1,23,4,-8.135962283443591,0.421112021637159,44.00881148915885,-9.177778746503915,44.98126878794256,48.26493639484525,4.535274693645856,4.772583829821579,0.3326140837929226,29.77143133881204,0.6974146920371032,-40.52476629984827,58.06984867117486
Casirivimab_2,CC(C)C(=O)OCC1C(C(C(O1)N2C=CC(=NC2=O)NO)O)O,322.3684523297597,-0.7822883566152886,13,3,7,4,1,23,4,-8.548740334610027,0.9532415854090186,40.587021924772145,-9.673742787384445,45.36525079325416,51.98986049427972,5.926671570612362,4.42095228771604,0.36648653971213824,21.775398386086973,1.3235824737996438,-35.558149885561754,58.8098386159124
Casirivimab_3,CC(C)C(=O)OCC1C(C(C(O1)N2C=CC(=NC2=O)NO)O)O,310.5734457930257,-0.36378775375631023,13,3,7,4,1,23,4,-8.09179974871725,0.7592737301471044,17.91432435165466,-9.344652650424237,41.570679194972655,40.57323992084068,7.9842991213421355,8.111748053699046,0.39870880973001716,24.124141183725957,1.067184846970985,-31.12042181193899,61.675177129815
Casirivimab_4,CC(C)C(=O)OCC1C(C(C(O1)N2C=CC(=NC2=O)NO)O)O,312.5751992812236,-1.2396479160094362,13,3,7,4,1,23,4,-8.037956925477209,1.045277836284939,44.948620778036656,-8.815375451229558,45.912216100138664,53.66757441345575,11.976258145958006,3.4459045768788643,0.43253636994838296,27.199255561626742,1.520680415513719,-41.34776679235667,60.81914164495464
Casirivimab_5,CC(C)C(=O)OCC1C(C(C(O1)N2C=CC(=NC2=O)NO)O)O,317.2916980371658,-0.6197717575687087,13,3,7,4,1,23,4,-8.33065485101522,0.47265035350311585,51.457542663688066,-9.499126458600394,42.42580391731324,52.768883904283996,7.106499988184263,4.467665815478035,0.47378018459725985,33.31902982325999,1.0143643583514486,-38.88260201321988,57.37456097980961
Casirivimab_6,CC(C)C(=O)OCC1C(C(C(O1)N2C=CC(=NC2=O)NO)O)O,328.77675765698814,-0.4265767619183395,13,3,7,4,1,23,4,-8.068297613468763,0.27931208664204243,26.893515540448547,-9.090723839425173,43.4323656130264,53.76376751762193,7.378040613101878,7.664348526580065,0.30537838351654956,20.551357622017864,0.9639206648945535,-32.78769894081428,65.73226949115296
Casirivimab_7,CC(C)C(=O)OCC1C(C(C(O1)N2C=CC(=NC2=O)NO)O)O,348.1658037616656,-1.1190230472905103,13,3,7,4,1,23,4,-9.311052796016888,0.8659147236435165,27.659311889402062,-10.25564259886087,39.1418286856553,60.39852279780716,12.967874062442355,3.265249596980941,0.3864568433385371,28.3849778879881,0.9126494899463278,-45.74573695329465,58.82052391354764
Casirivimab_8,CC(C)C(=O)OCC1C(C(C(O1)N2C=CC(=NC2=O)NO)O)O,348.1028418031418,-0.8462104586163608,13,3,7,4,1,23,4,-9.241577640054368,0.9717501180053856,26.47544297612708,-10.019127699290861,45.29474355324172,25.797859034959394,12.273897101116312,1.0369474424438008,0.34854461959651,21.93017756435257,0.4495166752810099,-36.912176623324875,67.72149816070069
Casirivimab_9,CC(C)C(=O)OCC1C(C(C(O1)N2C=CC(=NC2=O)NO)O)O,310.77685707734173,-0.5635979849343595,13,3,7,4,1,23,4,-8.314075695019696,0.3435784543283523,23.376516203501627,-9.302211325886086,43.16876940865358,56.556334555577116,7.346330250516063,1.403211202680498,0.345260908618371,32.411896305394386,1.139362737883063,-40.74956345211808,60.07726326433112
Tocilizumab_0,CCCC(C(=O)C(=O)NC1CC1)NC(=O)C2C3CCCC3CN2C(=O)C(C(C)(C)C)NC(=O)C(C4CCCCC4)NC(=O)C5=NC=CN=C5,672.44624419907,4.207234808688392,36,7,6,4,1,49,9,-9.475706791432708,2.611946313624721,57.362817958767884,-10.292304699662676,20.0,99.0,1.0,18.504800301830045,0.36308660369596346,36.273968196817776,1.0445035235194586,-49.89309773669434,55.024691685738354
Tocilizumab_1,CCCC(C(=O)C(=O)NC1CC1)NC(=O)C2C3CCCC3CN2C(=O)C(C(C)(C)C)NC(=O)C(C4CCCCC4)NC(=O)C5=NC=CN=C5,667.8741380849178,4.3734324333249175,36,7,6,4,1,49,9,-8.54235928857559,2.1225148014431334,63.06120491835387,-9.263288070713962,20.0,99.0,1.0,20.893520219719306,0.22185389775698217,44.77635596198005,0.8310051471246684,-40.878523070614776,54.96845820938467
Tocilizumab_2,CCCC(C(=O)C(=O)NC1CC1)NC(=O)C2C3CCCC3CN2C(=O)C(C(C)(C)C)NC(=O)C(C4CCCCC4)NC(=O)C5=NC=CN=C5,661.0154823878735,4.630948695506978,36,7,6,4,1,49,9,-9.934868069160906,2.0408510736841277,50.500084729005046,-10.968617937578163,20.0,99.0,1.0,19.88886377594521,0.3741876119238455,37.88270115272204,1.5242812721134373,-52.27756626181155,53.08599952750675
Tocilizumab_3,CCCC(C(=O)C(=O)NC1CC1)NC(=O)C2C3CCCC3CN2C(=O)C(C(C)(C)C)NC(=O)C(C4CCCCC4)NC(=O)C5=NC=CN=C5,682.4806504394667,4.438449209251327,36,7,6,4,1,49,9,-9.514290126547342,2.91477007866587,32.22300609590869,-10.418958844407747,20.0,99.0,1.0,19.502770930478068,0.32895287416569874,36.16630375648517,0.922914216763677,-48.700374428938005,55.95739770447137
Tocilizumab_4,CCCC(C(=O)C(=O)NC1CC1)NC(=O)C2C3CCCC3CN2C(=O)C(C(C)(C)C)NC(=O)C(C4CCCCC4)NC(=O)C5=NC=CN=C5,675.6469076643701,4.395467206689863,36,7,6,4,1,49,9,-9.797773341952022,2.5062104824765497,36.67732646252954,-10.69721731061387,20.0,99.0,1.0,21.64891362662324,0.3591638873150403,36.92516295674331,0.7581897856172382,-51.36319812990075,51.745672578526715
Tocilizumab_5,CCCC(C(=O)C(=O)NC1CC1)NC(=O)C2C3CCCC3CN2C(=O)C(C(C)(C)C)NC(=O)C(C4CCCCC4)NC(=O)C5=NC=CN=C5,660.8256826322574,4.041247827626156,36,7,6,4,1,49,9,-9.06283715190552,2.5730404339337962,33.097765234973096,-10.138886076927916,20.0,99.0,1.0,17.521199309644555,0.4792884569338821,40.34991909082352,0.7494087273521374,-60.0,55.61175562312441
Tocilizumab_6,CCCC(C(=O)C(=O)NC1CC1)NC(=O)C2C3CCCC3CN2C(=O)C(C(C)(C)C)NC(=O)C(C4CCCCC4)NC(=O)C5=NC=CN=C5,679.234870367453,3.956776567720508,36,7,6,4,1,49,9,-9.050293428178787,2.498234171345351,46.802894769093285,-10.03013190014266,20.0,99.0,1.0,20.604331117560616,0.4046130961560049,37.54762283873464,0.8787456597766236,-48.76413935221276,48.43483504018765
Tocilizumab_7,CCCC(C(=O)C(=O)NC1CC1)NC(=O)C2C3CCCC3CN2C(=O)C(C(C)(C)C)NC(=O)C(C4CCCCC4)NC(=O)C5=NC=CN=C5,667.057533907825,4.22516338366706,36,7,6,4,1,49,9,-8.907309352942885,2.36093494738943,55.71703591330653,-9.883812586937733,20.0,99.0,1.0,16.918243726859327,0.41370522606607746,32.4929075687039,0.7872445873537485,-45.12897691664878,46.29311854082294
Tocilizumab_8,CCCC(C(=O)C(=O)NC1CC1)NC(=O)C2C3CCCC3CN2C(=O)C(C(C)(C)C)NC(=O)C(C4CCCCC4)NC(=O)C5=NC=CN=C5,668.9231908779573,3.912044839908227,36,7,6,4,1,49,9,-9.543569392583649,2.060315384642116,46.28848878515614,-10.689631722362831,20.0,99.0,1.0,21.62578085994769,0.372927891799062,34.70523497835613,0.8595107812805027,-47.70778742515266,53.08618377483513
Tocilizumab_9,CCCC(C(=O)C(=O)NC1CC1)NC(=O)C2C3CCCC3CN2C(=O)C(C(C)(C)C)NC(=O)C(C4CCCCC4)NC(=O)C5=NC=CN=C5,684.7543729870629,4.1517676787372295,36,7,6,4,1,49,9,-9.396471483276487,2.5165427047100573,57.19045211466881,-10.15645760923768,20.0,95.64509411686973,1.0,17.460685468861605,0.4114128855138887,35.24305842968903,1.2044990476382957,-53.20333905432529,51.256732258891674
Baricitinib_0,CCS(=O)(=O)N1CC(C1)(CC#N)N2C=C(C=N2)C3=C4C=CNC4=NC=N3,390.9114208085955,-0.8635602474432669,16,7,2,4,1,25,8,-8.879912694763211,0.5853546449506285,46.902949797767285,-9.662234448237275,36.14856170561146,51.389434402132586,6.525434415937329,5.348495996743023,0.41486062250641215,36.453520577793974,0.6887568297594894,-48.61866567694823,61.10404032142285
Baricitinib_1,CCS(=O)(=O)N1CC(C1)(CC#N)N2C=C(C=N2)C3=C4C=CNC4=NC=N3,354.1769537098437,-0.48094020909172963,16,7,2,4,1,25,8,-9.042716831071392,0.9398114854897716,34.55598459702459,-9.912158171676486,49.9735466882716,56.9798646334822,11.279189869385615,4.884244518025026,0.35648764866154853,25.284704915633995,0.5434371392385704,-45.667255049615605,61.3887145758426
Baricitinib_2,CCS(=O)(=O)N1CC(C1)(CC#N)N2C=C(C=N2)C3=C4C=CNC4=NC=N3,373.8918726351164,-0.0423747154946198,16,7,2,4,1,25,8,-8.101418845388322,1.5338680950668757,26.776483276417324,-9.077411696625616,38.72940116107229,59.09623169287139,1.0,6.390613139695144,0.42805011629033124,22.772864496663747,1.396700773781895,-36.56058033472306,50.78403550700695
Baricitinib_3,CCS(=O)(=O)N1CC(C1)(CC#N)N2C=C(C=N2)C3=C4C=CNC4=NC=N3,391.09934008633496,-0.07299903207570468,16,7,2,4,1,25,8,-8.26295441353649,1.3683406695643319,25.46534754636226,-9.24145780285264,36.79615461171147,51.53819150921039,3.682277075605631,4.1714401148204665,0.4284713254271885,31.976669053805644,1.0695937155953286,-44.76338147750885,55.999116226427205
Baricitinib_4,CCS(=O)(=O)N1CC(C1)(CC#N)N2C=C(C=N2)C3=C4C=CNC4=NC=N3,367.2792606829713,-0.5527974594951643,16,7,2,4,1,25,8,-8.80993569542084,1.5963832748979652,38.26631909088169,-9.735784282619184,38.03524558245016,49.95506828637998,6.794622714346847,5.337560327238912,0.40207210050109615,31.438237838606906,0.6237063770765732,-48.145907549472255,56.062484410363794
Baricitinib_5,CCS(=O)(=O)N1CC(C1)(CC#N)N2C=C(C=N2)C3=C4C=CNC4=NC=N3,354.6367713220501,-0.5970198212348385,16,7,2,4,1,25,8,-8.900891500040926,1.10685247487808,54.20367892857669,-9.902713410297428,39.61495663456272,53.08263486838052,6.097331040426572,7.480652965975537,0.3521529394572341,28.68099782771618,0.9514647668567578,-45.19401826837895,65.09867824151397
Baricitinib_6,CCS(=O)(=O)N1CC(C1)(CC#N)N2C=C(C=N2)C3=C4C=CNC4=NC=N3,366.10137689166123,-0.9318276906145064,16,7,2,4,1,25,8,-8.260286772479763,1.375759966687026,31.271989061511423,-8.974920651963814,42.50447782915789,56.22558586303962,6.3189191237645685,7.278032598400574,0.43617704411753233,29.842669796836017,0.890091447329026,-45.85032825166985,54.332281609615855
Baricitinib_7,CCS(=O)(=O)N1CC(C1)(CC#N)N2C=C(C=N2)C3=C4C=CNC4=NC=N3,376.18351819591317,-0.3497989076018466,16,7,2,4,1,25,8,-8.03871786042423,0.5360827670655675,55.952604463566956,-9.00900013888722,35.54887647822667,51.864009775527265,7.853504931478605,5.77144882962024,0.26789333834897305,23.85408699615355,0.8548378402623039,-44.453345155902454,63.22918182221965
Baricitinib_8,CCS(=O)(=O)N1CC(C1)(CC#N)N2C=C(C=N2)C3=C4C=CNC4=NC=N3,363.65014483146444,-0.3761041637083615,16,7,2,4,1,25,8,-8.228037279692971,0.4253577739993356,48.6584634427376,-9.25215702543138,37.81833728601056,49.73131223105568,4.553792009377181,5.037560627023743,0.3472578257396052,28.29309346093052,0.9367703303303108,-39.146919018004816,61.63555172999645
Baricitinib_9,CCS(=O)(=O)N1CC(C1)(CC#N)N2C=C(C=N2)C3=C4C=CNC4=NC=N3,352.16769107292225,-0.7401867912549658,16,7,2,4,1,25,8,-8.790562195867478,0.9724584091688906,22.65641506960798,-9.558599666723198,43.02823137393171,41.49297041267663,5.7197037943219495,3.302273947881281,0.27656764478766566,29.77727948424772,1.0882184382974203,-44.29480078710351,59.39702730376733
Oseltamivir_0,CCC(CC)OC1C=C(CC(C1NC(=O)C)N)C(=O)OCC,321.894283095512,1.0760181293687667,16,2,4,2,1,22,3,-9.080434734683204,1.0723312252601653,37.660405258103665,-10.251313611472861,49.173450754135025,71.88233199680872,5.112741105242461,6.15886211823689,0.2931619084165579,24.291595993606407,0.5877869014128604,-46.48807873409879,63.595023530170295
Oseltamivir_1,CCC(CC)OC1C=C(CC(C1NC(=O)C)N)C(=O)OCC,318.7741568882313,1.4951177407065366,16,2,4,2,1,22,3,-8.503832427718654,1.4583810845217196,34.62587073623946,-9.33282250141642,44.825986429865495,61.895418090720675,7.873714062188231,6.893768920526272,0.32463381901068017,27.637417771071362,0.4784349561703566,-28.7287886445471,61.56388401455676
Oseltamivir_2,CCC(CC)OC1C=C(CC(C1NC(=O)C)N)C(=O)OCC,318.85482444281655,0.785195567867468,16,2,4,2,1,22,3,-8.895004523250812,1.7875670438067592,18.914081622427595,-9.883959710083689,51.54986071469558,61.826277041983154,10.79416174257987,8.378070662165475,0.2150672557677279,25.66443550917392,0.3,-45.9380882855565,74.42997578708781
Oseltamivir_3,CCC(CC)OC1C=C(CC(C1NC(=O)C)N)C(=O)OCC,318.1561701416452,1.1303021332491583,16,2,4,2,1,22,3,-8.201164003001127,1.0142601412367627,42.66010878805352,-9.042540405668085,45.96552860514302,75.21638148644654,2.483614734291619,5.261378666516313,0.30840001593110766,23.63499493034574,0.5646918949134295,-31.66368530275922,61.98979899797087
Oseltamivir_4,CCC(CC)OC1C=C(CC(C1NC(=O)C)N)C(=O)OCC,309.97619958777807,1.2129395824945255,16,2,4,2,1,22,3,-8.002926835147456,2.3193998330582426,48.19656766618298,-9.127233613126878,49.53506562448542,69.39673823090607,9.339405279237596,9.120671512579248,0.260248137285815,29.215743634953494,0.5403678393797617,-41.70775567728485,61.48060569915694
Oseltamivir_5,CCC(CC)OC1C=C(CC(C1NC(=O)C)N)C(=O)OCC,326.0799421156024,1.3284906771616134,16,2,4,2,1,22,3,-9.354613756617061,1.227705734415424,21.10805505203672,-10.536131462701098,39.41821705311999,69.70725358247282,7.201211637617892,9.825946976719491,0.2041794614048864,24.25722743056864,0.6670432973156369,-44.16191065738598,71.74513359601971
Oseltamivir_6,CCC(CC)OC1C=C(CC(C1NC(=O)C)N)C(=O)OCC,304.3019380527528,1.1650219928590162,16,2,4,2,1,22,3,-9.104671169749587,1.850909423188274,23.345150778788273,-10.077655018411424,51.24843975876321,62.037144849665374,3.1681499547507306,9.277728037510187,0.2952474869050151,25.010800592658534,0.6874163452922099,-33.40760995582215,67.44368408464587
Oseltamivir_7,CCC(CC)OC1C=C(CC(C1NC(=O)C)N)C(=O)OCC,317.03941801040713,0.7880247346154162,16,2,4,2,1,22,3,-8.973327953075136,2.1766510404578785,41.699654159169924,-9.816655030849242,62.258415570901974,66.14035212812982,1.0811052911319043,7.68695348542795,0.19080731062286832,22.603620486495394,0.7779071236724261,-33.043789290543515,73.04295744900996
Oseltamivir_8,CCC(CC)OC1C=C(CC(C1NC(=O)C)N)C(=O)OCC,327.84783121860295,1.1930443341867842,16,2,4,2,1,22,3,-8.47307685302861,2.0423543433947624,38.417060565280664,-9.769939084902862,45.3255084345888,72.43424347075087,4.391155554176657,8.944064887814056,0.18895872444322834,23.175881084420645,0.8430605646969009,-41.25647317257327,70.33298805765261
Oseltamivir_9,CCC(CC)OC1C=C(CC(C1NC(=O)C)N)C(=O)OCC,314.8264037766468,1.203487666596455,16,2,4,2,1,22,3,-8.527288547266744,1.4855994279396023,44.07272585987227,-9.825357589104177,47.25181907192699,55.042749483439245,8.541752310281549,7.001283708215107,0.36124329761674595,22.66872389108473,0.6790009635957739,-31.8986044262276,67.97736297997132
Zanamivir_0,CC(=O)NC1C(C=C(OC1C(C(CO)O)O)C(=O)O)N=C(N)N,325.4377101443725,-3.265980633826125,12,4,7,2,1,23,4,-8.974701905839543,0.6408168328544879,27.439028805128572,-9.779672259731505,29.770255582888463,24.619204340712383,14.197046132425214,0.5,0.2681527057061691,29.31579226285347,0.6277869705955771,-34.26115721808186,65.29314860873872
Zanamivir_1,CC(=O)NC1C(C=C(OC1C(C(CO)O)O)C(=O)O)N=C(N)N,335.1848908490875,-3.112230639137802,12,4,7,2,1,23,4,-8.092900644519426,-0.23574873759984977,40.57521176254956,-8.951502775975912,32.89295270360141,16.45270540536636,20.269877699002564,2.1959423910507057,0.26243821850676413,24.5886350331721,0.35752319675698474,-39.98263645843297,71.52873443494015
Zanamivir_2,CC(=O)NC1C(C=C(OC1C(C(CO)O)O)C(=O)O)N=C(N)N,317.64919889663776,-3.6193984862428756,12,4,7,2,1,23,4,-8.236714379700459,-0.02331350418823408,30.026651549677286,-9.52099635458122,34.56568123455602,10.498685075497187,15.677103142554344,0.5,0.21003150823992123,19.115759159504243,0.792244312985892,-41.36036171711139,66.0480873049693
Zanamivir_3,CC(=O)NC1C(C=C(OC1C(C(CO)O)O)C(=O)O)N=C(N)N,322.77822734943624,-3.453021200928,12,4,7,2,1,23,4,-9.051908960460647,0.17802506186628297,34.12022810460718,-9.914204023269209,20.0,19.828503517105755,16.11392276822507,0.5,0.24842292832430662,28.558892542110186,0.9654845191422601,-42.45840622424235,66.12700974826075
Zanamivir_4,CC(=O)NC1C(C=C(OC1C(C(CO)O)O)C(=O)O)N=C(N)N,349.7828984813237,-3.6477421207139766,12,4,7,2,1,23,4,-9.319381870781555,-0.1923473668924075,27.524189045145242,-10.163742913330777,41.32469284479761,22.47721119165945,14.64349811695469,0.5,0.11212132031968625,29.030753014015623,0.8050840755886522,-44.43416526871729,78.75639350118995
Zanamivir_5,CC(=O)NC1C(C=C(OC1C(C(CO)O)O)C(=O)O)N=C(N)N,316.87383139551736,-3.5487531712650657,12,4,7,2,1,23,4,-8.588189978611242,-0.1764299802235899,45.87903859922919,-9.299411724312893,36.4409460885205,31.00031743697462,10.94473173049225,0.5,0.16550424310216308,27.36029135830553,0.6098980563801929,-48.178418993972514,75.53787193209645
Zanamivir_6,CC(=O)NC1C(C=C(OC1C(C(CO)O)O)C(=O)O)N=C(N)N,318.940981606531,-2.754301852999718,12,4,7,2,1,23,4,-8.297975394926853,-0.19021667465621966,50.670842313645515,-9.261241721957338,28.782140905108015,25.139638798783775,15.994049500991718,1.140086214526288,0.2421554110971946,24.026460072238137,0.3868241640590415,-38.511182164475535,63.93176024564622
Zanamivir_7,CC(=O)NC1C(C=C(OC1C(C(CO)O)O)C(=O)O)N=C(N)N,318.8982541372918,-3.3697849351285027,12,4,7,2,1,23,4,-9.234963057220993,0.4368668393269959,35.13802244002429,-10.287903732270287,20.0,29.599434088041583,20.880086409135096,0.5,0.19693318627187661,24.762985664152065,1.0007147728834058,-45.919673124506645,64.60695181084996
Zanamivir_8,CC(=O)NC1C(C=C(OC1C(C(CO)O)O)C(=O)O)N=C(N)N,343.3344740370131,-2.7355233460991886,12,4,7,2,1,23,4,-9.095127258532953,0.21241212258923936,24.841450966028503,-9.868429211641729,32.40219365542228,12.140673530426744,17.356929331441478,0.5,0.22430933765380207,38.26700169995087,0.6848695095830583,-45.88946428460773,73.68388483983502
Zanamivir_9,CC(=O)NC1C(C=C(OC1C(C(CO)O)O)C(=O)O)N=C(N)N,344.0404540175302,-3.3832383229324736,12,4,7,2,1,23,4,-8.265649688691534,0.2183277801254453,28.131718323383023,-9.08993703727123,39.603478545983776,39.63258220974036,17.947744197143944,0.5,0.297384151420089,25.76599347068104,0.8925496181020891,-36.388934668293764,61.4965286497959
Peramivir_0,CC1C2C(C(=O)N2C(=C1SC3CC(NC3)C(=O)NC4=CC=CC(=C4)C(=O)O)C(=O)O)C(C)O,494.8644127614599,-1.332080001196373,22,3,7,4,1,32,8,-9.42576888549813,1.3592148821486496,30.586179495112354,-10.135656001868997,20.0,41.28081229406403,1.8646322619519413,5.790948131186922,0.4697929126288239,26.315582628697193,0.835977392726921,-38.64197276491537,55.531069350144385
Peramivir_1,CC1C2C(C(=O)N2C(=C1SC3CC(NC3)C(=O)NC4=CC=CC(=C4)C(=O)O)C(=O)O)C(C)O,488.2625405544662,-1.4592062450144556,22,3,7,4,1,32,8,-9.092006909880913,0.2489323429436775,54.787110332185755,-10.135513097128545,23.32435898124867,54.00908841251801,12.498690926055842,6.103016346427151,0.38295648249577496,31.36325149202363,0.7394497666627479,-42.6756084222152,57.60910142569135
Peramivir_2,CC1C2C(C(=O)N2C(=C1SC3CC(NC3)C(=O)NC4=CC=CC(=C4)C(=O)O)C(=O)O)C(C)O,461.17887959043975,-1.6520585884178334,22,3,7,4,1,32,8,-9.205364197934967,0.4715251697756226,38.35671595731259,-10.012382059308685,20.0,39.64742410324454,8.620983639683327,4.898013875402236,0.3167015550519211,28.566614600801415,1.0919177980546175,-42.08778895073297,60.35771740537719
Peramivir_3,CC1C2C(C(=O)N2C(=C1SC3CC(NC3)C(=O)NC4=CC=CC(=C4)C(=O)O)C(=O)O)C(C)O,482.9530878674439,-1.9303588518375943,22,3,7,4,1,32,8,-8.815526468358119,1.1232395054449598,45.55590339526697,-9.74296932787106,20.0,52.49648718518368,3.435139061845855,5.751210180673219,0.3654568863471208,26.970906842793774,0.956531461098575,-49.157304829231485,59.7226122036935
Peramivir_4,CC1C2C(C(=O)N2C(=C1SC3CC(NC3)C(=O)NC4=CC=CC(=C4)C(=O)O)C(=O)O)C(C)O,487.03789373013194,-1.3350150965240046,22,3,7,4,1,32,8,-8.40232215576394,1.2836058883586796,28.597182280940594,-9.200097480618176,25.41898648728622,33.74216255802601,5.109138738639236,8.82160799811657,0.3166501004363879,27.87473440361488,1.0340562471094776,-40.71137971335777,62.014367709466015
Peramivir_5,CC1C2C(C(=O)N2C(=C1SC3CC(NC3)C(=O)NC4=CC=CC(=C4)C(=O)O)C(=O)O)C(C)O,485.0961648306772,-1.0819234478008495,22,3,7,4,1,32,8,-8.530430286349006,1.360792546058745,46.33929247623336,-9.494165907760742,23.508435650738317,43.44893002893941,1.8064120859880761,7.157911338573945,0.36064760846898675,21.895036101658143,1.1277049888276762,-44.798362075165635,55.87354667262478
Peramivir_6,CC1C2C(C(=O)N2C(=C1SC3CC(NC3)C(=O)NC4=CC=CC(=C4)C(=O)O)C(=O)O)C(C)O,455.9961614510926,-1.5312320345354942,22,3,7,4,1,32,8,-8.560055994325735,1.2875125151986813,31.198729218475908,-9.313593897339386,24.756552404437514,49.43293987210443,1.9236838938662144,7.115714232350064,0.33986849441096423,33.817945478838865,0.9821833943041155,-33.049305593327325,58.67887182780418
Peramivir_7,CC1C2C(C(=O)N2C(=C1SC3CC(NC3)C(=O)NC4=CC=CC(=C4)C(=O)O)C(=O)O)C(C)O,459.25429139293425,-1.0903731805634076,22,3,7,4,1,32,8,-8.59189789114,0.8975362264466382,31.399512308344686,-9.71194642423581,20.0,52.1124607357886,9.861840117745777,4.734851562925057,0.35822558050716613,30.86592293816701,1.218968596225457,-47.00435723551287,56.45486422451796
Peramivir_8,CC1C2C(C(=O)N2C(=C1SC3CC(NC3)C(=O)NC4=CC=CC(=C4)C(=O)O)C(=O)O)C(C)O,479.16788649225305,-1.2973662269144837,22,3,7,4,1,32,8,-9.14380039440712,1.2439301989751332,54.66915601129069,-10.100736983178125,20.0,49.93300255624726,2.767772950617729,1.2824842062870858,0.39222679664291565,36.08034846636612,0.8015754258913365,-39.810828841613784,63.63336531500234
Peramivir_9,CC1C2C(C(=O)N2C(=C1SC3CC(NC3)C(=O)NC4=CC=CC(=C4)C(=O)O)C(=O)O)C(C)O,465.6756632336739,-1.6381469067948613,22,3,7,4,1,32,8,-8.49615020256221,0.768545666318686,23.678992112333905,-9.565443405975323,27.63707226792024,61.877541739982505,4.202342562702991,5.190159613568971,0.39424093546869,30.7601240712041,1.3837078020011153,-45.0978476189211,54.469937834870535
Baloxavir marboxil_0,CCCCOC(=O)N1CC(C1)C(C2=CC3=C(C=C2)N=C(C(=C3Cl)CN4CCC(CC4)C(F)(F)F)OC)(C5=CN=NN5C)O,625.6067090382567,4.193488823208122,30,6,4,4,1,40,8,-9.00874003250977,2.0351397849202426,28.10296390213271,-10.142651447834988,20.0,99.0,1.0,20.133861927379208,0.3707886543133918,29.029794002140278,0.7568002752595525,-49.795742157991995,51.58548867248073
Baloxavir marboxil_1,CCCCOC(=O)N1CC(C1)C(C2=CC3=C(C=C2)N=C(C(=C3Cl)CN4CCC(CC4)C(F)(F)F)OC)(C5=CN=NN5C)O,621.9731271415533,4.311021075265546,30,6,4,4,1,40,8,-9.697630579149225,2.5621892285224543,25.985710671830862,-10.627390669478544,26.76475223011572,99.0,1.0,20.7657642771972,0.36773224910026375,42.46476274301203,0.7969202268981526,-52.33255615114921,52.52019844540281
Baloxavir marboxil_2,CCCCOC(=O)N1CC(C1)C(C2=CC3=C(C=C2)N=C(C(=C3Cl)CN4CCC(CC4)C(F)(F)F)OC)(C5=CN=NN5C)O,635.1471219123367,3.9710076645332557,30,6,4,4,1,40,8,-9.661416503834833,3.0377156333669513,46.818208563628154,-10.775792873117163,20.0,99.0,1.0,20.407428631731065,0.353240134271375,31.29523109833885,0.3,-52.24143261155143,54.630299643834185
Baloxavir marboxil_3,CCCCOC(=O)N1CC(C1)C(C2=CC3=C(C=C2)N=C(C(=C3Cl)CN4CCC(CC4)C(F)(F)F)OC)(C5=CN=NN5C)O,634.0589222186438,4.0205584164036905,30,6,4,4,1,40,8,-8.420270021122857,2.498823604420643,60.17102846475701,-9.319126433089108,20.0,97.77880738045722,1.0,18.41657373543148,0.367609147813909,37.69285769302623,0.9489513383229077,-38.9153969149252,51.12639595021132
Baloxavir marboxil_4,CCCCOC(=O)N1CC(C1)C(C2=CC3=C(C=C2)N=C(C(=C3Cl)CN4CCC(CC4)C(F)(F)F)OC)(C5=CN=NN5C)O,631.1916659436777,4.745604362989907,30,6,4,4,1,40,8,-9.653679960928763,2.066332433200329,43.86069890191055,-10.868397686652688,20.0,99.0,1.0,14.850051909004724,0.33923042127961855,35.23137960456446,0.8652729195527821,-53.753095548344845,58.5009794099326
Baloxavir marboxil_5,CCCCOC(=O)N1CC(C1)C(C2=CC3=C(C=C2)N=C(C(=C3Cl)CN4CCC(CC4)C(F)(F)F)OC)(C5=CN=NN5C)O,617.8546727328455,4.482198746594114,30,6,4,4,1,40,8,-9.33873924000384,2.611563282751889,49.4206648957773,-10.473510535450588,20.0,99.0,1.0,21.39868060012866,0.354164340936719,36.01477451711943,0.9111595896311743,-48.0265006673681,55.59782517334207
Baloxavir marboxil_6,CCCCOC(=O)N1CC(C1)C(C2=CC3=C(C=C2)N=C(C(=C3Cl)CN4CCC(CC4)C(F)(F)F)OC)(C5=CN=NN5C)O,621.4851557958093,4.211217495063394,30,6,4,4,1,40,8,-8.856758635156442,2.868277916867016,50.725434505752986,-9.74371562406116,20.0,99.0,1.0,18.183907939422532,0.3512649524573796,37.97864212907736,1.2502546920780604,-38.44861548667599,49.41138651299451
Baloxavir marboxil_7,CCCCOC(=O)N1CC(C1)C(C2=CC3=C(C=C2)N=C(C(=C3Cl)CN4CCC(CC4)C(F)(F)F)OC)(C5=CN=NN5C)O,620.4682685194321,3.938996012574912,30,6,4,4,1,40,8,-9.315680959602515,2.875335540845702,37.0857491279016,-10.48494542704952,20.0,99.0,1.0,16.99454296015671,0.38786971888987115,32.964642611716336,0.8298802707563906,-44.53130259839156,51.42818188580081
Baloxavir marboxil_8,CCCCOC(=O)N1CC(C1)C(C2=CC3=C(C=C2)N=C(C(=C3Cl)CN4CCC(CC4)C(F)(F)F)OC)(C5=CN=NN5C)O,620.5204761894769,4.240387104254506,30,6,4,4,1,40,8,-8.346433686379015,2.548646806586971,28.902997458527764,-9.632422428582103,20.0,99.0,1.0,18.022789363941683,0.4015143868922034,33.52472204097596,1.2346157069570416,-41.53752378452559,46.396377869774604
Baloxavir marboxil_9,CCCCOC(=O)N1CC(C1)C(C2=CC3=C(C=C2)N=C(C(=C3Cl)CN4CCC(CC4)C(F)(F)F)OC)(C5=CN=NN5C)O,615.9099076852314,4.8664173858664075,30,6,4,4,1,40,8,-9.11211141102138,2.1978842314343976,44.65045941432045,-10.087088523575376,22.301084629051388,99.0,1.0,15.011634531694526,0.33953297667996557,31.708864992367044,0.6581401499735963,-47.289164737009465,52.2119870885984
Amantadine_0,C1C2CC3CC1CC(C2)(C3)N,150.27184149947306,2.443024583957663,10,1,0,4,1,11,0,-8.556563239375066,1.820915558545761,36.24370403974784,-9.773045218567649,83.66416334874987,69.66992326730862,1.0,8.118616556239779,0.42171464841659523,29.154818388310943,0.5033069596955217,-34.49275684131766,67.02399857022284
Amantadine_1,C1C2CC3CC1CC(C2)(C3)N,169.01168375301592,2.0487959694051154,10,1,0,4,1,11,0,-8.061624604154813,2.7460432707482703,49.40318443748968,-8.92833866288127,72.76400822847933,85.71129059951478,8.243949460412686,9.306726079008206,0.3470842382955771,22.397936336409,0.7939610871430363,-31.888638967339,61.360032049841415
Amantadine_2,C1C2CC3CC1CC(C2)(C3)N,170.47957374333717,2.3075842085738167,10,1,0,4,1,11,0,-8.41401340759809,2.7714810672440278,32.36129743892587,-9.195884894089362,64.4285876589656,87.12037200571194,5.232803097412143,7.383092322702361,0.336883601964492,26.81918094411184,0.3,-20.717310962092387,67.33779387411971
Amantadine_3,C1C2CC3CC1CC(C2)(C3)N,132.01464377719057,2.376843468317817,10,1,0,4,1,11,0,-8.961278383159454,2.4467916919820762,35.96615805822293,-9.687650096992295,74.4099445706458,75.44629263754139,7.496180149039464,8.300808439294638,0.4233551715100199,23.695655460552018,0.3,-35.315609649989014,66.55851021237454
Amantadine_4,C1C2CC3CC1CC(C2)(C3)N,161.38711689027878,2.668922782107641,10,1,0,4,1,11,0,-8.75158306364584,2.3840604365473426,40.72629726148432,-9.970921986000967,68.43546632729357,65.98805468168857,6.069848326230104,10.415411944765518,0.41432291893547096,23.373770251817742,1.079949582872107,-35.17544081900857,61.04296813487645
Amantadine_5,C1C2CC3CC1CC(C2)(C3)N,163.5794084003689,2.847688025964471,10,1,0,4,1,11,0,-8.707810773505082,2.4491738991933794,46.861857587109284,-9.639648304962607,75.45336272336971,76.81282992600752,5.304376046316846,8.364491072112473,0.3294215344263442,18.620715471531042,0.8212538601100906,-41.54334269902014,65.35073277375824
Amantadine_6,C1C2CC3CC1CC(C2)(C3)N,144.10982804991528,2.3764369863437915,10,1,0,4,1,11,0,-7.828474712886908,2.7326728109375518,33.928063973469804,-8.948735306114584,73.29977737681112,70.48829095145447,9.927737005297214,10.565765275253117,0.28628867344821796,18.27052945716371,0.6778335594194652,-38.76341435709196,68.66866312137971
Amantadine_7,C1C2CC3CC1CC(C2)(C3)N,140.9272672126212,2.6139526325065896,10,1,0,4,1,11,0,-8.059043496724,2.260714063263766,52.18424460699236,-8.996947639097973,72.32461930613599,87.91026876670921,4.023538802642663,2.65160068835835,0.3758591439043514,28.523473297471984,1.2687317310456314,-33.93787691052287,59.03805957797171
Amantadine_8,C1C2CC3CC1CC(C2)(C3)N,131.2553877201794,2.4111291392372296,10,1,0,4,1,11,0,-8.953802191576294,2.5059377613287803,35.12503869631556,-9.941700256189844,75.25582983589383,72.95329099434002,7.873277063424016,5.152473190221764,0.3319310101122137,19.684298818976153,0.6950833710408075,-37.80343440613657,65.60778537657539
Amantadine_9,C1C2CC3CC1CC(C2)(C3)N,162.8072988710403,2.7918721448107346,10,1,0,4,1,11,0,-7.790277862791404,1.714254336731349,41.304059498228646,-9.052664089818284,78.89890333662235,83.62578611734108,5.348609352867298,7.374392021849488,0.35148036522783344,15.93794487753571,0.6647087489439805,-36.29221581888891,65.08753758364735
Rimantadine_0,CC(C12CC3CC(C1)CC(C3)C2)N,171.22208834557773,2.2053649222508565,12,1,0,4,1,13,0,-8.410726129364795,2.7315813824482547,28.678722158527712,-9.13227907947073,71.71431174699815,74.92393073910735,1.0,9.172691675627393,0.43780407347166367,25.82771875182351,1.1690829389091115,-30.71225090842809,60.944577168663244
Rimantadine_1,CC(C12CC3CC(C1)CC(C3)C2)N,190.00270514071673,2.516504431903879,12,1,0,4,1,13,0,-8.932735795017404,2.3328904988805403,15.51344049573185,-10.016705515476817,71.37407853702798,79.59022367085278,8.131620246787344,6.553540367732916,0.25185761900980475,19.920709744890807,0.48714948247488227,-41.52164416830617,69.54585809256524
Rimantadine_2,CC(C12CC3CC(C1)CC(C3)C2)N,185.09330416089256,2.4951309076115034,12,1,0,4,1,13,0,-8.993269830224635,2.6421886683465097,22.065762187946323,-9.898857740922558,75.58305893710134,78.97988570771632,8.339441851723638,7.297535533919689,0.2889787283658634,25.394415774957256,0.9632593663180232,-43.73333709268609,66.7284715909312
Rimantadine_3,CC(C12CC3CC(C1)CC(C3)C2)N,179.01458337789788,2.504289747254869,12,1,0,4,1,13,0,-8.829810324923926,1.6654895790077464,49.19460010544697,-9.957364567044579,76.01467392207385,75.23308798308646,5.839621281783117,9.523088350791442,0.316557293877593,25.086154524537648,0.7045454138123282,-39.712240876395796,66.23154257109779
Rimantadine_4,CC(C12CC3CC(C1)CC(C3)C2)N,164.10828916482305,2.365582832958606,12,1,0,4,1,13,0,-8.556406517618141,2.259364179025189,13.982952845113426,-9.57794942194604,70.49982946406024,83.96295292140168,2.785561554073465,11.669893389337744,0.4024357324387288,24.99560004568888,1.0037223957620112,-37.377542782002614,63.27426708094161
Rimantadine_5,CC(C12CC3CC(C1)CC(C3)C2)N,175.2202117181801,2.4029157288331926,12,1,0,4,1,13,0,-7.786328545049943,1.8066295828375138,44.51167495674686,-8.775552228422397,73.34657066870689,69.67314339476879,1.9254242027426791,9.770771682473034,0.36921105175946756,22.816223800338776,0.983869532120053,-35.5113254533738,67.22948469153968
Rimantadine_6,CC(C12CC3CC(C1)CC(C3)C2)N,182.43193597681443,2.24696270958821,12,1,0,4,1,13,0,-7.858542288431549,1.7090197119072155,23.450145399120984,-8.868096046605428,69.50822797783965,92.87776132582414,6.390659464887885,9.902651811437368,0.30365842840803764,19.657411510699234,0.7945139714812415,-36.272744637507365,65.00271630677311
Rimantadine_7,CC(C12CC3CC(C1)CC(C3)C2)N,165.19212177115884,2.107841590771917,12,1,0,4,1,13,0,-8.976685654900207,2.3205987274122597,29.11262824507982,-9.872207477578568,73.17595530362563,73.09913991031729,2.5552664232561506,8.973210281786038,0.3899845853889834,26.07219520921355,0.8283804101622328,-40.75598023587504,66.56823637321494
Rimantadine_8,CC(C12CC3CC(C1)CC(C3)C2)N,161.05599770572022,2.265749779820156,12,1,0,4,1,13,0,-8.706382685343744,2.038176804782294,18.95699403609102,-9.431622212709682,62.34919486440971,81.06392463116579,12.398818657688917,9.454849689119996,0.3571647149165919,20.693075451615435,0.8105633612040906,-31.211288367992324,55.061420966449376
Rimantadine_9,CC(C12CC3CC(C1)CC(C3)C2)N,198.5471134704918,2.2901076497837276,12,1,0,4,1,13,0,-8.428312458112837,1.6804448647785584,15.58516114638715,-9.222122659681743,78.05466850648163,76.1520446376107,8.09365980931216,6.245001296232505,0.38977529997076377,30.22009563600455,0.4696321757165151,-36.01471899439937,65.27741781457614
Laninamivir_0,C1=CC=C(C=C1)CC(C(=O)CNC(=O)C2=CC=CC=C2)NC(=O)C3=CC(=CC=C3)NS(=O)(=O)C4=CC5=CC=CC=C5C=C4,594.3034124981103,5.971626910978608,34,3,5,4,1,42,19,-9.528892674432575,3.761848190669429,59.58206371280883,-10.252811311789307,30.266936030965176,99.0,1.0,21.771994569742148,0.4568840721560038,33.142099118805085,1.039482748922826,-55.08193548708611,48.32221734169643
Laninamivir_1,C1=CC=C(C=C1)CC(C(=O)CNC(=O)C2=CC=CC=C2)NC(=O)C3=CC(=CC=C3)NS(=O)(=O)C4=CC5=CC=CC=C5C=C4,590.9356058641204,5.862434011701068,34,3,5,4,1,42,19,-9.088343496803912,2.4181546751641614,22.19553876317169,-10.174125890421905,30.49953138940188,99.0,1.0,22.56091612464682,0.3440621500250126,32.025545694676275,0.925346294055419,-49.036972667418624,54.399650984968105
Laninamivir_2,C1=CC=C(C=C1)CC(C(=O)CNC(=O)C2=CC=CC=C2)NC(=O)C3=CC(=CC=C3)NS(=O)(=O)C4=CC5=CC=CC=C5C=C4,597.9652429483151,5.440398912893507,34,3,5,4,1,42,19,-8.517753935397227,2.8333274083637487,37.74746502008628,-9.266035320603597,24.890634808392868,99.0,1.0,19.59540286852259,0.27333966909863583,37.935769045061974,0.6687233555021375,-40.617887745775064,50.44009824854756
Laninamivir_3,C1=CC=C(C=C1)CC(C(=O)CNC(=O)C2=CC=CC=C2)NC(=O)C3=CC(=CC=C3)NS(=O)(=O)C4=CC5=CC=CC=C5C=C4,582.9998426389142,5.553050391600302,34,3,5,4,1,42,19,-8.627389418602238,3.777358630013156,25.90614731798148,-9.623814673961279,32.60048669149654,99.0,1.0,21.008038906230468,0.39588731569029084,41.81147662377622,0.3993580455565727,-36.92349479956583,55.69096695320553
Laninamivir_4,C1=CC=C(C=C1)CC(C(=O)CNC(=O)C2=CC=CC=C2)NC(=O)C3=CC(=CC=C3)NS(=O)(=O)C4=CC5=CC=CC=C5C=C4,604.1351432403168,6.035825927910516,34,3,5,4,1,42,19,-9.681141453799876,3.8196847697256087,57.53632909945898,-10.729472657425488,27.499754398112323,99.0,1.0,20.77207210430789,0.3040469944460107,35.360241816214156,1.0820091443391964,-51.32837478360477,49.5591928286514
Laninamivir_5,C1=CC=C(C=C1)CC(C(=O)CNC(=O)C2=CC=CC=C2)NC(=O)C3=CC(=CC=C3)NS(=O)(=O)C4=CC5=CC=CC=C5C=C4,610.6231265188934,5.426125331249672,34,3,5,4,1,42,19,-8.838286549673407,3.4404270862106934,52.678912634075466,-9.745496137553834,29.132240733982467,99.0,1.0,19.787890337984656,0.36259053301158434,35.29642021986763,0.711917103282264,-49.23168659450169,54.232982797549184
Laninamivir_6,C1=CC=C(C=C1)CC(C(=O)CNC(=O)C2=CC=CC=C2)NC(=O)C3=CC(=CC=C3)NS(=O)(=O)C4=CC5=CC=CC=C5C=C4,586.5376403263107,6.10194019674915,34,3,5,4,1,42,19,-8.796298079454422,2.8559137683825413,31.050666484694,-10.095413786202634,31.53436641478251,99.0,1.0,21.721432585707902,0.2803763302271368,31.19545567637166,1.2184179169414908,-50.5910199735161,53.99191792484796
Laninamivir_7,C1=CC=C(C=C1)CC(C(=O)CNC(=O)C2=CC=CC=C2)NC(=O)C3=CC(=CC=C3)NS(=O)(=O)C4=CC5=CC=CC=C5C=C4,609.7888714279038,5.2424222982068915,34,3,5,4,1,42,19,-9.55004027954211,3.877287604143714,52.00393038728323,-10.614123158925356,30.447804466259477,99.0,1.0,20.966886285130048,0.32625338058462033,30.58393665948802,0.9792522176026218,-46.60817001372502,60.41934578386787
Laninamivir_8,C1=CC=C(C=C1)CC(C(=O)CNC(=O)C2=CC=CC=C2)NC(=O)C3=CC(=CC=C3)NS(=O)(=O)C4=CC5=CC=CC=C5C=C4,608.5397808438631,5.894595427253286,34,3,5,4,1,42,19,-8.7379892063332,3.3023308189497365,33.69639648823723,-9.609334707890454,26.217643640238236,99.0,1.0,24.0,0.3970028196234758,33.17292781083273,1.023452234227505,-41.01367969596362,49.29934098219008
Laninamivir_9,C1=CC=C(C=C1)CC(C(=O)CNC(=O)C2=CC=CC=C2)NC(=O)C3=CC(=CC=C3)NS(=O)(=O)C4=CC5=CC=CC=C5C=C4,586.9207083947958,5.363035336931591,34,3,5,4,1,42,19,-9.433471592483725,3.6925363556810185,32.796863573687645,-10.249229050163704,37.113556779561605,99.0,1.0,21.675252461240454,0.40561349184227236,35.73680575032183,1.330674150380075,-48.261866464080136,56.22226991422567
Favipiravir_0,C1=C(N=C(C(=O)N1)C(=O)N)F,144.2702244763116,-0.29999651823631857,5,3,2,2,1,10,4,-8.879308478391588,1.4016658981133872,28.516201540965394,-10.16419243001605,55.973131266595956,44.28576639354713,17.88714949055936,3.9141600322131325,0.2583666194023938,20.68766617729527,0.6081535236688737,-41.31883961093359,72.86051860053301
Favipiravir_1,C1=C(N=C(C(=O)N1)C(=O)N)F,159.96983932574994,-0.2671696232117289,5,3,2,2,1,10,4,-8.529060613577817,0.8948305229849449,18.410601143163742,-9.30988315823247,65.66736472194695,43.31130035193277,12.627672707870639,4.150707823827988,0.21373270133737685,24.728316964757916,0.8086487541941184,-33.19839583830888,70.11032032697146
Favipiravir_2,C1=C(N=C(C(=O)N1)C(=O)N)F,164.51775532887606,-0.767543842851288,5,3,2,2,1,10,4,-9.05913059072189,0.31823515721608026,40.1027967623517,-10.328029111250054,54.6813238355084,50.41122249184537,12.127885475453787,0.5,0.1572153740224388,24.93932492853113,0.4082644523560689,-31.067883813305066,74.01700348506418
Favipiravir_3,C1=C(N=C(C(=O)N1)C(=O)N)F,154.38075710378024,-0.11963125905781491,5,3,2,2,1,10,4,-7.784878484220074,0.8608815705192204,50.91994330777213,-8.699837845840937,55.025710212035264,56.08119052721969,19.56149768967878,2.0442127084218287,0.16703094902923143,18.834710784078325,0.7388402277638622,-38.458308567933344,65.4503351183345
Favipiravir_4,C1=C(N=C(C(=O)N1)C(=O)N)F,147.8413502427043,-0.8125383351027499,5,3,2,2,1,10,4,-7.8012538200257335,1.0780514915708925,20.316587280488417,-8.518847892779887,62.410496428971165,39.74813484585357,17.88659523337436,4.834248669447505,0.14102394022142864,16.77052798780179,0.3,-36.95513495213743,74.50699941977409
Favipiravir_5,C1=C(N=C(C(=O)N1)C(=O)N)F,165.36519479514837,-0.4899925829205143,5,3,2,2,1,10,4,-8.685134095211836,1.7528059975498385,37.287488022375,-9.938946414972856,56.31427390150735,42.76855932330188,14.401034669021842,6.1106541805970735,0.30035638592285074,15.29024648086104,0.8646630206031605,-33.18355360838939,63.43548078684018
Favipiravir_6,C1=C(N=C(C(=O)N1)C(=O)N)F,155.1101698457156,-0.14241898491618266,5,3,2,2,1,10,4,-8.169361091320473,0.7066443806460987,37.048731308108124,-8.94970371115346,66.31988137619761,49.86671373120398,16.388087762784433,0.5,0.28569921866440573,25.16693139828252,0.5727147222135681,-35.394829114351204,65.7110925096981
Favipiravir_7,C1=C(N=C(C(=O)N1)C(=O)N)F,166.03791271400004,-1.0909458384196289,5,3,2,2,1,10,4,-8.298552976463652,1.5597024099966401,20.683624229970043,-9.195076677648634,66.13377378008917,46.9535827930061,14.692937226291493,3.214365844081883,0.2148569868916654,19.962681045884757,0.8828865026092694,-37.8780330920457,67.02163537805906
Favipiravir_8,C1=C(N=C(C(=O)N1)C(=O)N)F,166.4093389914466,-0.49326827528256356,5,3,2,2,1,10,4,-8.584180984227046,1.2199375273310686,38.649529875837416,-9.73896773623852,61.047626147243285,49.24989772264848,16.098672387040484,2.294934399367356,0.1941450500540135,17.72640721930639,0.34593337614427505,-40.99583497806041,73.05179814883311
Favipiravir_9,C1=C(N=C(C(=O)N1)C(=O)N)F,157.9579609666752,-1.031541280666422,5,3,2,2,1,10,4,-8.70930750289712,0.4217237678043588,51.20162840707148,-9.506212402591306,59.98370005444624,51.13948088242347,16.632006812757822,2.9156605358321745,0.27046745425131946,22.41756723929406,0.3,-32.99144968964212,73.77961317954566
Ribavirin_0,C1=NC(=NN1C2C(C(C(O2)CO)O)O)C(=O)N,241.90182059258981,-1.6506776754231183,8,4,5,4,1,17,3,-8.396669407645192,1.281149912695036,38.261956390297044,-9.373670241691764,45.145069836825094,25.8356431747698,15.643455786814629,2.895625010252287,0.3551233479744282,29.790185510426994,0.47858478970076584,-34.37208451542271,65.94116729442209
Ribavirin_1,C1=NC(=NN1C2C(C(C(O2)CO)O)O)C(=O)N,250.4069485809735,-2.0397634020147706,8,4,5,4,1,17,3,-9.24442093220339,-0.003990480087068593,47.873729493880305,-10.368991065956074,57.671889531036484,33.78695480168388,14.595766346203286,1.5032768410848205,0.2706830088567838,23.92179187276591,0.6308606211705784,-43.69329784081242,78.26825725256973
Ribavirin_2,C1=NC(=NN1C2C(C(C(O2)CO)O)O)C(=O)N,238.4754390068444,-1.946210841263564,8,4,5,4,1,17,3,-8.079238393812037,0.14069392140683967,17.703677825725787,-9.267850370871292,53.02685948025856,39.60441035655112,16.443838991658595,3.388869321065722,0.3501012475075005,21.52819591911186,0.5704929223420587,-40.69400622514293,73.80099798299308
Ribavirin_3,C1=NC(=NN1C2C(C(C(O2)CO)O)O)C(=O)N,231.9545227174757,-1.4411832288318454,8,4,5,4,1,17,3,-9.082833396859122,1.0839392724795283,27.195833267229826,-9.834560330535167,55.298397903683934,35.880365919976796,15.715638572478074,1.624286012586661,0.25570164802928985,23.057944334842084,0.5904363998789499,-39.70527649289393,82.06222339917905
Ribavirin_4,C1=NC(=NN1C2C(C(C(O2)CO)O)O)C(=O)N,244.79733399653037,-2.1386371989446165,8,4,5,4,1,17,3,-8.855411174495256,1.1568625622777056,49.234571173978885,-9.706397662295812,59.35771782414771,27.836892517392677,16.152896230434365,0.5,0.394442298983779,20.30239681119848,0.7320193971937119,-41.14709426917055,71.00030200552408
Ribavirin_5,C1=NC(=NN1C2C(C(C(O2)CO)O)O)C(=O)N,232.98215692919206,-1.3401371972865448,8,4,5,4,1,17,3,-7.965331506266034,-0.07130655034406946,21.51392707860883,-8.730818185276146,53.667272219712075,31.20736116200662,10.956485267973997,1.0184658991512592,0.35124252724387567,33.68400880252495,1.0316213722949072,-42.999413528835326,65.18574915001257
Ribavirin_6,C1=NC(=NN1C2C(C(C(O2)CO)O)O)C(=O)N,248.42551557293643,-2.182796094319767,8,4,5,4,1,17,3,-8.764450728888587,0.7353176647581439,31.515004140932877,-9.8070841288305,58.429825876858914,40.00091341896723,12.127121804370901,2.521758172244871,0.23487927971582276,23.990644883531502,0.9601238154084963,-34.686452217865195,69.06152885620286
Ribavirin_7,C1=NC(=NN1C2C(C(C(O2)CO)O)O)C(=O)N,249.33705826458348,-1.6113683706921245,8,4,5,4,1,17,3,-8.345809863348627,0.11426294722149782,42.56694588097476,-9.522058595046936,49.5034358070168,43.75160893325332,14.02813829012776,1.5289759899200568,0.2942370959349894,22.77843626511571,0.8676481217200452,-24.529273998244634,62.408689134379685
Ribavirin_8,C1=NC(=NN1C2C(C(C(O2)CO)O)O)C(=O)N,239.71304359667724,-1.4964623405373967,8,4,5,4,1,17,3,-8.219908575284073,-0.08503183501232592,43.821746494196475,-9.198514615675526,50.93552736303432,39.99727356534343,14.572638040947366,3.899637764837255,0.42149012835721084,21.47443370715801,0.49323041285616614,-38.14453748811458,59.78508106957229
Ribavirin_9,C1=NC(=NN1C2C(C(C(O2)CO)O)O)C(=O)N,233.0044530361901,-1.9494794657138383,8,4,5,4,1,17,3,-9.192661042819342,0.20520911374639378,17.56294448101086,-9.96625077093964,48.757377126923224,43.671447057642276,7.991331998046185,0.5,0.37723085128064027,28.777458682850302,0.6927962136071715,-50.40340770148674,68.43268166276144
Umifenovir_0,CCOC(=O)C1=C(N(C2=CC(=C(C(=C21)CN(C)C)O)Br)C)CSC3=CC=CC=C3,488.06060198130336,4.483713587731364,22,2,3,4,1,27,8,-8.598799910639325,2.069737183252608,34.33096797707093,-9.62025679879579,43.01033098443567,99.0,1.0,14.492128659150366,0.35659208996929076,30.61391473908217,1.049698321336607,-37.803497198966895,52.85656602628085
Umifenovir_1,CCOC(=O)C1=C(N(C2=CC(=C(C(=C21)CN(C)C)O)Br)C)CSC3=CC=CC=C3,493.7291395480129,4.658715321163921,22,2,3,4,1,27,8,-9.212939965736938,3.094287155260427,51.668082878313484,-10.202135125894163,38.934977782067804,99.0,1.0,19.57423994025038,0.401561830293618,28.86782391548607,0.6955051114933801,-42.11888213724394,56.304859928238415
Umifenovir_2,CCOC(=O)C1=C(N(C2=CC(=C(C(=C21)CN(C)C)O)Br)C)CSC3=CC=CC=C3,493.71354055534135,4.407059646738719,22,2,3,4,1,27,8,-8.935732958985453,2.9478657722084773,55.1131169576004,-9.888448906278288,33.36238048236231,99.0,1.0,16.33140820921525,0.3242849702357124,28.03164444562776,0.526323440848011,-46.416741376580326,55.06678831198054
Umifenovir_3,CCOC(=O)C1=C(N(C2=CC(=C(C(=C21)CN(C)C)O)Br)C)CSC3=CC=CC=C3,470.3804720070137,4.169511862292273,22,2,3,4,1,27,8,-8.321880571222984,2.082124170737978,47.39424580551701,-9.39220131256115,31.497164904106796,99.0,1.0,15.451830892295725,0.40939292801999744,26.27226439841875,1.1509802216898035,-39.17832558592428,49.69182161956783
Umifenovir_4,CCOC(=O)C1=C(N(C2=CC(=C(C(=C21)CN(C)C)O)Br)C)CSC3=CC=CC=C3,458.6459637117356,4.1595764492750495,22,2,3,4,1,27,8,-8.326389877607465,3.0086281050072587,28.296624519917096,-9.269207918050972,42.76587106333335,93.68781348185193,1.0,18.018761867292,0.3318280757451879,32.96810626833891,0.9618131851196936,-42.74976879139355,53.70625559761061
Umifenovir_5,CCOC(=O)C1=C(N(C2=CC(=C(C(=C21)CN(C)C)O)Br)C)CSC3=CC=CC=C3,467.3603494443636,4.476702398857757,22,2,3,4,1,27,8,-8.090514605811695,3.2854453255685385,29.28386732874122,-9.05611230406789,28.71187154163711,99.0,1.0,18.12578555087639,0.3515643916921734,29.322208854611635,1.115035480995904,-37.43676827782619,50.63306074097507
Umifenovir_6,CCOC(=O)C1=C(N(C2=CC(=C(C(=C21)CN(C)C)O)Br)C)CSC3=CC=CC=C3,466.6807272123524,3.9143814460720856,22,2,3,4,1,27,8,-8.14088387095105,2.1090435718991714,59.503704481331624,-9.244900321295503,42.30894339993492,99.0,1.0,16.279339052651597,0.3647013022852851,30.10201286239307,0.9931137964230079,-32.15670157464828,56.51715880551255
Umifenovir_7,CCOC(=O)C1=C(N(C2=CC(=C(C(=C21)CN(C)C)O)Br)C)CSC3=CC=CC=C3,487.6692066827427,4.342293805451136,22,2,3,4,1,27,8,-9.18653007965464,2.9022812939626803,50.0401049800384,-10.46316726964204,31.963904032842976,99.0,1.0,20.792040891401527,0.4178521439720157,31.637234382566916,1.154200038242694,-42.771681153134104,51.5383030338533
Umifenovir_8,CCOC(=O)C1=C(N(C2=CC(=C(C(=C21)CN(C)C)O)Br)C)CSC3=CC=CC=C3,495.0676794663212,4.067357032236782,22,2,3,4,1,27,8,-9.101095500049391,2.5505123742043496,28.70301849933996,-10.042984373916735,40.363246464957115,86.74778793878701,1.0,18.53796296597798,0.33704886888406393,31.13419078382233,1.4311924551226163,-45.68311552150725,54.17944904872611
Umifenovir_9,CCOC(=O)C1=C(N(C2=CC(=C(C(=C21)CN(C)C)O)Br)C)CSC3=CC=CC=C3,490.894683190806,4.069728428576924,22,2,3,4,1,27,8,-8.79053916932334,3.002992631492901,47.43343223567237,-9.701355795262051,45.933317012313,97.60812613969293,1.0,19.229249026309468,0.45091738060209213,32.89152344069742,0.5965287354832168,-31.976851118796155,53.17399549243685
Nitazoxanide_0,CC(=O)OC1=CC=CC=C1C(=O)NC2=NC=C(S2)[N+](=O)[O-],310.6076321710839,2.09284018050811,12,3,5,4,1,20,8,-7.928717301995255,2.3353205462603466,40.53349700610464,-8.808933560221984,54.66432750180955,79.85190824094485,2.8393440059304003,10.957279029037013,0.24018866278195147,24.59299873514938,0.9759607153752715,-42.469939626078556,63.69126834989868
Nitazoxanide_1,CC(=O)OC1=CC=CC=C1C(=O)NC2=NC=C(S2)[N+](=O)[O-],327.16951599614407,1.5300260053293928,12,3,5,4,1,20,8,-8.432386991315516,1.2446506946332279,17.415350614919543,-9.478385904823597,51.567643895069395,77.70579987222501,1.0,7.579769330124947,0.39780222786168007,28.297546908315816,0.6370859225362265,-34.25277081144907,57.26226930479269
Nitazoxanide_2,CC(=O)OC1=CC=CC=C1C(=O)NC2=NC=C(S2)[N+](=O)[O-],326.2030719164919,2.2592925069184737,12,3,5,4,1,20,8,-9.246048798686399,2.1006124670646535,55.08090476659285,-10.267043088170542,50.00785178056214,74.57386733257522,2.0912217073589807,8.347843306919522,0.35782795851087756,19.584955375973585,0.6903514359230487,-43.40857266159395,60.5881912655101
Nitazoxanide_3,CC(=O)OC1=CC=CC=C1C(=O)NC2=NC=C(S2)[N+](=O)[O-],295.7002775866137,2.3090236402916764,12,3,5,4,1,20,8,-9.351642197904344,1.8262773964285293,27.28033926650626,-10.17266627957883,51.38251277064611,66.51999315688684,1.0,8.866594157610145,0.3490706007758412,22.699444306638743,0.4435828908298145,-44.68717292898832,65.56529086737817
Nitazoxanide_4,CC(=O)OC1=CC=CC=C1C(=O)NC2=NC=C(S2)[N+](=O)[O-],298.2256167144308,1.9878343185440124,12,3,5,4,1,20,8,-8.120382885375657,1.680634386450449,50.731956874325604,-9.327427698689592,52.432804148126124,69.35817092647349,4.428183439723602,6.269267016131777,0.3486851830440435,26.98385792819554,0.9491312106279686,-24.016363221600145,61.40061768967534
Nitazoxanide_5,CC(=O)OC1=CC=CC=C1C(=O)NC2=NC=C(S2)[N+](=O)[O-],299.83501986889877,2.038022705363903,12,3,5,4,1,20,8,-8.023408486415594,1.856042752487101,28.404138721712812,-8.829979759704381,47.56972701578995,75.21147267363803,1.0,13.318702703706663,0.35060452836077105,33.109656745345376,1.1430751043147003,-34.683300308985444,59.574635621023695
Nitazoxanide_6,CC(=O)OC1=CC=CC=C1C(=O)NC2=NC=C(S2)[N+](=O)[O-],305.4395964479879,2.2624469586748686,12,3,5,4,1,20,8,-9.1601621176588,2.650843363114251,51.72637244175053,-10.237281760084173,52.34551408262948,64.9040812255714,2.5515866482675937,13.249211032510981,0.4290112524434026,25.531412533964446,1.127426677234486,-43.473183572475456,54.907381414259724
Nitazoxanide_7,CC(=O)OC1=CC=CC=C1C(=O)NC2=NC=C(S2)[N+](=O)[O-],292.92894173492596,2.070877416839476,12,3,5,4,1,20,8,-8.089003041795992,1.4612954904746926,54.20339302652367,-9.283708065367177,47.96767005935223,91.37869271658406,7.586676746086192,14.278560466896266,0.35871440614666406,26.961926526416953,0.44055708308396313,-29.971340036592597,53.62406952807157
Nitazoxanide_8,CC(=O)OC1=CC=CC=C1C(=O)NC2=NC=C(S2)[N+](=O)[O-],319.1170554857401,1.6751231401303532,12,3,5,4,1,20,8,-8.177905533074986,1.584631261339221,24.89399201294333,-9.368202865153696,49.848656025374616,82.81227129424246,1.0,10.282082854027733,0.4275646242819446,23.726643113374987,0.6757290561219702,-38.864245258201194,58.503529000838356
Nitazoxanide_9,CC(=O)OC1=CC=CC=C1C(=O)NC2=NC=C(S2)[N+](=O)[O-],291.03106105028064,1.986130485214924,12,3,5,4,1,20,8,-8.909146921618701,1.4974230618201372,24.87390138208689,-9.68470385763559,53.56053815476679,69.43691361242216,1.0,10.91063467269182,0.42811569179111975,23.23019758331339,0.9920586649845103,-51.07172277948515,57.16273469811573
Brincidofovir_0,CC(C)CC(C(=O)NC(CCSC)C(=O)NC(CC(=O)N)C(=O)NC(C(C)O)C(=O)O)NC(=O)C(CC1=CNC2=CC=CC=C21)NC(=O)C(CCC(=O)N)NC(=O)C(C(C)C)NC(=O)C(CC3=CC=CC=C3)NC(=O)C(CC(=O)O)NC(=O)C(CCC(=O)N)NC(=O)C(C)NC(=O)C(CCCNC(=N)N)NC(=O)C(CCCNC(=N)N)NC(=O)C(CO)NC(=O)C(CC(=O)O)NC(=O)C(CC(C)C)NC(=O)C(CC4=CC=C(C=C4)O)NC(=O)C(CCCCN)NC(=O)C(CO)NC(=O)C(CC5=CC=C(C=C5)O)NC(=O)C(CC(=O)O)NC(=O)C(CO)NC(=O)C(C(C)O)NC(=O)C(CC6=CC=CC=C6)NC(=O)C(C(C)O)NC(=O)CNC(=O)C(CCC(=O)N)NC(=O)C(CO)NC(=O)C(CC7=CN=CN7)N,3495.802122090962,-17.229291636687517,153,43,49,4,1,245,56,-13.781109475513954,-5.073244654757291,91.31243653975176,-14.956584913790532,20.0,10.0,1.0,7.492349694729868,0.33632340777380787,50.0,0.3,-60.0,83.81164854603729
Brincidofovir_1,CC(C)CC(C(=O)NC(CCSC)C(=O)NC(CC(=O)N)C(=O)NC(C(C)O)C(=O)O)NC(=O)C(CC1=CNC2=CC=CC=C21)NC(=O)C(CCC(=O)N)NC(=O)C(C(C)C)NC(=O)C(CC3=CC=CC=C3)NC(=O)C(CC(=O)O)NC(=O)C(CCC(=O)N)NC(=O)C(C)NC(=O)C(CCCNC(=N)N)NC(=O)C(CCCNC(=N)N)NC(=O)C(CO)NC(=O)C(CC(=O)O)NC(=O)C(CC(C)C)NC(=O)C(CC4=CC=C(C=C4)O)NC(=O)C(CCCCN)NC(=O)C(CO)NC(=O)C(CC5=CC=C(C=C5)O)NC(=O)C(CC(=O)O)NC(=O)C(CO)NC(=O)C(C(C)O)NC(=O)C(CC6=CC=CC=C6)NC(=O)C(C(C)O)NC(=O)CNC(=O)C(CCC(=O)N)NC(=O)C(CO)NC(=O)C(CC7=CN=CN7)N,3463.6988664846817,-16.950961232069872,153,43,49,4,1,245,56,-12.44569552946344,-4.826660774636923,93.27046224457038,-13.439347074987705,20.0,10.0,1.0,12.75028727934918,0.5,50.0,1.1951242184551605,-60.0,72.71532590674882
Brincidofovir_2,CC(C)CC(C(=O)NC(CCSC)C(=O)NC(CC(=O)N)C(=O)NC(C(C)O)C(=O)O)NC(=O)C(CC1=CNC2=CC=CC=C21)NC(=O)C(CCC(=O)N)NC(=O)C(C(C)C)NC(=O)C(CC3=CC=CC=C3)NC(=O)C(CC(=O)O)NC(=O)C(CCC(=O)N)NC(=O)C(C)NC(=O)C(CCCNC(=N)N)NC(=O)C(CCCNC(=N)N)NC(=O)C(CO)NC(=O)C(CC(=O)O)NC(=O)C(CC(C)C)NC(=O)C(CC4=CC=C(C=C4)O)NC(=O)C(CCCCN)NC(=O)C(CO)NC(=O)C(CC5=CC=C(C=C5)O)NC(=O)C(CC(=O)O)NC(=O)C(CO)NC(=O)C(C(C)O)NC(=O)C(CC6=CC=CC=C6)NC(=O)C(C(C)O)NC(=O)CNC(=O)C(CCC(=O)N)NC(=O)C(CO)NC(=O)C(CC7=CN=CN7)N,3489.795725195555,-16.834218445159003,153,43,49,4,1,245,56,-12.756217835128387,-5.058911773325077,108.63793147390516,-13.989262035154038,20.0,10.0,1.0,9.473611321919286,0.34416602376687594,50.0,0.5015885821387137,-60.0,79.13718178710133
Brincidofovir_3,CC(C)CC(C(=O)NC(CCSC)C(=O)NC(CC(=O)N)C(=O)NC(C(C)O)C(=O)O)NC(=O)C(CC1=CNC2=CC=CC=C21)NC(=O)C(CCC(=O)N)NC(=O)C(C(C)C)NC(=O)C(CC3=CC=CC=C3)NC(=O)C(CC(=O)O)NC(=O)C(CCC(=O)N)NC(=O)C(C)NC(=O)C(CCCNC(=N)N)NC(=O)C(CCCNC(=N)N)NC(=O)C(CO)NC(=O)C(CC(=O)O)NC(=O)C(CC(C)C)NC(=O)C(CC4=CC=C(C=C4)O)NC(=O)C(CCCCN)NC(=O)C(CO)NC(=O)C(CC5=CC=C(C=C5)O)NC(=O)C(CC(=O)O)NC(=O)C(CO)NC(=O)C(C(C)O)NC(=O)C(CC6=CC=CC=C6)NC(=O)C(C(C)O)NC(=O)CNC(=O)C(CCC(=O)N)NC(=O)C(CO)NC(=O)C(CC7=CN=CN7)N,3500.028203510372,-17.134503592570926,153,43,49,4,1,245,56,-13.793717075817531,-4.552349556370362,82.30060755337762,-15.082223784486779,20.0,10.0,1.0,10.29608522478254,0.4039169323105307,50.0,0.5910576930765742,-60.0,82.51100281405616
Brincidofovir_4,CC(C)CC(C(=O)NC(CCSC)C(=O)NC(CC(=O)N)C(=O)NC(C(C)O)C(=O)O)NC(=O)C(CC1=CNC2=CC=CC=C21)NC(=O)C(CCC(=O)N)NC(=O)C(C(C)C)NC(=O)C(CC3=CC=CC=C3)NC(=O)C(CC(=O)O)NC(=O)C(CCC(=O)N)NC(=O)C(C)NC(=O)C(CCCNC(=N)N)NC(=O)C(CCCNC(=N)N)NC(=O)C(CO)NC(=O)C(CC(=O)O)NC(=O)C(CC(C)C)NC(=O)C(CC4=CC=C(C=C4)O)NC(=O)C(CCCCN)NC(=O)C(CO)NC(=O)C(CC5=CC=C(C=C5)O)NC(=O)C(CC(=O)O)NC(=O)C(CO)NC(=O)C(C(C)O)NC(=O)C(CC6=CC=CC=C6)NC(=O)C(C(C)O)NC(=O)CNC(=O)C(CCC(=O)N)NC(=O)C(CO)NC(=O)C(CC7=CN=CN7)N,3500.1193805410994,-17.214266927994814,153,43,49,4,1,245,56,-13.31719541683849,-4.1155833808943765,92.35598801030353,-14.108329875829114,20.0,10.0,1.0,14.679091351501965,0.3364676353682052,50.0,0.3,-60.0,86.9825923675256
Brincidofovir_5,CC(C)CC(C(=O)NC(CCSC)C(=O)NC(CC(=O)N)C(=O)NC(C(C)O)C(=O)O)NC(=O)C(CC1=CNC2=CC=CC=C21)NC(=O)C(CCC(=O)N)NC(=O)C(C(C)C)NC(=O)C(CC3=CC=CC=C3)NC(=O)C(CC(=O)O)NC(=O)C(CCC(=O)N)NC(=O)C(C)NC(=O)C(CCCNC(=N)N)NC(=O)C(CCCNC(=N)N)NC(=O)C(CO)NC(=O)C(CC(=O)O)NC(=O)C(CC(C)C)NC(=O)C(CC4=CC=C(C=C4)O)NC(=O)C(CCCCN)NC(=O)C(CO)NC(=O)C(CC5=CC=C(C=C5)O)NC(=O)C(CC(=O)O)NC(=O)C(CO)NC(=O)C(C(C)O)NC(=O)C(CC6=CC=CC=C6)NC(=O)C(C(C)O)NC(=O)CNC(=O)C(CCC(=O)N)NC(=O)C(CO)NC(=O)C(CC7=CN=CN7)N,3492.8547233083964,-16.82210888730591,153,43,49,4,1,245,56,-12.958763397330198,-3.740387490160242,82.1263384275689,-14.203347080463372,20.0,10.0,1.0,11.904168899267802,0.21710986812163047,50.0,0.3,-60.0,90.02411752541892
Brincidofovir_6,CC(C)CC(C(=O)NC(CCSC)C(=O)NC(CC(=O)N)C(=O)NC(C(C)O)C(=O)O)NC(=O)C(CC1=CNC2=CC=CC=C21)NC(=O)C(CCC(=O)N)NC(=O)C(C(C)C)NC(=O)C(CC3=CC=CC=C3)NC(=O)C(CC(=O)O)NC(=O)C(CCC(=O)N)NC(=O)C(C)NC(=O)C(CCCNC(=N)N)NC(=O)C(CCCNC(=N)N)NC(=O)C(CO)NC(=O)C(CC(=O)O)NC(=O)C(CC(C)C)NC(=O)C(CC4=CC=C(C=C4)O)NC(=O)C(CCCCN)NC(=O)C(CO)NC(=O)C(CC5=CC=C(C=C5)O)NC(=O)C(CC(=O)O)NC(=O)C(CO)NC(=O)C(C(C)O)NC(=O)C(CC6=CC=CC=C6)NC(=O)C(C(C)O)NC(=O)CNC(=O)C(CCC(=O)N)NC(=O)C(CO)NC(=O)C(CC7=CN=CN7)N,3479.8983047911925,-16.56905082894493,153,43,49,4,1,245,56,-13.756539662490786,-3.907221562374169,109.93592458794501,-15.02317634948251,20.0,10.0,1.0,11.260639425562108,0.42344767402581385,50.0,0.3648187684171587,-60.0,80.02871634085723
Brincidofovir_7,CC(C)CC(C(=O)NC(CCSC)C(=O)NC(CC(=O)N)C(=O)NC(C(C)O)C(=O)O)NC(=O)C(CC1=CNC2=CC=CC=C21)NC(=O)C(CCC(=O)N)NC(=O)C(C(C)C)NC(=O)C(CC3=CC=CC=C3)NC(=O)C(CC(=O)O)NC(=O)C(CCC(=O)N)NC(=O)C(C)NC(=O)C(CCCNC(=N)N)NC(=O)C(CCCNC(=N)N)NC(=O)C(CO)NC(=O)C(CC(=O)O)NC(=O)C(CC(C)C)NC(=O)C(CC4=CC=C(C=C4)O)NC(=O)C(CCCCN)NC(=O)C(CO)NC(=O)C(CC5=CC=C(C=C5)O)NC(=O)C(CC(=O)O)NC(=O)C(CO)NC(=O)C(C(C)O)NC(=O)C(CC6=CC=CC=C6)NC(=O)C(C(C)O)NC(=O)CNC(=O)C(CCC(=O)N)NC(=O)C(CO)NC(=O)C(CC7=CN=CN7)N,3489.0464541975907,-16.46844508569052,153,43,49,4,1,245,56,-12.579836640209068,-4.030944562240991,100.91219656757221,-13.707069434603472,20.0,10.0,1.0,8.99711992233438,0.466030466628207,50.0,0.7027343053709908,-60.0,72.71689563853174
Brincidofovir_8,CC(C)CC(C(=O)NC(CCSC)C(=O)NC(CC(=O)N)C(=O)NC(C(C)O)C(=O)O)NC(=O)C(CC1=CNC2=CC=CC=C21)NC(=O)C(CCC(=O)N)NC(=O)C(C(C)C)NC(=O)C(CC3=CC=CC=C3)NC(=O)C(CC(=O)O)NC(=O)C(CCC(=O)N)NC(=O)C(C)NC(=O)C(CCCNC(=N)N)NC(=O)C(CCCNC(=N)N)NC(=O)C(CO)NC(=O)C(CC(=O)O)NC(=O)C(CC(C)C)NC(=O)C(CC4=CC=C(C=C4)O)NC(=O)C(CCCCN)NC(=O)C(CO)NC(=O)C(CC5=CC=C(C=C5)O)NC(=O)C(CC(=O)O)NC(=O)C(CO)NC(=O)C(C(C)O)NC(=O)C(CC6=CC=CC=C6)NC(=O)C(C(C)O)NC(=O)CNC(=O)C(CCC(=O)N)NC(=O)C(CO)NC(=O)C(CC7=CN=CN7)N,3483.991675038058,-17.29673499112495,153,43,49,4,1,245,56,-13.631471525948712,-4.283425444975139,105.93521992936428,-14.39243964599829,20.0,10.0,1.0,11.920494748553303,0.31015648043297045,50.0,1.0733446402786364,-60.0,83.62645047678309
Brincidofovir_9,CC(C)CC(C(=O)NC(CCSC)C(=O)NC(CC(=O)N)C(=O)NC(C(C)O)C(=O)O)NC(=O)C(CC1=CNC2=CC=CC=C21)NC(=O)C(CCC(=O)N)NC(=O)C(C(C)C)NC(=O)C(CC3=CC=CC=C3)NC(=O)C(CC(=O)O)NC(=O)C(CCC(=O)N)NC(=O)C(C)NC(=O)C(CCCNC(=N)N)NC(=O)C(CCCNC(=N)N)NC(=O)C(CO)NC(=O)C(CC(=O)O)NC(=O)C(CC(C)C)NC(=O)C(CC4=CC=C(C=C4)O)NC(=O)C(CCCCN)NC(=O)C(CO)NC(=O)C(CC5=CC=C(C=C5)O)NC(=O)C(CC(=O)O)NC(=O)C(CO)NC(=O)C(C(C)O)NC(=O)C(CC6=CC=CC=C6)NC(=O)C(C(C)O)NC(=O)CNC(=O)C(CCC(=O)N)NC(=O)C(CO)NC(=O)C(CC7=CN=CN7)N,3477.0683498793073,-16.57644777338818,153,43,49,4,1,245,56,-12.658785815419543,-4.281371887359212,91.50830454053153,-13.395796378228754,20.0,10.0,1.0,10.906538933156712,0.46105104953367615,50.0,0.3,-60.0,72.39240349809648
Tecovirimat_0,CCC1=NN(C2=C1C(=O)NCC(=N2)CCC(=O)OC)C3CCCC3,330.7649609314672,1.0032858908492828,17,4,3,4,1,24,5,-9.21104424115017,1.616025597183602,30.680764373400624,-10.293508363214713,44.13200336826998,76.95503080815453,1.0,2.890688803778862,0.3441087237462167,28.704106056786536,1.1995263128641402,-45.15998377502767,58.866650341574996
Tecovirimat_1,CCC1=NN(C2=C1C(=O)NCC(=N2)CCC(=O)OC)C3CCCC3,340.9901310577578,0.7684504525660167,17,4,3,4,1,24,5,-9.37883231762897,1.0779656486123703,53.997976920058804,-10.268512446527764,52.81950367127874,64.56954645447294,3.8073230351175247,3.5783452931740207,0.3337542460499742,28.311177707360724,0.5363701738421478,-43.22040816256789,68.5207235249431
Tecovirimat_2,CCC1=NN(C2=C1C(=O)NCC(=N2)CCC(=O)OC)C3CCCC3,316.63497272852516,1.054897683486554,17,4,3,4,1,24,5,-8.606500493725493,1.0745377277467436,41.15983342146042,-9.343411198797,44.117343652180324,70.44173123432634,5.847829371909855,4.455117442845044,0.4246203699144615,25.152123902418566,0.9973219552857945,-34.43976735667583,51.88876008366715
Tecovirimat_3,CCC1=NN(C2=C1C(=O)NCC(=N2)CCC(=O)OC)C3CCCC3,332.49709148665505,1.4314863597031158,17,4,3,4,1,24,5,-8.59975877581158,1.9137343876561104,42.974392971902944,-9.857693892026825,43.50279498786227,59.030803791391286,2.516957864731209,9.18990652250035,0.3500236464475411,26.12359542154306,0.7112124274749099,-47.971386649150155,62.638199274533264
Tecovirimat_4,CCC1=NN(C2=C1C(=O)NCC(=N2)CCC(=O)OC)C3CCCC3,318.2574502641126,1.532929715574228,17,4,3,4,1,24,5,-9.41717701337915,1.2306690063681283,52.095270885173804,-10.156594544878656,48.17632058623775,74.18978204093487,1.0,11.960029316259211,0.3767831064878067,33.024570453499294,0.6092312506738458,-34.57839844072748,65.99542935826912
Tecovirimat_5,CCC1=NN(C2=C1C(=O)NCC(=N2)CCC(=O)OC)C3CCCC3,313.9707765696661,0.971998605344356,17,4,3,4,1,24,5,-8.790444797685462,2.166998863635336,33.90006825364058,-9.86302050645564,49.81520042926179,67.16123398245801,4.633996949496666,8.441823022200207,0.4276152061563498,18.692735400988354,0.903554141067275,-50.25167531767762,59.652177986508406
Tecovirimat_6,CCC1=NN(C2=C1C(=O)NCC(=N2)CCC(=O)OC)C3CCCC3,339.92182228296514,0.820387578789089,17,4,3,4,1,24,5,-7.989568565109886,2.367532180585285,55.277888392789905,-9.052475386626503,42.73058519705118,78.883719453262,6.829173992176555,9.722088606023775,0.3601908043234946,28.816571998323383,0.688453801348301,-33.680495965335986,61.82807298180548
Tecovirimat_7,CCC1=NN(C2=C1C(=O)NCC(=N2)CCC(=O)OC)C3CCCC3,315.7651064903753,1.0931039075594011,17,4,3,4,1,24,5,-9.387794675209696,1.171774918575124,41.55813612959364,-10.554189027735845,52.40305279989593,72.2528273029003,1.0,6.231432312175272,0.35250972182947826,25.29370386857955,0.4677671856138737,-41.606285054077865,65.5797719054801
Tecovirimat_8,CCC1=NN(C2=C1C(=O)NCC(=N2)CCC(=O)OC)C3CCCC3,312.85210146356087,1.4873719581492728,17,4,3,4,1,24,5,-8.130368345584316,0.9248887209488967,43.11674730575827,-9.068898680404363,44.63219258076732,63.75066466276143,5.177622996235989,7.838941240506028,0.35969680663350495,29.45575546404154,0.32067475646859644,-31.929961758073915,61.638958028091366
Tecovirimat_9,CCC1=NN(C2=C1C(=O)NCC(=N2)CCC(=O)OC)C3CCCC3,314.42292415296913,1.1261212379522307,17,4,3,4,1,24,5,-8.439649234055057,0.9603870045138481,40.18208883932613,-9.501038585395225,44.9925342771891,68.97860505816494,5.033006391342126,10.458099541148085,0.3156085437886516,28.39103045328377,0.7977252110276091,-35.52474306013776,55.23338855403521
Acyclovir_0,CS(=O)(=O)OCCCCOS(=O)(=O)C,249.17983513134374,-0.19456767070001368,6,0,6,0,1,12,4,-8.988545309491492,1.5418065413783464,23.89874235414105,-10.152897866885155,52.15917315721335,42.752862181478335,13.92395108635638,3.3403355991051082,0.0,20.537854630655634,0.3,-47.110560315270696,77.98779090201948
Acyclovir_1,CS(=O)(=O)OCCCCOS(=O)(=O)C,251.96017925025006,-0.7401718620597005,6,0,6,0,1,12,4,-8.880241394685239,0.5641831903739939,20.895978789658955,-10.01933677403829,53.25954235916485,40.69109865413613,6.1425135797448425,3.29890258688111,0.1079026744960066,21.650648177083298,0.3,-43.24969588222486,79.69070620635782
Acyclovir_2,CS(=O)(=O)OCCCCOS(=O)(=O)C,253.1508330091653,-0.7293560580182343,6,0,6,0,1,12,4,-9.069129163220275,1.6768682497332583,26.81748817125306,-10.23113291084233,45.378574046921614,45.91478282491491,14.323937375433935,5.1100061768879135,0.14892110560140176,24.1257130408786,0.3,-40.93046277451889,72.19251457442125
Acyclovir_3,CS(=O)(=O)OCCCCOS(=O)(=O)C,239.5113867000834,-0.43576818331546396,6,0,6,0,1,12,4,-7.8618444522100095,1.8222060265649787,21.174060317223972,-8.56879185583192,59.3653745201952,57.06963096087016,16.88686060514826,3.259376814741006,0.1356161079790081,31.16375020329823,0.3,-42.12257904650183,69.03450796232434
Acyclovir_4,CS(=O)(=O)OCCCCOS(=O)(=O)C,250.0696730923439,-0.396849879877053,6,0,6,0,1,12,4,-9.015861792022674,0.6356259003428026,52.30332155013766,-9.902409199773736,53.82394927900427,60.15692650650715,8.54105085778361,2.7247597230829377,0.0613670277364588,25.357910104593298,0.6193264869173853,-36.80732057149815,80.58299400891516
Acyclovir_5,CS(=O)(=O)OCCCCOS(=O)(=O)C,260.2778562490294,-0.9550031787645756,6,0,6,0,1,12,4,-8.763798689306583,1.1963720930269812,32.088494772106635,-9.898245072678256,46.8222956631181,44.043572314544384,13.562437971272029,1.9784685207957091,0.13787475746687428,27.519287433129712,0.5703709355598707,-36.63643963891882,71.5144448499001
Acyclovir_6,CS(=O)(=O)OCCCCOS(=O)(=O)C,248.85678267022496,-0.49972146479223967,6,0,6,0,1,12,4,-8.84122688856247,0.8453113022584116,34.0671347967809,-9.58391115865513,50.62295227117055,33.71953701510898,8.185442743946684,7.901588174279447,0.03597722144987667,22.79506214202718,0.6601718475304361,-44.639520894261345,80.59497035086586
Acyclovir_7,CS(=O)(=O)OCCCCOS(=O)(=O)C,257.98764779206704,-0.3236389321272759,6,0,6,0,1,12,4,-7.844091128856276,0.46814861093757437,38.962480226363446,-8.939515985994941,57.40207768755327,48.543586100828286,13.713760464510024,4.961364303398492,0.06334219014450018,22.953128426980218,0.3,-31.360127012568135,77.55266837092051
Acyclovir_8,CS(=O)(=O)OCCCCOS(=O)(=O)C,240.0092370171163,-0.8654237328958923,6,0,6,0,1,12,4,-8.759449773592715,1.752220299381463,26.758963899861442,-10.058782517075002,48.30715831669354,44.228233890807594,14.958203860531992,6.951420811411957,0.0880944781843973,22.221153846155953,0.3,-32.17401486803364,78.63760592926103
Acyclovir_9,CS(=O)(=O)OCCCCOS(=O)(=O)C,264.60526585090355,-0.4342550493867108,6,0,6,0,1,12,4,-7.8816283464907215,1.5806108330016686,51.66190168326232,-8.791755518432142,62.418587182318745,48.200658899618944,8.779116728638899,5.841565057847142,0.1360567681272791,18.372046454887958,0.8125514230071127,-28.675519839979867,72.94595631438177
Valacyclovir_0,CC(C)C(C(=O)OCCOCN1C=NC2=C1NC(=NC2=O)N)N,317.417640973467,-0.6942560425527089,13,6,4,4,1,23,5,-8.731691991609841,0.460917911567195,38.44171206170399,-9.803704544230603,35.150033887790705,63.514158627431996,7.28603971810065,4.630916036137646,0.33527997136244136,25.114701647168836,1.288974803963919,-53.11581124911476,61.60151560598335
Valacyclovir_1,CC(C)C(C(=O)OCCOCN1C=NC2=C1NC(=NC2=O)N)N,324.33835967859153,-0.2697508104704288,13,6,4,4,1,23,5,-8.56405558149184,1.3420942273438072,43.77446757020395,-9.674911920702169,44.64761740550854,54.195223010287314,5.462623270390804,5.487499950809237,0.31537903248465277,30.67014273654756,1.190208510387348,-37.34619133185764,64.36127637468284
Valacyclovir_2,CC(C)C(C(=O)OCCOCN1C=NC2=C1NC(=NC2=O)N)N,326.1137955053728,-0.7662592079632558,13,6,4,4,1,23,5,-8.888759103048756,0.6132932430298572,17.514385794776324,-10.018034271642595,53.38773524768557,43.36872405451319,7.1920116999180435,5.887142076202905,0.3639714242163797,22.337642821347885,1.1921194017167034,-29.704832802108726,65.03123714652112
Valacyclovir_3,CC(C)C(C(=O)OCCOCN1C=NC2=C1NC(=NC2=O)N)N,322.98726364510225,-0.8100638635424391,13,6,4,4,1,23,5,-8.916661212768387,1.5634345864168075,18.14995839386375,-9.917783246639562,38.43715855132,42.749490938255285,10.780653978974648,6.881793242771171,0.28938017733212995,32.626213055579875,1.0263883056297811,-34.41867162534458,62.449207555673034
Valacyclovir_4,CC(C)C(C(=O)OCCOCN1C=NC2=C1NC(=NC2=O)N)N,327.7217245303783,-0.030678187715821092,13,6,4,4,1,23,5,-9.012607410815885,1.1680302893565664,30.831663278143655,-9.765803896768707,37.82565396167054,61.3268045817532,5.382283722747856,8.311187109544644,0.35244743418634117,32.629185433328544,1.0530490164769892,-42.48540709047583,59.65480225107937
Valacyclovir_5,CC(C)C(C(=O)OCCOCN1C=NC2=C1NC(=NC2=O)N)N,330.26933875231384,-0.9385537098692125,13,6,4,4,1,23,5,-8.52675882059078,0.42638847877650565,30.059010692382696,-9.523199827999045,41.25296061326961,55.15214491830959,5.33723632584958,2.7475851935885096,0.2822994493111311,19.09128715138558,0.46702780803677424,-43.40214007051557,69.4499923876323
Valacyclovir_6,CC(C)C(C(=O)OCCOCN1C=NC2=C1NC(=NC2=O)N)N,312.6932374197836,-0.9414346947154661,13,6,4,4,1,23,5,-9.180585015583342,1.7440892626524374,42.43741544637544,-9.907845458268055,42.570282696370036,41.924449891206045,12.629182644837636,8.66864328727577,0.28253373196053233,22.170742779311624,0.7570276465077311,-47.29502903688432,69.02292868661115
Valacyclovir_7,CC(C)C(C(=O)OCCOCN1C=NC2=C1NC(=NC2=O)N)N,310.07877828072077,-0.8485544780646427,13,6,4,4,1,23,5,-8.788549206725852,1.2261779324124358,51.36332245122021,-9.742360239275243,39.31613898796694,60.33400339485847,6.584557535825271,3.42181551091607,0.37057381981514903,29.713401640848918,0.9022906592597327,-48.78917923785839,57.848200530786045
Valacyclovir_8,CC(C)C(C(=O)OCCOCN1C=NC2=C1NC(=NC2=O)N)N,327.56580903638536,-0.0640627517514405,13,6,4,4,1,23,5,-8.609157226512728,1.2268530695756277,19.71141620678407,-9.34541607309763,45.48544620917938,63.39970486662632,15.090749236268389,4.2454551536320775,0.39123813930267665,28.54589857165173,0.9281866581403508,-40.68085491224744,60.962502285427995
Valacyclovir_9,CC(C)C(C(=O)OCCOCN1C=NC2=C1NC(=NC2=O)N)N,319.66861463789,-0.783667222369173,13,6,4,4,1,23,5,-8.968376030941291,1.0552502601621887,48.87380145063557,-9.698056338368646,30.296269573901576,46.08732784967558,7.067172032804908,9.037356604409467,0.3250636014241738,24.066396011110985,0.8074735714236805,-37.41983171311742,62.308660404750846
Famciclovir_0,CC(=O)OCC(CCN1C=NC2=CN=C(N=C21)N)COC(=O)C,322.9745529951538,0.10508951854053838,14,5,4,4,1,23,6,-8.623866018899223,0.5725440665731714,49.24610337921099,-9.428061532329112,35.95369122975799,64.93812790048685,7.904506537989871,8.785689095187813,0.3888765830312002,30.586148973800192,1.008770292490077,-33.51433529458315,58.88565241899592
Famciclovir_1,CC(=O)OCC(CCN1C=NC2=CN=C(N=C21)N)COC(=O)C,307.8646703359368,-0.31554094894011664,14,5,4,4,1,23,6,-8.290731459122124,1.4384761841409146,39.290905979317756,-9.47982842035391,44.344173767785485,57.590769582145924,5.304432304975052,6.2985903992241195,0.44609801306884644,28.96246704105834,0.5431608741180723,-39.47046997220322,56.042759577830736
Famciclovir_2,CC(=O)OCC(CCN1C=NC2=CN=C(N=C21)N)COC(=O)C,339.721640816194,-0.45130515160007023,14,5,4,4,1,23,6,-8.263440923737306,1.0800605855659668,18.472608224815907,-9.324764859179847,30.186506549988664,72.8503761960133,10.413108962650018,5.264023550150007,0.36760761915369655,21.494239753586896,1.3955448171563942,-29.31732022108367,51.8222012914282
Famciclovir_3,CC(=O)OCC(CCN1C=NC2=CN=C(N=C21)N)COC(=O)C,311.16389769973597,-0.14186028347085555,14,5,4,4,1,23,6,-8.107011527171112,0.566098792355572,23.8376740133416,-9.082249460606105,49.95140322092672,53.132013048290744,7.542583900315872,5.107529562513111,0.35573400279491485,25.815258912820685,0.870385874281806,-37.91675365619703,58.68967365347312
Famciclovir_4,CC(=O)OCC(CCN1C=NC2=CN=C(N=C21)N)COC(=O)C,305.2669675640547,0.4567204338893498,14,5,4,4,1,23,6,-9.444258000076484,1.526471373388017,54.385826681880054,-10.658724067056616,49.722827748431,39.58142446527741,10.607571029950776,8.789323794525686,0.3515576373175356,15.768308791547948,0.7193939314059887,-43.84795280675003,63.487849102013726
Famciclovir_5,CC(=O)OCC(CCN1C=NC2=CN=C(N=C21)N)COC(=O)C,304.23939791114674,-0.21939918676208403,14,5,4,4,1,23,6,-8.859039587563249,1.592984426354904,29.0411497306447,-9.92315130986684,42.25765803095879,53.81046145912183,6.506429661948686,7.009023374726632,0.33990083103828367,28.22685544430459,1.4375942326399063,-37.108653238031685,61.183055601432066
Famciclovir_6,CC(=O)OCC(CCN1C=NC2=CN=C(N=C21)N)COC(=O)C,318.1304401718265,0.07835976311654003,14,5,4,4,1,23,6,-8.484906780356072,1.6736387183191819,56.12718480647885,-9.64050447150178,45.059863544999914,56.836183215048685,5.641447421565404,3.271693904231798,0.38281539184755004,25.93684125543561,1.0258268018131673,-42.357628653620125,63.312052545974595
Famciclovir_7,CC(=O)OCC(CCN1C=NC2=CN=C(N=C21)N)COC(=O)C,306.6503919562931,-0.34126323662569047,14,5,4,4,1,23,6,-9.208917659989197,1.7062483474758263,51.08352734158801,-10.473147264782401,40.449881093940775,50.06214345647294,8.419981813583039,8.575662339520317,0.2558257246989634,28.1918363728204,0.3,-47.41399465757283,74.52273911629021
Famciclovir_8,CC(=O)OCC(CCN1C=NC2=CN=C(N=C21)N)COC(=O)C,323.46887104839396,0.07028693873139047,14,5,4,4,1,23,6,-9.383909659368426,1.819402245067643,52.708278416600876,-10.088989993871994,41.924839833039734,47.03556028472822,6.552986813045955,10.152437676327104,0.2750825543063653,21.975617496299765,1.2800340219854667,-33.99712691978504,65.39235247450557
Famciclovir_9,CC(=O)OCC(CCN1C=NC2=CN=C(N=C21)N)COC(=O)C,320.85710701243255,-0.3668178743324766,14,5,4,4,1,23,6,-8.275160789368528,1.6134070883784302,17.434563792842788,-9.36226167604263,38.63848648736679,59.073410436924625,11.499804314394009,7.775459082274805,0.3127978628174287,31.686842942935293,0.9801816025355202,-35.41531417817953,65.58189706968257
Penciclovir_0,C1=NC2=C(N1CCC(CO)CO)NC(=NC2=O)N,254.11508085894963,-1.20342534153099,10,5,3,4,1,18,4,-8.251999526828076,0.5953158760422946,39.03717148025555,-9.243774813698893,39.34211127747124,38.80695511160423,15.791228805224321,2.211906403312362,0.3610102640408796,19.039134546216705,0.9572360465406453,-41.291817992391934,53.37734754398174
Penciclovir_1,C1=NC2=C(N1CCC(CO)CO)NC(=NC2=O)N,244.0119046012079,-1.9013554231025944,10,5,3,4,1,18,4,-8.154441453466601,0.0005134342246875256,49.53179538796404,-9.108171204033857,54.51546110256866,40.859917254224655,16.581652664283943,1.3707855982522996,0.43226585359536396,25.519142903730735,0.9504935104084322,-43.468071257426566,62.468952346383546
Penciclovir_2,C1=NC2=C(N1CCC(CO)CO)NC(=NC2=O)N,270.5701175624125,-2.07986215105071,10,5,3,4,1,18,4,-8.2302855413936,0.42628984069322123,37.27055147012754,-9.1774905637153,58.144337510721314,29.282039843555488,14.083361249732677,0.5,0.33188192280681345,20.5634920663337,1.2603609248627885,-39.4022905560832,69.67599144452811
Penciclovir_3,C1=NC2=C(N1CCC(CO)CO)NC(=NC2=O)N,238.78501172560988,-1.2408882423530836,10,5,3,4,1,18,4,-8.090675558269824,1.2959236077506562,33.405942487480615,-9.051921174909745,51.56310444794259,49.13906591829439,17.308922611202185,0.5,0.4170233334903246,25.580579852104915,0.8272233441004865,-40.9823796679393,58.31238602850979
Penciclovir_4,C1=NC2=C(N1CCC(CO)CO)NC(=NC2=O)N,260.92622607466166,-1.1343610247331997,10,5,3,4,1,18,4,-8.61008738878663,0.9790064712478989,24.62785536300119,-9.4552631361799,44.64323526889181,47.72107847399953,9.820871365345404,1.1353224641894568,0.3683680372202782,24.68149040736021,0.8157676450558217,-36.9612506496669,64.39382758907784
Penciclovir_5,C1=NC2=C(N1CCC(CO)CO)NC(=NC2=O)N,249.47301442587812,-1.830838429008371,10,5,3,4,1,18,4,-8.450333004159473,0.16274265205130262,41.93355436976243,-9.31274712387315,52.215687727296654,28.082324388151484,14.924039701056605,0.5,0.3690134117696851,31.82706806698391,0.5931155346113305,-42.472947244095806,71.11248699137006
Penciclovir_6,C1=NC2=C(N1CCC(CO)CO)NC(=NC2=O)N,243.20159283709702,-1.7830573782327188,10,5,3,4,1,18,4,-8.157947420792803,1.1417474966604244,51.43530777747969,-9.235808109382058,50.65023041768281,41.19974717036321,12.852233162189885,2.705872230537911,0.36048003266167883,26.06722243970314,0.7430230214249665,-38.04463455506892,61.30406419031219
Penciclovir_7,C1=NC2=C(N1CCC(CO)CO)NC(=NC2=O)N,259.08900173404214,-1.5894295912714966,10,5,3,4,1,18,4,-9.073239485237526,1.2798996422605113,27.16385269845879,-9.858020612490781,48.36746194996883,42.329622774694045,15.52199271682099,2.8552976156631895,0.32538398252655953,24.833453929084754,0.9555801145545222,-40.75706560641039,60.46877198812692
Penciclovir_8,C1=NC2=C(N1CCC(CO)CO)NC(=NC2=O)N,268.18172588060816,-1.931141536629605,10,5,3,4,1,18,4,-8.039929412596456,0.43476273364469764,47.1610412221453,-8.823078584939145,54.506175827082075,29.002254752728895,16.06374075772498,3.146594122502927,0.35955933981963933,25.59074927168676,1.2068407738496845,-32.29814075024357,61.6799097274822
Penciclovir_9,C1=NC2=C(N1CCC(CO)CO)NC(=NC2=O)N,251.69593352826325,-1.2712910161819937,10,5,3,4,1,18,4,-7.940452187281247,1.042864152584535,34.08422860930935,-8.730993375306042,52.64329093377743,30.108830972934648,12.689010432090814,2.323139433620951,0.42812740588151915,26.648378739795334,0.6478168070118246,-23.835859165730533,64.30537073827406
Ganciclovir_0,CN1CCC23C=CC(CC2OC4=C(C=CC(=C34)C1)OC)O,278.17237025951965,1.548791788739177,17,1,3,4,1,21,4,-9.164344073524575,2.1640832327365795,19.96305509585849,-9.961031756382134,60.57222355877128,82.2059464430258,6.622591000218932,8.561701537611782,0.33807936456886356,26.54043004129679,1.121721218026092,-43.02097979798133,66.54655273970701
Ganciclovir_1,CN1CCC23C=CC(CC2OC4=C(C=CC(=C34)C1)OC)O,287.5708316689396,1.8077578381885688,17,1,3,4,1,21,4,-9.333087329232892,1.5474086813511843,46.76721186875997,-10.397214250308645,61.74433372743089,77.13953489214761,4.124341144722217,6.320055952262944,0.3008758758452913,26.334037001127225,0.3,-37.51916226871121,68.62172601903109
Ganciclovir_2,CN1CCC23C=CC(CC2OC4=C(C=CC(=C34)C1)OC)O,277.61588828744385,2.052114332696975,17,1,3,4,1,21,4,-8.127557392080835,2.574109311365579,25.74591563475319,-9.383538951605074,59.45915757001014,87.3723808793443,1.0,5.619124069290626,0.3355649263889476,27.54095033269546,1.0426842075482374,-32.411372293404085,56.15249083756786
Ganciclovir_3,CN1CCC23C=CC(CC2OC4=C(C=CC(=C34)C1)OC)O,272.1645430483995,1.3676047494723833,17,1,3,4,1,21,4,-8.689312113457902,1.5812818141247655,39.58900463043801,-9.391871442227108,42.900530685155616,80.09240550574941,3.6398286036361664,8.276178227635022,0.3586985550593713,23.72766895039687,0.46112026074505486,-43.580651838783766,60.20357195272932
Ganciclovir_4,CN1CCC23C=CC(CC2OC4=C(C=CC(=C34)C1)OC)O,294.37347094269757,1.8088940700698801,17,1,3,4,1,21,4,-9.006043783159381,2.493211941031828,32.96843283652148,-10.234559379961752,43.59592476778572,75.17481331108311,8.2925731234407,6.243610735915788,0.33737028300077887,26.52642711484052,1.2255506011702761,-43.51529821413827,57.28944498933378
Ganciclovir_5,CN1CCC23C=CC(CC2OC4=C(C=CC(=C34)C1)OC)O,301.65122431007694,1.3973668937912211,17,1,3,4,1,21,4,-9.212168529031986,2.399053512568635,16.143427819646146,-10.045340745142067,44.63663428791958,75.9658676957174,3.9391630624488583,9.83603962153397,0.36611206646923655,21.95794251095948,1.0863755482517123,-40.969866500569175,58.579477776435944
Ganciclovir_6,CN1CCC23C=CC(CC2OC4=C(C=CC(=C34)C1)OC)O,302.38619699999583,2.2052989990105156,17,1,3,4,1,21,4,-8.979557995214995,1.6183693788062197,16.026290475213926,-10.037469413798794,57.80476372666555,69.32363330106159,7.0114745610458105,8.196733323229585,0.32756649204111477,22.171187530078853,0.319701534312823,-38.81052007876895,60.76379133046552
Ganciclovir_7,CN1CCC23C=CC(CC2OC4=C(C=CC(=C34)C1)OC)O,272.3038410682327,1.3705356375929565,17,1,3,4,1,21,4,-8.65943545748379,1.5952339254734067,20.019028160094546,-9.387393729854534,48.33903084367118,72.54443631782502,3.0259113604409063,7.106719610658847,0.30805497899483464,27.067479454186298,0.7018626476132642,-38.30595022225444,60.277407149655744
Ganciclovir_8,CN1CCC23C=CC(CC2OC4=C(C=CC(=C34)C1)OC)O,282.43215724006797,1.6933206703851886,17,1,3,4,1,21,4,-9.284144255528815,1.3851931494780585,48.59700618238817,-10.257365732864534,57.41207900196391,70.44768945426816,4.77759691106778,8.710544650939573,0.36706067590140307,23.907555791405986,0.786492225457942,-41.326110256744386,61.13566637088995
Ganciclovir_9,CN1CCC23C=CC(CC2OC4=C(C=CC(=C34)C1)OC)O,282.44452707186605,1.7135165302899593,17,1,3,4,1,21,4,-8.736832986982012,1.3398196450496622,43.39686655143957,-9.936293063399308,49.4018558650501,74.0247099900205,1.0,10.50182616844338,0.4072065989462521,21.23454930066059,0.9892158135193969,-44.47982313497404,57.41152741616787
Valganciclovir_0,CC1=CC2=C(S1)NC3=CC=CC=C3N=C2N4CCN(CC4)C,317.5067550863523,2.5920160847400364,17,4,0,4,1,21,6,-7.979717159168631,1.8776488158716245,54.47397869065957,-8.707537594470818,52.73591405193516,84.25816842980132,1.0,9.336938883554879,0.3466717135601098,27.00289329603722,0.8875462330048074,-36.256363483678456,56.049281798110485
Valganciclovir_1,CC1=CC2=C(S1)NC3=CC=CC=C3N=C2N4CCN(CC4)C,316.25868301654174,3.214383920669081,17,4,0,4,1,21,6,-8.139031528945443,2.873762876018864,52.95389111617734,-8.906550164817714,60.50858957358081,94.7031287436797,1.6967242782466876,11.299951545870337,0.3402518143335177,30.07006488989931,0.46615594597422594,-42.65674741767999,59.996186623596145
Valganciclovir_2,CC1=CC2=C(S1)NC3=CC=CC=C3N=C2N4CCN(CC4)C,296.7945245496313,3.2836839676879896,17,4,0,4,1,21,6,-8.49318524168996,1.6650697393143894,24.11552789251292,-9.650695258588328,59.5444477927839,74.27405496589196,5.080342567203122,13.361459380369244,0.42120975019685153,24.073956237613253,0.8303585221917692,-46.388500039383395,57.849111706190996
Valganciclovir_3,CC1=CC2=C(S1)NC3=CC=CC=C3N=C2N4CCN(CC4)C,295.99038002240627,3.310826264686315,17,4,0,4,1,21,6,-8.434394494138793,2.4924718540302147,17.261944170557538,-9.320366361093123,57.11827423821576,82.32395250411788,1.0,8.913421595615027,0.39623412875458663,23.02975295874385,0.8196631699399533,-41.24732483611456,55.89051852429242
Valganciclovir_4,CC1=CC2=C(S1)NC3=CC=CC=C3N=C2N4CCN(CC4)C,330.4824978655601,3.1379277689988,17,4,0,4,1,21,6,-7.929070564775968,2.192456994963134,21.177898325302056,-9.044463111089199,56.24762335391478,98.47693814793828,1.0,13.697236429822256,0.2971555704089935,26.556760042889362,0.5743359760698816,-44.35090689676338,57.37013852689061
Valganciclovir_5,CC1=CC2=C(S1)NC3=CC=CC=C3N=C2N4CCN(CC4)C,311.9619360179713,2.7516498723419054,17,4,0,4,1,21,6,-8.81614386386013,2.7880094074837958,18.23223633397931,-9.961906248546605,60.60949667206787,72.98639552088056,1.0,12.30840001780347,0.37544347814559653,18.5505399517913,0.592097452401032,-40.8349642761841,63.98042984988114
Valganciclovir_6,CC1=CC2=C(S1)NC3=CC=CC=C3N=C2N4CCN(CC4)C,308.47505084946954,3.07375622978409,17,4,0,4,1,21,6,-9.284322709518207,2.320099891589443,46.73498348726578,-10.097238678507676,50.650297466490336,69.98398290301354,1.0,13.708263650417118,0.4363393930428882,28.767910694905428,0.96458611136461,-40.489092596143,58.43430819882636
Valganciclovir_7,CC1=CC2=C(S1)NC3=CC=CC=C3N=C2N4CCN(CC4)C,331.0908476148119,3.1151250198168876,17,4,0,4,1,21,6,-8.59552557867119,2.5901113929572643,30.52729717874655,-9.514679094008772,53.9996985322319,89.9352336093172,1.0,8.874465616151623,0.37759336878721395,29.96360144009816,0.6167412894883917,-47.12718211697676,59.35386327290553
Valganciclovir_8,CC1=CC2=C(S1)NC3=CC=CC=C3N=C2N4CCN(CC4)C,321.5246574934466,3.000251410099583,17,4,0,4,1,21,6,-9.355702248809694,2.107324234707182,35.252013627668816,-10.116929119098682,63.92751657397132,87.04187795628233,1.0,8.481865281794342,0.35353369065085827,24.58016650406974,1.1203063264439566,-40.3603908749045,59.49492808488147
Valganciclovir_9,CC1=CC2=C(S1)NC3=CC=CC=C3N=C2N4CCN(CC4)C,326.5818957280872,2.740004386059892,17,4,0,4,1,21,6,-9.016875884021063,2.6212866009522973,55.264414707389804,-9.972737916005038,55.511271932055195,95.24403920564927,1.0,11.006121345566086,0.3280382292288546,27.442326760618784,1.2182228584941832,-44.30237496968962,52.77711997314358
Cidofovir_0,C1=CN(C(=O)N=C1N)CC(CO)OCP(=O)(O)O,281.57978645334697,-3.2420650860026714,8,3,6,2,1,17,4,-9.144474527218257,-0.5677983535349627,46.655737488345224,-9.935945947385415,37.9012834906276,10.0,19.378282964873403,0.5,0.34253817000235615,26.258885976275206,0.4185817828729018,-43.88482434581617,70.28488962005535
Cidofovir_1,C1=CN(C(=O)N=C1N)CC(CO)OCP(=O)(O)O,265.840213213988,-3.7202625951783515,8,3,6,2,1,17,4,-8.84039117118802,-0.04690551490037276,53.708604575765506,-9.708844050842522,38.10374038989125,19.978266652161782,20.13891902790669,0.5,0.2514891147205595,25.221297107429923,0.3,-29.53518913244888,75.90699682864386
Cidofovir_2,C1=CN(C(=O)N=C1N)CC(CO)OCP(=O)(O)O,267.09223622713915,-3.2948256026396234,8,3,6,2,1,17,4,-8.76579134067545,0.7547282969506772,44.689045507987544,-9.512229086419076,41.83245494652962,31.16224559513445,19.536709615385938,0.5,0.30146147596895595,30.53931539681029,1.557327453319853,-44.93063552889979,66.66810948837706
Cidofovir_3,C1=CN(C(=O)N=C1N)CC(CO)OCP(=O)(O)O,296.0114354041022,-4.087996972727318,8,3,6,2,1,17,4,-8.118665432048061,-0.5725505651658003,33.03364105428629,-9.023680968344424,28.89075648405506,10.0,16.41860877789244,0.5,0.27088830605869885,15.71652495783186,0.6526040027525446,-47.11372082747323,64.25021807692464
Cidofovir_4,C1=CN(C(=O)N=C1N)CC(CO)OCP(=O)(O)O,289.9398852545005,-4.038053481421012,8,3,6,2,1,17,4,-8.669222313577524,0.41099537159993904,34.98451950096165,-9.917980495479892,39.39133436022223,23.364842766747245,13.73182491015752,0.5,0.09811375175319456,21.4573189334019,0.4700567315856604,-35.760255123953904,76.21872461840704
Cidofovir_5,C1=CN(C(=O)N=C1N)CC(CO)OCP(=O)(O)O,282.02628215008576,-3.767573307825635,8,3,6,2,1,17,4,-8.705211879457384,-0.5211843357391399,17.04224203302474,-9.973565508160053,32.27343473071856,18.95126126508355,16.095027671092762,0.5,0.2681417331912978,21.906086851380284,0.5883120328184088,-28.22116457742682,63.76476515386695
Cidofovir_6,C1=CN(C(=O)N=C1N)CC(CO)OCP(=O)(O)O,261.4389717940389,-3.6143657015866597,8,3,6,2,1,17,4,-8.313299770994703,-0.5400645715951031,30.255732825850735,-9.553602969670925,47.2939405604817,26.000827668944954,20.419070535660932,0.5,0.1757756465056899,12.620542504915434,0.39152076512543865,-32.71968315205052,73.60211327367861
Cidofovir_7,C1=CN(C(=O)N=C1N)CC(CO)OCP(=O)(O)O,286.51457142892184,-3.167433291294039,8,3,6,2,1,17,4,-9.209201200611792,0.21554451172723554,37.440082968485285,-10.359354693074179,38.19368368523938,27.043278967637338,16.58709913310989,0.5,0.374066055556961,23.559485970909574,0.7075320549710076,-44.777090220754125,66.05410095447256
Cidofovir_8,C1=CN(C(=O)N=C1N)CC(CO)OCP(=O)(O)O,286.24593475640023,-3.799033680368378,8,3,6,2,1,17,4,-8.70349787949613,-0.5108270164368841,38.852661098939066,-9.543689551633339,44.1111859453592,17.687704239898977,20.082100718271132,0.5,0.18578779684897173,25.25094116205264,0.3173161069931004,-42.22839289240848,76.61407541252845
Cidofovir_9,C1=CN(C(=O)N=C1N)CC(CO)OCP(=O)(O)O,276.2102263708737,-3.534584060247462,8,3,6,2,1,17,4,-8.116067158075321,0.4346766319833677,34.55011783516319,-9.280593426784943,40.78747136690062,16.01625028911072,18.17182137115907,0.5,0.13296049029608284,22.42346938965251,0.55251090877574,-33.54596350843099,72.37260398558607
Foscarnet_0,C(=O)(O)P(=O)(O)O,136.62265198101545,-1.5705965161508462,1,0,5,0,1,6,2,-7.651513735479541,-0.1150197038066948,30.353221993080645,-8.461520589558566,67.54667436171778,33.15861187246987,23.37826660807641,0.5,0.04506897874110939,24.282302863369967,0.3833801194613807,-30.998262573797106,85.34744144962364
Foscarnet_1,C(=O)(O)P(=O)(O)O,140.7913468725992,-2.3193424586886966,1,0,5,0,1,6,2,-7.9272036135843145,1.0303303861621695,42.06204213587854,-9.188926879832156,58.08897378952783,20.518425108424516,17.623088871538698,2.2772707848262783,0.1443095594292398,18.349727404976775,0.47657685687465223,-34.68002698251954,80.60481426026543
Foscarnet_2,C(=O)(O)P(=O)(O)O,129.3422899273682,-1.6156565720287124,1,0,5,0,1,6,2,-9.04152926559642,0.16149089594965288,25.56902027923726,-9.887813925132352,71.04269592248447,20.276508722052988,24.848526393338396,0.5,0.08786506260873592,11.040245029553944,0.3,-42.865149717520104,82.71429293454337
Foscarnet_3,C(=O)(O)P(=O)(O)O,145.1712736316667,-2.079263437431383,1,0,5,0,1,6,2,-7.847614369429579,0.7300453534356044,39.10976819643385,-8.896013561178005,62.562195171055606,26.63859172189403,24.92822475617189,0.5,0.10011439680717521,22.881746355205433,0.789187008110118,-33.44452027911375,76.96402402059094
Foscarnet_4,C(=O)(O)P(=O)(O)O,108.7601562568995,-1.9502827448366888,1,0,5,0,1,6,2,-8.372918107697762,1.1982285705729114,41.210675034630256,-9.323676029023227,65.15529806132392,35.01342284803823,15.402867524729798,0.5,0.11941878646150843,18.220988789162227,0.3,-33.77402140985932,78.84180052299992
Foscarnet_5,C(=O)(O)P(=O)(O)O,113.71705585946802,-2.3709287530691183,1,0,5,0,1,6,2,-8.245746418463554,1.1499574406272708,20.679984144375496,-9.049867652768244,68.8876512531695,27.321584916020512,20.21210469055709,0.5,0.12399135176834165,17.525702701046743,0.3,-36.64685509179616,82.7878562021871
Foscarnet_6,C(=O)(O)P(=O)(O)O,117.28300013181888,-2.315698603049901,1,0,5,0,1,6,2,-8.066789097585318,1.0034054638933987,31.385254607810467,-9.230300135369193,60.82788024375632,24.79022944197397,19.43346463230393,0.5581362944935672,0.09953557192160922,19.828210005030666,0.9406828546753612,-35.48155069812909,78.37245844989017
Foscarnet_7,C(=O)(O)P(=O)(O)O,125.08933570470616,-2.1107913813765613,1,0,5,0,1,6,2,-7.679042819729594,-0.13389659868736392,43.49962412479164,-8.898382763307865,60.702683187004325,51.31280629360606,17.81146969117248,0.5,0.0968438493444376,20.183481109124703,0.4951131025999558,-25.795692309177795,66.74926733967423
Foscarnet_8,C(=O)(O)P(=O)(O)O,116.36169633458097,-2.183542869125584,1,0,5,0,1,6,2,-8.95113680305554,1.174233599338319,25.95285458566138,-9.88209495064672,48.21058830153122,37.08963524975367,20.690571671108145,0.5,0.05072301996395351,14.721310835747017,0.38560375508940503,-40.4361235931372,79.45479947230618
Foscarnet_9,C(=O)(O)P(=O)(O)O,127.3429419143842,-2.0943547405527623,1,0,5,0,1,6,2,-7.750450530383899,0.28816300909970916,51.18253757522176,-8.48362610138041,48.975616685478045,38.90295023916614,14.38158968501983,0.5,0.12791682116058528,26.02687546053353,0.3,-30.879509099773014,68.33692709464249
Maribavir_0,CC(C1=CC(=CC(=C1)C(F)(F)F)C(F)(F)F)OC2C(N(CCO2)CC3=NC(=O)N(N3)P(=O)(O)O)C4=CC=C(C=C4)F,609.7806325482507,0.8469589503775858,23,4,6,4,1,33,9,-8.41374284076363,2.299518178109097,56.42068746666344,-9.414743023787087,20.0,76.44721711623002,1.0,12.51941121671453,0.3804957419462191,34.58851003758311,0.4080484208240449,-35.12710668450278,52.279283962362236
Maribavir_1,CC(C1=CC(=CC(=C1)C(F)(F)F)C(F)(F)F)OC2C(N(CCO2)CC3=NC(=O)N(N3)P(=O)(O)O)C4=CC=C(C=C4)F,612.2207125797264,1.4669685146183153,23,4,6,4,1,33,9,-8.807710642661666,2.006003072226423,41.65492128653629,-9.631301972502088,20.0,57.55281781633714,1.0,10.500215364488785,0.4016011073425188,34.65512918444604,0.39667899948405566,-42.65936874379382,63.923596893567755
Maribavir_2,CC(C1=CC(=CC(=C1)C(F)(F)F)C(F)(F)F)OC2C(N(CCO2)CC3=NC(=O)N(N3)P(=O)(O)O)C4=CC=C(C=C4)F,633.0648888358443,0.943439102836044,23,4,6,4,1,33,9,-9.01679877594437,2.12848070001741,27.866009448206405,-9.975274898066713,20.0,80.57154733133555,1.0,14.528991642493896,0.36208136545941033,31.003207668131548,1.1484496842788547,-45.75116628246882,55.132430191578145
Maribavir_3,CC(C1=CC(=CC(=C1)C(F)(F)F)C(F)(F)F)OC2C(N(CCO2)CC3=NC(=O)N(N3)P(=O)(O)O)C4=CC=C(C=C4)F,633.3961709124094,0.9111134169948486,23,4,6,4,1,33,9,-8.641495568461346,1.6224743532106463,49.798768254629394,-9.777410859236358,20.0,71.23090728878762,1.0,8.962851969485051,0.31267985060287423,26.467091154437924,0.8375410059664729,-45.80817017675062,52.334507792660986
Maribavir_4,CC(C1=CC(=CC(=C1)C(F)(F)F)C(F)(F)F)OC2C(N(CCO2)CC3=NC(=O)N(N3)P(=O)(O)O)C4=CC=C(C=C4)F,595.6141522213202,1.343812863658306,23,4,6,4,1,33,9,-8.827069165287504,1.6981508182600433,61.62163073656906,-9.982108399426046,20.0,80.07281248812058,1.0,12.086471909172062,0.34378500419978586,35.29704003596067,1.31138584575699,-40.530245497993455,54.932832429022156
Maribavir_5,CC(C1=CC(=CC(=C1)C(F)(F)F)C(F)(F)F)OC2C(N(CCO2)CC3=NC(=O)N(N3)P(=O)(O)O)C4=CC=C(C=C4)F,622.5612581036662,0.7174529322172359,23,4,6,4,1,33,9,-8.850493575964148,1.1597152432308,27.63912579975872,-9.578509275414724,20.0,81.94086523891131,1.0,9.56982126364661,0.37298005347837004,30.61566657489666,0.6197182870672289,-45.76996721249748,49.3017022817724
Maribavir_6,CC(C1=CC(=CC(=C1)C(F)(F)F)C(F)(F)F)OC2C(N(CCO2)CC3=NC(=O)N(N3)P(=O)(O)O)C4=CC=C(C=C4)F,621.8893737384273,0.81283419752422,23,4,6,4,1,33,9,-8.710018319554472,1.4197094735950766,61.34626117741641,-9.43721850542703,20.0,78.14364402007877,1.0,10.750837843768764,0.368884606542447,27.571455982847105,1.0129107801547863,-41.172898121199665,50.563120601053356
Maribavir_7,CC(C1=CC(=CC(=C1)C(F)(F)F)C(F)(F)F)OC2C(N(CCO2)CC3=NC(=O)N(N3)P(=O)(O)O)C4=CC=C(C=C4)F,622.1168091689915,1.4873684723122,23,4,6,4,1,33,9,-8.251358314852775,1.8856812317377467,22.681102102791513,-9.305848762377682,20.0,82.05026317134173,1.0,10.154961521706802,0.4184818112702906,32.17214597355027,1.1575920074568389,-32.75825334436755,47.07766710707446
Maribavir_8,CC(C1=CC(=CC(=C1)C(F)(F)F)C(F)(F)F)OC2C(N(CCO2)CC3=NC(=O)N(N3)P(=O)(O)O)C4=CC=C(C=C4)F,615.1499138845884,0.5511655064454759,23,4,6,4,1,33,9,-8.497741536323899,1.8268102036427067,46.6752763310311,-9.24868246362988,20.0,67.12342342371684,1.0,12.68650412949901,0.2634965090426939,33.284883745315575,1.157467483109796,-41.281477465930415,63.52863047343965
Maribavir_9,CC(C1=CC(=CC(=C1)C(F)(F)F)C(F)(F)F)OC2C(N(CCO2)CC3=NC(=O)N(N3)P(=O)(O)O)C4=CC=C(C=C4)F,626.7182931243607,1.2677646177143376,23,4,6,4,1,33,9,-8.509287835314142,1.5713359274814573,34.69741134978819,-9.700229676657425,20.0,55.998235977152504,1.0,11.181856310693918,0.28302197160108794,36.17113717539504,1.0892974316415809,-41.151978946932125,58.438280715972866
Letermovir_0,CC1=CC(=C(C=C1C2CCNCC2)OC(C)C)NC3=NC=C(C(=N3)NC4=CC=CC=C4S(=O)(=O)C(C)C)Cl,565.7657360789327,6.695011536928471,29,5,3,4,1,37,11,-8.410948830678862,3.5991952689349804,54.534991829975944,-9.364536789947062,31.45435470694135,99.0,1.0,21.841064026680275,0.33304238686634985,33.83879762939533,0.3567860506754744,-45.62400431679905,52.22684878336638
Letermovir_1,CC1=CC(=C(C=C1C2CCNCC2)OC(C)C)NC3=NC=C(C(=N3)NC4=CC=CC=C4S(=O)(=O)C(C)C)Cl,542.5958810870405,5.949308987109825,29,5,3,4,1,37,11,-8.485031674614735,2.7898029643611566,26.982619311494364,-9.258755137475633,35.114191739461454,99.0,1.0,22.36680988124174,0.32784170964201664,33.57422596167805,0.928605363020071,-46.52437028321676,55.483218557323845
Letermovir_2,CC1=CC(=C(C=C1C2CCNCC2)OC(C)C)NC3=NC=C(C(=N3)NC4=CC=CC=C4S(=O)(=O)C(C)C)Cl,575.326890222496,5.924644404636323,29,5,3,4,1,37,11,-8.626218824738704,2.8368255340739,31.563921610097353,-9.695183991307326,35.16668235107692,99.0,1.0,23.41610050527047,0.38288367716741006,30.814812292846675,1.1205882180924216,-50.54246299816449,49.23063422601276
Letermovir_3,CC1=CC(=C(C=C1C2CCNCC2)OC(C)C)NC3=NC=C(C(=N3)NC4=CC=CC=C4S(=O)(=O)C(C)C)Cl,571.1556124640223,6.6014991014651665,29,5,3,4,1,37,11,-9.285033481809796,3.72132291943715,54.61714309641597,-10.000369895426712,29.616499642883777,99.0,1.0,20.017684435176026,0.38409642265971566,32.44501657218163,1.0898129570749844,-46.966255090000175,51.746833242051174
Letermovir_4,CC1=CC(=C(C=C1C2CCNCC2)OC(C)C)NC3=NC=C(C(=N3)NC4=CC=CC=C4S(=O)(=O)C(C)C)Cl,548.8257291844768,6.215668481164066,29,5,3,4,1,37,11,-8.929015483390934,2.71598563607158,38.237789112932106,-9.947600519560204,35.439798157068644,99.0,1.0,17.877126564491267,0.34912419516284293,24.072323245509963,1.2644595581267088,-50.39633484415417,56.197838466652236
Letermovir_5,CC1=CC(=C(C=C1C2CCNCC2)OC(C)C)NC3=NC=C(C(=N3)NC4=CC=CC=C4S(=O)(=O)C(C)C)Cl,573.1848187064916,6.143179980264226,29,5,3,4,1,37,11,-8.427876846644311,3.6165982911025023,22.7538850934261,-9.369267445330236,39.166848218420725,99.0,1.0,22.229618496989197,0.33858877935013537,30.733355018057757,1.0873653093959201,-37.094296003415025,53.38627722873909
Letermovir_6,CC1=CC(=C(C=C1C2CCNCC2)OC(C)C)NC3=NC=C(C(=N3)NC4=CC=CC=C4S(=O)(=O)C(C)C)Cl,545.469946062907,5.957002387551935,29,5,3,4,1,37,11,-9.065855951812047,2.922073059287074,25.23715056558226,-9.819183650976873,37.19692985911077,99.0,1.0,20.253539460382118,0.3227535040254933,33.34526210335114,0.9909305763397929,-38.02987177001828,55.617714217627466
Letermovir_7,CC1=CC(=C(C=C1C2CCNCC2)OC(C)C)NC3=NC=C(C(=N3)NC4=CC=CC=C4S(=O)(=O)C(C)C)Cl,567.767365159673,6.575230837562038,29,5,3,4,1,37,11,-9.121697674057527,3.8938555997160957,21.861928559495542,-10.392294887074764,31.949637508453932,99.0,1.0,19.46201676257346,0.3000102489277763,26.739665289478573,1.0425306667246657,-39.79380658079507,60.92300970181432
Letermovir_8,CC1=CC(=C(C=C1C2CCNCC2)OC(C)C)NC3=NC=C(C(=N3)NC4=CC=CC=C4S(=O)(=O)C(C)C)Cl,540.3485562183952,6.647520636746505,29,5,3,4,1,37,11,-8.548822982267481,3.16205490374836,26.206405667145,-9.770908774216753,38.687896662087766,99.0,1.0,22.55099296126598,0.38282594078957694,38.08098172512853,1.2610545263317128,-40.72419016736819,56.10549535568342
Letermovir_9,CC1=CC(=C(C=C1C2CCNCC2)OC(C)C)NC3=NC=C(C(=N3)NC4=CC=CC=C4S(=O)(=O)C(C)C)Cl,558.1247812933573,6.811785112381772,29,5,3,4,1,37,11,-9.516279135983144,3.0625358970208048,46.77989095973011,-10.627781897680961,37.007812762123876,99.0,1.0,20.085942083147682,0.39433611582038797,32.81001338200265,0.3457592557518432,-45.21161838884018,55.853055459061146
Brivudine_0,CC(C)NCC(COC1=CC=C(C=C1)CCC(=O)OC)O,311.981597615171,1.6656855648662634,16,1,4,2,1,21,4,-8.139921835739763,2.1022251728678922,25.2225658460726,-9.345865578548779,58.06226240121278,88.32641670244391,1.0196847447713715,11.64582128931536,0.12484946244704823,19.662385252773696,0.35537037135697946,-44.57223079016266,63.68953408094271
Brivudine_1,CC(C)NCC(COC1=CC=C(C=C1)CCC(=O)OC)O,307.19313505030345,1.54138355421634,16,1,4,2,1,21,4,-9.263723597340292,1.2885459288032104,42.16990809598609,-10.019532286277345,55.84374456068899,80.16950540920298,3.2266031412731917,7.11813822338851,0.28622404237437316,22.08269432601835,0.30613493050425766,-43.19448376838316,63.93537576480435
Brivudine_2,CC(C)NCC(COC1=CC=C(C=C1)CCC(=O)OC)O,311.00895538762813,1.969497258518576,16,1,4,2,1,21,4,-8.115480649758505,2.0984767576093297,23.79471927872265,-9.35691462689311,51.34022313525628,83.50206403816195,4.924400353201824,13.642255078697083,0.29233974202040974,29.016315131382612,0.3,-33.892620840866904,62.60654106773469
Brivudine_3,CC(C)NCC(COC1=CC=C(C=C1)CCC(=O)OC)O,292.88060219952513,1.71037088910812,16,1,4,2,1,21,4,-9.168586562552862,2.6207698477751755,22.45204816553105,-10.053519979067673,51.023840982308755,80.84707130874096,1.5224373737721084,9.925491237928572,0.21816582995947661,23.563677850200353,0.8214435643845097,-47.12531484929094,72.21820161680141
Brivudine_4,CC(C)NCC(COC1=CC=C(C=C1)CCC(=O)OC)O,276.49486025111696,1.7753213457730137,16,1,4,2,1,21,4,-9.063194430675487,2.537598179583091,53.537434369378445,-10.258325659750527,55.62980944970871,79.58191333148247,3.1337728382848846,9.377343593996915,0.2538608375997142,23.514864947312134,1.0147946558466974,-37.30603215154394,67.94411234039971
Brivudine_5,CC(C)NCC(COC1=CC=C(C=C1)CCC(=O)OC)O,313.98794538402484,2.315814348190744,16,1,4,2,1,21,4,-8.860130022813497,1.3524781816453135,48.827542977877386,-10.019111243526346,48.947966383147914,66.34586749684534,8.592321838525462,7.699459682815876,0.24429845019335514,27.606580098695126,0.43580136979929135,-36.42817687408923,64.47465752563994
Brivudine_6,CC(C)NCC(COC1=CC=C(C=C1)CCC(=O)OC)O,278.1727478288476,1.456625557377558,16,1,4,2,1,21,4,-8.674313280098378,2.32599875712342,21.33723412399604,-9.38785036957597,50.7966929601556,72.51394582058052,5.8619578081781585,8.323214416299123,0.19586544886219445,23.5529964668079,0.3,-30.844533580684434,67.02181877247659
Brivudine_7,CC(C)NCC(COC1=CC=C(C=C1)CCC(=O)OC)O,289.83160751051827,1.9347994662811923,16,1,4,2,1,21,4,-8.1005672242583,2.0044862087549657,53.0579368482197,-9.10252116745471,57.93683393090202,73.40130931930955,7.014538837553084,11.535155785563727,0.2792790760662498,22.60051576805087,0.32101890445263886,-40.72020692384717,65.64331367572218
Brivudine_8,CC(C)NCC(COC1=CC=C(C=C1)CCC(=O)OC)O,283.83026997127075,2.1360354004260653,16,1,4,2,1,21,4,-9.414336739566957,1.8451336772669944,48.54967028457294,-10.455096368526988,55.88765037125436,85.38893526464717,2.7873184389493035,11.367079985013849,0.3150866530597093,29.6859166542335,0.3,-44.17572734597974,65.70480561392633
Brivudine_9,CC(C)NCC(COC1=CC=C(C=C1)CCC(=O)OC)O,304.09272644803445,1.8426937019674359,16,1,4,2,1,21,4,-8.400024169631088,1.8924003719510882,22.40784261189825,-9.124176736753906,56.22502267538164,86.44296004641511,1.8980772779699193,9.603852879688993,0.21785084763393028,29.023253157196514,0.3,-38.933148390153896,67.06304462436542
Idoxuridine_0,CC1=C(C2=C(N1C(=O)C3=CC=C(C=C3)Cl)C=CC(=C2)OC)CC(=O)OCC=C(C)CCC=C(C)CCC=C(C)C,550.2702587174559,9.926802630064845,35,1,4,4,1,40,12,-9.398328809468333,4.116195113261919,53.76768017926902,-10.345270065196262,40.80155457611247,99.0,1.0,24.0,0.2894197993328287,30.90277994214692,0.9459983556810017,-43.404494130140385,57.95811927570049
Idoxuridine_1,CC1=C(C2=C(N1C(=O)C3=CC=C(C=C3)Cl)C=CC(=C2)OC)CC(=O)OCC=C(C)CCC=C(C)CCC=C(C)C,560.6574505381957,9.545818587022575,35,1,4,4,1,40,12,-8.838113765814334,5.260134431678191,40.44934061047552,-9.846582402100566,29.566220050915298,99.0,1.0,24.0,0.43611788481480473,35.60929873209229,1.3429843245258581,-52.31613242409232,49.15277437705001
Idoxuridine_2,CC1=C(C2=C(N1C(=O)C3=CC=C(C=C3)Cl)C=CC(=C2)OC)CC(=O)OCC=C(C)CCC=C(C)CCC=C(C)C,558.3532892385507,10.226585383218382,35,1,4,4,1,40,12,-9.672263224777483,4.269776886911187,59.33256058133489,-10.652430050720657,47.65470066569448,99.0,1.0,24.0,0.3789708474324871,29.850879891441828,1.2609750692920867,-50.10514309383609,55.99182758714936
Idoxuridine_3,CC1=C(C2=C(N1C(=O)C3=CC=C(C=C3)Cl)C=CC(=C2)OC)CC(=O)OCC=C(C)CCC=C(C)CCC=C(C)C,566.6799784102077,10.192469093952013,35,1,4,4,1,40,12,-9.365632722518619,4.395052103856045,41.93288679017242,-10.61510491581236,41.780921394244416,99.0,1.0,24.0,0.31391128289264414,36.35113112333601,0.5429230602983761,-43.998685730830175,64.9136590896346
Idoxuridine_4,CC1=C(C2=C(N1C(=O)C3=CC=C(C=C3)Cl)C=CC(=C2)OC)CC(=O)OCC=C(C)CCC=C(C)CCC=C(C)C,555.6402751770189,9.307091812774372,35,1,4,4,1,40,12,-8.417940066484638,4.26303881533696,31.17349918523384,-9.125131689245386,51.49267345408552,99.0,1.0,24.0,0.32685982650734186,29.259746010135494,0.44602171802483875,-46.08630946324114,59.31966057293644
Idoxuridine_5,CC1=C(C2=C(N1C(=O)C3=CC=C(C=C3)Cl)C=CC(=C2)OC)CC(=O)OCC=C(C)CCC=C(C)CCC=C(C)C,558.1142650735933,10.247152936006355,35,1,4,4,1,40,12,-9.320376032495561,5.00482651028961,27.106332014400127,-10.524576222875272,45.3529586383035,99.0,1.0,24.0,0.3432101239561462,29.08853599565782,0.4004196190515544,-43.95015576976463,61.93787350536177
Idoxuridine_6,CC1=C(C2=C(N1C(=O)C3=CC=C(C=C3)Cl)C=CC(=C2)OC)CC(=O)OCC=C(C)CCC=C(C)CCC=C(C)C,568.7378866432186,10.122657468480428,35,1,4,4,1,40,12,-8.909694076928108,4.924420719511832,40.59709058257036,-9.671174681014858,41.09574617660331,99.0,1.0,24.0,0.3707305877694766,32.90842767313268,1.571026894014726,-39.71749308173157,55.83720517035674
Idoxuridine_7,CC1=C(C2=C(N1C(=O)C3=CC=C(C=C3)Cl)C=CC(=C2)OC)CC(=O)OCC=C(C)CCC=C(C)CCC=C(C)C,576.9957825341926,9.913116239069243,35,1,4,4,1,40,12,-8.319921805187871,4.579689614386256,39.62451910022088,-9.320541038655396,44.69649579101694,99.0,1.0,24.0,0.36763387020725435,28.304146321860156,0.8690398635021712,-48.510292646064,55.762786521529875
Idoxuridine_8,CC1=C(C2=C(N1C(=O)C3=CC=C(C=C3)Cl)C=CC(=C2)OC)CC(=O)OCC=C(C)CCC=C(C)CCC=C(C)C,563.9499040052341,9.389473122810388,35,1,4,4,1,40,12,-8.535805825335432,5.210173752888477,41.976618533412825,-9.792066754212438,37.31239102286683,99.0,1.0,24.0,0.3667476182345137,34.71909156315517,1.3545114412258072,-45.5686945865518,53.26032622868439
Idoxuridine_9,CC1=C(C2=C(N1C(=O)C3=CC=C(C=C3)Cl)C=CC(=C2)OC)CC(=O)OCC=C(C)CCC=C(C)CCC=C(C)C,567.6680731755985,9.535682534575885,35,1,4,4,1,40,12,-8.926976128260371,5.04659386451747,55.48814487978642,-10.167433529308562,38.70686850409295,99.0,1.0,24.0,0.3814152394521077,27.070969419285426,1.2379330665869999,-49.03501600368879,54.80449671760156
Trifluridine_0,C1C(C(OC1N2C=C(C(=O)NC2=O)C(F)(F)F)CO)O,297.6275588182412,-0.605809505400092,10,2,5,4,1,17,3,-8.91049042466823,1.6438503851744564,20.9960719650704,-9.69053301151093,41.502857391001044,52.92038551678461,5.852831445796834,4.196973489807629,0.41813732171443296,28.64966485114011,0.8590303615287184,-44.765994578287135,62.246896493981474
Trifluridine_1,C1C(C(OC1N2C=C(C(=O)NC2=O)C(F)(F)F)CO)O,295.6593106292969,-0.6659544515800404,10,2,5,4,1,17,3,-9.112304692829344,1.072807399020467,34.800100422580925,-10.118117199183446,46.571906188490125,53.15667086676148,10.276691030045919,1.3211567447870958,0.3177416893733363,36.483728117736746,0.7527015811123918,-37.044423889436295,66.13248329173045
Trifluridine_2,C1C(C(OC1N2C=C(C(=O)NC2=O)C(F)(F)F)CO)O,285.9386817626704,-0.5422353872958658,10,2,5,4,1,17,3,-8.000231489445985,0.6916010739387437,53.89524687023935,-9.11717167735427,45.72441524373097,40.81195065642109,10.860554374685817,0.8037564893551532,0.2641487938024566,28.419579121663414,1.0520945071683079,-36.537902783154124,61.7346425482157
Trifluridine_3,C1C(C(OC1N2C=C(C(=O)NC2=O)C(F)(F)F)CO)O,290.3011696520207,-0.2773164255255134,10,2,5,4,1,17,3,-8.979280223075417,0.6423156096160432,44.295845085630724,-10.266590329065767,42.935445296629624,62.34244291431373,8.143695742024349,6.215476708632196,0.27096366313729325,28.10066210731159,0.6098514644279849,-38.63039280876182,65.32582598272812
Trifluridine_4,C1C(C(OC1N2C=C(C(=O)NC2=O)C(F)(F)F)CO)O,278.28095020117786,-0.8863539613032806,10,2,5,4,1,17,3,-8.318837946679283,1.6922008401853046,20.989485020734975,-9.511726073115723,42.24663447752944,50.811208272746626,9.214055333634537,5.184980496813458,0.37089192395130977,28.65483534130609,1.1611106874802464,-42.77846839585614,62.52772987222187
Trifluridine_5,C1C(C(OC1N2C=C(C(=O)NC2=O)C(F)(F)F)CO)O,276.9211603583565,-0.8976678204659368,10,2,5,4,1,17,3,-7.84587756242664,1.832524354922843,48.01494788589911,-8.673843753586516,40.54331786445073,35.63346486669997,9.68093773958823,3.765507773279368,0.32872840376989787,30.866266465653165,0.7116023796874424,-39.665394895296814,64.20763645344613
Trifluridine_6,C1C(C(OC1N2C=C(C(=O)NC2=O)C(F)(F)F)CO)O,278.21291731738654,-0.9370925239819761,10,2,5,4,1,17,3,-8.455748070546068,1.733122708906861,41.420099248368864,-9.27465253062076,35.58394340134285,46.68826429194393,7.716473701944904,5.661221906858844,0.23542581384796105,35.65889597772803,1.0365204249409596,-37.32860826259582,70.0643721259304
Trifluridine_7,C1C(C(OC1N2C=C(C(=O)NC2=O)C(F)(F)F)CO)O,292.4963152541874,-0.013430509220673459,10,2,5,4,1,17,3,-8.121020186990183,0.3820394908709558,45.6581158228005,-8.987022004593806,58.19327026406312,51.969520195715056,8.977422739899156,3.7509091119901976,0.32536106708093954,22.714800744059154,0.488782201347596,-37.11343800138585,60.96119082703217
Trifluridine_8,C1C(C(OC1N2C=C(C(=O)NC2=O)C(F)(F)F)CO)O,281.6250646402925,-0.8543713532945766,10,2,5,4,1,17,3,-7.9238895251923385,0.5466053979143608,18.0370357563441,-8.848384808202914,61.85930185090252,61.8049272014425,5.668372499745833,5.168236174853796,0.33626635951980044,21.404938236027487,0.5017839024032027,-33.78447464697308,62.07933451128035
Trifluridine_9,C1C(C(OC1N2C=C(C(=O)NC2=O)C(F)(F)F)CO)O,279.81675911166644,-0.05214343274633926,10,2,5,4,1,17,3,-8.886147425855789,1.297543219962594,47.23382697005547,-9.623658722416327,51.31413012012602,44.10490587140717,10.828096832076032,5.967408433284602,0.3429577579114684,22.37576931328564,1.3385488284400024,-38.65711032476289,66.07415629708807
Vidarabine_0,C1=NC(=C2C(=N1)N(C=N2)C3C(C(C(O3)CO)O)O)N,279.17814020204764,-0.8927716716645768,10,5,4,4,1,19,4,-8.267835895460369,0.6391520689427619,31.435216547341682,-9.53710131761778,42.973899965913255,44.26604153079693,6.9948844357945,0.9004051550602559,0.4002122290805104,27.05059065254015,0.7690451756109217,-42.91016512722624,57.663010842246386
Vidarabine_1,C1=NC(=C2C(=N1)N(C=N2)C3C(C(C(O3)CO)O)O)N,273.00852063958473,-0.9492756156661998,10,5,4,4,1,19,4,-8.165572679445551,0.6834161962240319,19.57700099426057,-9.088648721189726,46.42865877029343,40.19877888911038,16.036228271311114,4.794730857131537,0.37456538227923925,19.54775256697768,0.9551403362689201,-32.09900426384458,59.69029900157641
Vidarabine_2,C1=NC(=C2C(=N1)N(C=N2)C3C(C(C(O3)CO)O)O)N,260.73908182851886,-1.5819189077943148,10,5,4,4,1,19,4,-9.180232228532734,1.4742929195270902,52.13650287117745,-10.423322712580841,56.61366416071737,46.786745012250826,13.822575099418037,5.968874576662181,0.38903636352011545,22.630492140267723,0.7064255376150049,-40.27815414526224,62.41430880330019
Vidarabine_3,C1=NC(=C2C(=N1)N(C=N2)C3C(C(C(O3)CO)O)O)N,249.8650435271127,-1.0505881679390354,10,5,4,4,1,19,4,-8.480494802616137,0.958148715067649,40.128103713083476,-9.382400595538911,47.57870542317904,40.66668307335619,13.690572483615428,3.1467954538126537,0.4281661850886008,28.56616114250834,0.4559540429142905,-35.735667143143665,62.68601275695333
Vidarabine_4,C1=NC(=C2C(=N1)N(C=N2)C3C(C(C(O3)CO)O)O)N,285.9036308089327,-1.147784899898282,10,5,4,4,1,19,4,-8.766299401092672,1.1124255189991694,25.571448933272578,-9.847559544580754,46.36663684511076,47.82082116873045,12.781017531838668,5.646765649536487,0.4061626527757093,28.5137046744402,0.9597416501284977,-46.76169125542564,61.387434635903446
Vidarabine_5,C1=NC(=C2C(=N1)N(C=N2)C3C(C(C(O3)CO)O)O)N,262.5345332424651,-1.1568726546770856,10,5,4,4,1,19,4,-8.094178455001828,0.7174853534498431,53.41289625562148,-9.202345945397916,53.595448699543326,39.09929824430845,11.353266265429994,1.261573516028035,0.42262891254487145,23.457605541076436,1.3311177407877635,-29.48297456730277,59.92267037954103
Vidarabine_6,C1=NC(=C2C(=N1)N(C=N2)C3C(C(C(O3)CO)O)O)N,271.9641186224679,-1.0904911267757982,10,5,4,4,1,19,4,-8.444285703154433,0.6843441062492532,36.38266307605838,-9.259006036453743,50.24302262045994,26.58143192851899,8.466500712348214,4.914659552892575,0.38100537228579595,24.046607456686186,1.0472384224223152,-30.348153781938656,64.32158244318697
Vidarabine_7,C1=NC(=C2C(=N1)N(C=N2)C3C(C(C(O3)CO)O)O)N,253.9694631643397,-1.4100652563389802,10,5,4,4,1,19,4,-8.698624519669153,0.6724690735795589,18.603755908517677,-9.88262097950192,48.64184901329035,43.42638200992749,13.760715178552537,1.8257548920105515,0.36421841512374414,27.481070889290553,1.7989418343296946,-35.504317131666255,59.12918650855876
Vidarabine_8,C1=NC(=C2C(=N1)N(C=N2)C3C(C(C(O3)CO)O)O)N,284.070833985443,-0.6315808694995922,10,5,4,4,1,19,4,-8.571068257022413,0.5627531265012446,25.243319249325854,-9.483925670290414,53.537413255252964,48.246998568674705,9.857700034086886,2.8574407253243055,0.4465827570487183,27.569619825452037,0.8740816836183238,-40.22268961289457,61.827343582014855
Vidarabine_9,C1=NC(=C2C(=N1)N(C=N2)C3C(C(C(O3)CO)O)O)N,267.38877738359827,-0.769797115654238,10,5,4,4,1,19,4,-8.690829013083386,0.8206405412116573,53.14548376993976,-9.586663113885368,45.73618221028848,43.88153800098473,9.855049597826236,2.7686510381024587,0.28669692855695106,33.74377456364179,0.49510494981911196,-44.67314747156944,68.23405221623531
Lopinavir_0,CC1=C(C(=CC=C1)C)OCC(=O)NC(CC2=CC=CC=C2)C(CC(CC3=CC=CC=C3)NC(=O)C(C(C)C)N4CCCNC4=O)O,612.3256897356316,5.813665523583207,37,4,5,4,1,46,12,-9.416018342101403,2.9742184655544905,59.99692091035429,-10.168693799351892,27.755003133927417,99.0,1.0,24.0,0.4759214114184723,32.218852913701106,1.3163645807382756,-47.24823241961111,49.85312544840639
Lopinavir_1,CC1=C(C(=CC=C1)C)OCC(=O)NC(CC2=CC=CC=C2)C(CC(CC3=CC=CC=C3)NC(=O)C(C(C)C)N4CCCNC4=O)O,611.1904909671354,6.288599280437153,37,4,5,4,1,46,12,-9.545241249431902,3.506767946810233,62.20170948688716,-10.678506573839249,20.0,99.0,1.0,23.903723009588504,0.3573327185509944,37.88196886572374,0.9280875778165302,-47.972663837964475,53.16123858580735
Lopinavir_2,CC1=C(C(=CC=C1)C)OCC(=O)NC(CC2=CC=CC=C2)C(CC(CC3=CC=CC=C3)NC(=O)C(C(C)C)N4CCCNC4=O)O,648.3348226688628,5.8652775312759236,37,4,5,4,1,46,12,-8.913610669191092,2.9385481167877665,43.05954306794656,-9.649196556557152,23.407438776963886,99.0,1.0,23.753823588976278,0.3499044625732653,29.60145543250801,1.0774149992024975,-48.17882599608795,51.16960855130858
Lopinavir_3,CC1=C(C(=CC=C1)C)OCC(=O)NC(CC2=CC=CC=C2)C(CC(CC3=CC=CC=C3)NC(=O)C(C(C)C)N4CCCNC4=O)O,630.9081556018216,5.514741958338192,37,4,5,4,1,46,12,-8.507356746230412,2.8600781493891443,40.018819208772506,-9.71321517174274,32.13789153199756,99.0,1.0,22.06169018623142,0.37170622029890693,35.13086410806404,1.1857798322859523,-43.85723441067904,56.34608338546332
Lopinavir_4,CC1=C(C(=CC=C1)C)OCC(=O)NC(CC2=CC=CC=C2)C(CC(CC3=CC=CC=C3)NC(=O)C(C(C)C)N4CCCNC4=O)O,610.4432945982221,5.747288474305698,37,4,5,4,1,46,12,-8.609206487024228,3.260967089200353,33.33046179916026,-9.896584345547947,28.88147501045674,99.0,1.0,22.670042176547533,0.370892590457433,32.11137560608558,0.32331159230818385,-49.465693363573735,49.53097926605753
Lopinavir_5,CC1=C(C(=CC=C1)C)OCC(=O)NC(CC2=CC=CC=C2)C(CC(CC3=CC=CC=C3)NC(=O)C(C(C)C)N4CCCNC4=O)O,629.4852756804255,5.517064412981863,37,4,5,4,1,46,12,-8.817842783754012,3.495803397581897,60.52761990767673,-9.95701447132683,32.6205103902956,99.0,1.0,23.717537982846963,0.39175091892510605,35.959014855777816,0.8825431813831044,-44.77019185738217,53.94357027376468
Lopinavir_6,CC1=C(C(=CC=C1)C)OCC(=O)NC(CC2=CC=CC=C2)C(CC(CC3=CC=CC=C3)NC(=O)C(C(C)C)N4CCCNC4=O)O,647.4408583652083,5.53063438155736,37,4,5,4,1,46,12,-9.212266582134525,2.6569759087613067,46.2757391670562,-10.222770745817927,23.90052808124145,99.0,1.0,22.698717491275776,0.45033486397429284,32.60790468595941,0.36465827868618184,-44.264881271383196,46.91279443161454
Lopinavir_7,CC1=C(C(=CC=C1)C)OCC(=O)NC(CC2=CC=CC=C2)C(CC(CC3=CC=CC=C3)NC(=O)C(C(C)C)N4CCCNC4=O)O,629.139161412321,5.632901838649482,37,4,5,4,1,46,12,-8.977755176849628,2.5054251249966835,31.447179677341857,-9.809472493821536,21.919222792462584,99.0,1.0,21.959195915037576,0.3715580254020628,36.7097373866046,1.10426409405004,-45.447850129143674,52.72257394693047
Lopinavir_8,CC1=C(C(=CC=C1)C)OCC(=O)NC(CC2=CC=CC=C2)C(CC(CC3=CC=CC=C3)NC(=O)C(C(C)C)N4CCCNC4=O)O,635.5726166545401,6.288272196511507,37,4,5,4,1,46,12,-9.68799496353309,3.5574108812768745,61.80644697555406,-10.89457940487953,20.63824612883104,99.0,1.0,22.732827799782687,0.41836071941287706,33.33587385654788,1.0879889459114602,-49.63458080830939,50.30680526640935
Lopinavir_9,CC1=C(C(=CC=C1)C)OCC(=O)NC(CC2=CC=CC=C2)C(CC(CC3=CC=CC=C3)NC(=O)C(C(C)C)N4CCCNC4=O)O,632.2261734171519,5.4084955786072095,37,4,5,4,1,46,12,-9.109912926940943,3.377126341078065,30.115994111822445,-9.926932826611932,23.043078850910163,99.0,1.0,21.934704958814073,0.5,34.22913102298148,0.5054507348075479,-46.574598120291846,42.17757880281574
Darunavir_0,CC(C)CN(CC(C(CC1=CC=CC=C1)NC(=O)OC2COC3C2CCO3)O)S(=O)(=O)C4=CC=C(C=C4)N,550.1844353049293,2.4058647278871614,27,3,7,4,1,37,9,-9.381508974424333,2.536188104459278,35.60545544826089,-10.649747413083043,21.40689584694664,80.92949956153845,1.0,12.099078902806804,0.3459353216380735,28.66787558897448,0.9958295071658613,-37.7688854013649,51.028792564087986
Darunavir_1,CC(C)CN(CC(C(CC1=CC=CC=C1)NC(=O)OC2COC3C2CCO3)O)S(=O)(=O)C4=CC=C(C=C4)N,546.5280399796425,2.4491483903451767,27,3,7,4,1,37,9,-8.357764802680414,2.7885537683111843,24.06915956365163,-9.233682644954111,20.0,88.34888560939655,1.0,16.72711178528968,0.2689142281507525,31.17281367244558,0.9462543980482984,-47.270939733775336,59.33828274356501
Darunavir_2,CC(C)CN(CC(C(CC1=CC=CC=C1)NC(=O)OC2COC3C2CCO3)O)S(=O)(=O)C4=CC=C(C=C4)N,542.3411306298607,3.207107020319513,27,3,7,4,1,37,9,-8.526593209019538,2.6524370779671385,39.11235332191439,-9.645595864040848,30.384702779635198,87.2588389857189,1.0,16.497594419005445,0.350127921865514,30.60792817397056,0.918507166448016,-39.50262178798421,61.287048274654055
Darunavir_3,CC(C)CN(CC(C(CC1=CC=CC=C1)NC(=O)OC2COC3C2CCO3)O)S(=O)(=O)C4=CC=C(C=C4)N,547.767966640257,3.125468168450163,27,3,7,4,1,37,9,-9.024929373950375,1.6417885208198602,26.116604993162518,-10.002813886048804,29.37368053828711,88.5516437607679,1.0,15.367036790036162,0.39188105933588024,33.8124303491212,0.6966509335214646,-47.91922062904572,51.30368141631023
Darunavir_4,CC(C)CN(CC(C(CC1=CC=CC=C1)NC(=O)OC2COC3C2CCO3)O)S(=O)(=O)C4=CC=C(C=C4)N,553.2749920217111,2.73799878102849,27,3,7,4,1,37,9,-8.409846834888688,2.076216274582859,40.35691636570782,-9.385350596505765,23.093260371969627,93.2806946902885,1.0,16.56211411043137,0.45704709205512983,34.673202050414275,0.5626984182655654,-44.17411296516366,49.711343845315966
Darunavir_5,CC(C)CN(CC(C(CC1=CC=CC=C1)NC(=O)OC2COC3C2CCO3)O)S(=O)(=O)C4=CC=C(C=C4)N,531.2509306782493,3.264994976207776,27,3,7,4,1,37,9,-9.600299866009754,2.347721469530032,24.370099371634954,-10.630417471587098,35.578630207529116,95.96098223521066,1.0,16.590363931479445,0.3660014348977349,30.24928333529203,0.3523489081923599,-43.55433312334198,59.80838117246971
Darunavir_6,CC(C)CN(CC(C(CC1=CC=CC=C1)NC(=O)OC2COC3C2CCO3)O)S(=O)(=O)C4=CC=C(C=C4)N,540.9800280847072,3.1444421678375534,27,3,7,4,1,37,9,-8.72092985982534,1.7341639353089913,30.528793453681853,-9.770148755017008,21.149088016974325,80.88335714554917,1.0,13.168855003340877,0.2853164206233292,40.73893235084935,1.2397157263175023,-48.02881654690129,57.73756609269309
Darunavir_7,CC(C)CN(CC(C(CC1=CC=CC=C1)NC(=O)OC2COC3C2CCO3)O)S(=O)(=O)C4=CC=C(C=C4)N,555.4652661590495,2.416124646372215,27,3,7,4,1,37,9,-8.467970273711076,1.6621436488036032,34.779081481446354,-9.283348852284641,27.32482544910647,79.2671007666511,1.0,17.22776684824486,0.4960621153432009,27.849670368210575,1.0862773918386828,-45.17088731381197,49.80165302043609
Darunavir_8,CC(C)CN(CC(C(CC1=CC=CC=C1)NC(=O)OC2COC3C2CCO3)O)S(=O)(=O)C4=CC=C(C=C4)N,550.5485167100608,3.1453977391415395,27,3,7,4,1,37,9,-8.798985694841221,1.9942313936048792,42.69337714332058,-10.055343937774904,22.032093667308217,95.22643475130737,1.0,15.845405082490714,0.44760604864971004,34.3118779463928,0.4949817021558888,-37.629060211673185,48.11374121794048
Darunavir_9,CC(C)CN(CC(C(CC1=CC=CC=C1)NC(=O)OC2COC3C2CCO3)O)S(=O)(=O)C4=CC=C(C=C4)N,561.9811611332232,2.8151071768549327,27,3,7,4,1,37,9,-8.808433864718761,1.9208180780928044,39.32784040691291,-9.61765576810927,29.789592498427844,90.59058827953733,1.0,16.03889572416065,0.3806066572859397,31.813897943689565,0.7657777730443548,-40.19424133241833,55.53074079052183
Atazanavir_0,CC(C)(C)C(C(=O)NC(CC1=CC=CC=C1)C(CN(CC2=CC=C(C=C2)C3=CC=CC=N3)NC(=O)C(C(C)(C)C)NC(=O)OC)O)NC(=O)OC,691.3393772674949,5.663164388453954,38,6,7,4,1,51,13,-8.654009853437799,3.023338882616096,33.32738360828215,-9.779291980439824,20.0,99.0,1.0,22.3882015220362,0.33383219938529596,36.09876383491425,0.4142871437325345,-48.46873055953388,53.016421066694406
Atazanavir_1,CC(C)(C)C(C(=O)NC(CC1=CC=CC=C1)C(CN(CC2=CC=C(C=C2)C3=CC=CC=N3)NC(=O)C(C(C)(C)C)NC(=O)OC)O)NC(=O)OC,697.0723036728346,5.186457507120152,38,6,7,4,1,51,13,-9.935661180517224,2.37241210241715,33.62299373015995,-10.67259259627098,20.0,99.0,1.0,22.40803703435497,0.3662075489974097,35.06897021111112,0.8685576428987567,-50.11470254242598,49.18659640684499
Atazanavir_2,CC(C)(C)C(C(=O)NC(CC1=CC=CC=C1)C(CN(CC2=CC=C(C=C2)C3=CC=CC=N3)NC(=O)C(C(C)(C)C)NC(=O)OC)O)NC(=O)OC,714.3717827484079,5.553416230624268,38,6,7,4,1,51,13,-8.522142514618764,3.04104169604706,57.57253688906369,-9.478753403240718,20.0,99.0,1.0,20.408194819790914,0.3493073419110535,40.22320887995188,0.5577422256597582,-44.69949808271054,47.82392820115032
Atazanavir_3,CC(C)(C)C(C(=O)NC(CC1=CC=CC=C1)C(CN(CC2=CC=C(C=C2)C3=CC=CC=N3)NC(=O)C(C(C)(C)C)NC(=O)OC)O)NC(=O)OC,700.8391504843686,5.416913013818544,38,6,7,4,1,51,13,-10.003919917659577,2.448784140056059,38.29861064544987,-11.01477981739359,20.0,99.0,1.0,23.238791711579815,0.3854394595480293,37.81028042320396,1.1484818833687214,-55.46363577432396,56.16269617921642
Atazanavir_4,CC(C)(C)C(C(=O)NC(CC1=CC=CC=C1)C(CN(CC2=CC=C(C=C2)C3=CC=CC=N3)NC(=O)C(C(C)(C)C)NC(=O)OC)O)NC(=O)OC,715.8598034917603,5.1520724062212695,38,6,7,4,1,51,13,-9.221081003171888,2.795036091024621,62.56245769017787,-10.333374226368486,20.0,99.0,1.0,19.0163566627885,0.43482811542327915,35.92549570840799,0.6922801141282984,-41.689622370467134,46.57087755319074
Atazanavir_5,CC(C)(C)C(C(=O)NC(CC1=CC=CC=C1)C(CN(CC2=CC=C(C=C2)C3=CC=CC=N3)NC(=O)C(C(C)(C)C)NC(=O)OC)O)NC(=O)OC,711.9437213665831,5.505001098587548,38,6,7,4,1,51,13,-8.539232474265908,3.5599832545566383,43.18385503956197,-9.760703791133762,20.0,99.0,1.0,24.0,0.25419504395662845,39.574942356497665,0.7058992045150353,-49.8390056415075,54.30257040268703
Atazanavir_6,CC(C)(C)C(C(=O)NC(CC1=CC=CC=C1)C(CN(CC2=CC=C(C=C2)C3=CC=CC=N3)NC(=O)C(C(C)(C)C)NC(=O)OC)O)NC(=O)OC,721.2834678021511,5.733889461832441,38,6,7,4,1,51,13,-9.91731661065978,2.5001812690106795,44.55902563237972,-10.666203692393907,20.442578762435,99.0,1.0,17.65531453561062,0.33169593966050226,37.78679410681901,0.8349917428467112,-51.67255688733972,52.28563945484452
Atazanavir_7,CC(C)(C)C(C(=O)NC(CC1=CC=CC=C1)C(CN(CC2=CC=C(C=C2)C3=CC=CC=N3)NC(=O)C(C(C)(C)C)NC(=O)OC)O)NC(=O)OC,709.7000533390963,5.440222994451257,38,6,7,4,1,51,13,-8.627860075974668,3.730175049920221,62.4086663270489,-9.881232624939633,20.0,99.0,1.0,19.635719520164944,0.34680050403909857,39.27745959454553,0.8959350780780405,-51.51914020279527,52.04942119356229
Atazanavir_8,CC(C)(C)C(C(=O)NC(CC1=CC=CC=C1)C(CN(CC2=CC=C(C=C2)C3=CC=CC=N3)NC(=O)C(C(C)(C)C)NC(=O)OC)O)NC(=O)OC,703.3233020277867,6.000760162450732,38,6,7,4,1,51,13,-9.803887784386946,3.0186838891413714,31.811584357689824,-10.989224410772259,20.0,99.0,1.0,23.30044086483035,0.3475440467832021,29.236146800433524,0.6387113904447129,-57.86109220936203,54.479801044817435
Atazanavir_9,CC(C)(C)C(C(=O)NC(CC1=CC=CC=C1)C(CN(CC2=CC=C(C=C2)C3=CC=CC=N3)NC(=O)C(C(C)(C)C)NC(=O)OC)O)NC(=O)OC,718.9595672658619,5.583066245193303,38,6,7,4,1,51,13,-9.915008066686609,2.9420177531776046,43.76751772075958,-10.677266317198928,20.0,99.0,1.0,20.639150485929637,0.3358060543342686,37.56822981196919,0.7007055323242615,-48.970367406489295,54.80179306752331
Indinavir_0,CC(C)(C)NC(=O)C1CN(CCN1CC(CC(CC2=CC=CC=C2)C(=O)NC3C(CC4=CC=CC=C34)O)O)CC5=CN=CC=C5,609.9215503162852,2.9491539648308724,36,5,4,4,1,45,11,-9.02410600561303,2.9001138735860055,30.298586383522796,-10.194890435900264,20.0,85.9479450737368,1.0,14.828723457415462,0.29917801319760506,41.609820029381986,0.9447842570628974,-54.38114102501797,56.06014209515196
Indinavir_1,CC(C)(C)NC(=O)C1CN(CCN1CC(CC(CC2=CC=CC=C2)C(=O)NC3C(CC4=CC=CC=C34)O)O)CC5=CN=CC=C5,626.2787096956321,3.1671521510011216,36,5,4,4,1,45,11,-9.447105819605103,2.390543187107737,35.09852897443698,-10.690993745446356,20.0,81.98552602100983,1.0,15.199320051314137,0.39964916657078514,38.89787674122464,0.6032158896332508,-58.87504859955038,55.7626432711378
Indinavir_2,CC(C)(C)NC(=O)C1CN(CCN1CC(CC(CC2=CC=CC=C2)C(=O)NC3C(CC4=CC=CC=C34)O)O)CC5=CN=CC=C5,621.9051830575166,3.255980058826072,36,5,4,4,1,45,11,-9.409512249433016,1.5037799669448342,44.92891520666129,-10.251535302234647,20.0,86.27441746323203,1.0,18.545979923661278,0.3575016311903568,34.45796547906002,0.6848303162474584,-43.39313221052224,61.47564602042115
Indinavir_3,CC(C)(C)NC(=O)C1CN(CCN1CC(CC(CC2=CC=CC=C2)C(=O)NC3C(CC4=CC=CC=C34)O)O)CC5=CN=CC=C5,596.2273227580273,2.713342459871192,36,5,4,4,1,45,11,-9.197009929854914,2.0329126597949747,60.42414505966832,-10.111743788839602,20.0,84.58430244733036,1.0,14.450450126993653,0.4177478158703186,33.02210351073048,1.4649476001401935,-45.88372762434447,46.087685842677374
Indinavir_4,CC(C)(C)NC(=O)C1CN(CCN1CC(CC(CC2=CC=CC=C2)C(=O)NC3C(CC4=CC=CC=C34)O)O)CC5=CN=CC=C5,620.4814742850141,3.2115768872630523,36,5,4,4,1,45,11,-9.219922409495506,2.087403794511202,52.22288701003963,-10.023167436768318,20.0,79.21985945046049,1.0,16.956061549568023,0.3141056651775415,24.4100655921396,0.7708720771909469,-48.838477408119715,55.93169148085134
Indinavir_5,CC(C)(C)NC(=O)C1CN(CCN1CC(CC(CC2=CC=CC=C2)C(=O)NC3C(CC4=CC=CC=C34)O)O)CC5=CN=CC=C5,604.9869542618577,2.491521322050148,36,5,4,4,1,45,11,-8.918430253351184,2.3655943000404593,23.8279781891555,-10.106366736412507,20.317593217572686,94.31265451581912,1.0,12.79337542783952,0.29152313623254716,31.55337435124045,0.6556160545778533,-43.156623695892584,53.308537108353924
Indinavir_6,CC(C)(C)NC(=O)C1CN(CCN1CC(CC(CC2=CC=CC=C2)C(=O)NC3C(CC4=CC=CC=C34)O)O)CC5=CN=CC=C5,617.2311308372418,2.886767907844591,36,5,4,4,1,45,11,-9.156395191189548,2.731800887892431,31.929988153499995,-10.409273445513868,23.135301671632618,84.28262618717406,1.0,15.693492597843006,0.35864569756789927,44.54074484887998,0.5254883935009438,-49.64400956259322,54.72401643463223
Indinavir_7,CC(C)(C)NC(=O)C1CN(CCN1CC(CC(CC2=CC=CC=C2)C(=O)NC3C(CC4=CC=CC=C34)O)O)CC5=CN=CC=C5,622.9808568790575,2.3203410818821775,36,5,4,4,1,45,11,-9.068594731354304,2.687511256650897,32.87468246221772,-10.099415176383664,21.43730985268085,99.0,1.0,14.288586190261032,0.433069511116015,30.64608479010285,0.968556873699087,-48.38752459687139,50.20905667792371
Indinavir_8,CC(C)(C)NC(=O)C1CN(CCN1CC(CC(CC2=CC=CC=C2)C(=O)NC3C(CC4=CC=CC=C34)O)O)CC5=CN=CC=C5,599.0405847460186,2.9009571949974973,36,5,4,4,1,45,11,-8.707780714357211,2.1639571498187,57.40609870929386,-9.691427624386804,20.0,96.47692097271269,1.0,15.219978413460295,0.3354411439122378,37.525066217561694,0.8740584329607382,-42.63075447574578,56.08877465279204
Indinavir_9,CC(C)(C)NC(=O)C1CN(CCN1CC(CC(CC2=CC=CC=C2)C(=O)NC3C(CC4=CC=CC=C34)O)O)CC5=CN=CC=C5,616.0683702621141,3.0382955104783074,36,5,4,4,1,45,11,-8.451446851954968,2.179682458416422,28.469707264809095,-9.641693096377717,20.133092875606945,82.43659540174204,1.0,13.936213903344466,0.3763356392628746,29.144434675432894,0.882132328343739,-35.55444528626505,53.92631440035453
Nelfinavir_0,CC1=C(C=CC=C1O)C(=O)NC(CSC2=CC=CC=C2)C(CN3CC4CCCCC4CC3C(=O)NC(C)(C)C)O,548.1666220073527,5.401399102793888,32,3,4,4,1,39,8,-8.783413866361352,3.5476598874496967,38.666683268327745,-9.792903167367793,37.0557273702115,99.0,1.0,19.989596587205533,0.32897356098211855,34.75347134876711,1.1983090702729047,-53.59751533485061,56.78987729645602
Nelfinavir_1,CC1=C(C=CC=C1O)C(=O)NC(CSC2=CC=CC=C2)C(CN3CC4CCCCC4CC3C(=O)NC(C)(C)C)O,579.974976565508,5.265829843363154,32,3,4,4,1,39,8,-9.718536263959448,3.320102769783257,31.82285466550026,-10.97834160732194,29.74164114140428,99.0,1.0,21.335019920254997,0.3776958435535347,28.139050258488005,0.7004992638380814,-44.13079925414192,55.03908756003047
Nelfinavir_2,CC1=C(C=CC=C1O)C(=O)NC(CSC2=CC=CC=C2)C(CN3CC4CCCCC4CC3C(=O)NC(C)(C)C)O,574.6521769425711,5.362183372407878,32,3,4,4,1,39,8,-9.318859200116371,3.2578462836884308,57.654527053857024,-10.545370350006193,36.31803034604409,99.0,1.0,15.390400807888206,0.358247420543024,31.91880715958974,0.9511668983127941,-47.79496293533892,55.10823829103743
Nelfinavir_3,CC1=C(C=CC=C1O)C(=O)NC(CSC2=CC=CC=C2)C(CN3CC4CCCCC4CC3C(=O)NC(C)(C)C)O,565.5215990654063,5.817813194589286,32,3,4,4,1,39,8,-9.009663580712811,3.5078085592138617,56.03020852108264,-9.933908015915355,22.228005347463906,99.0,1.0,19.016519787335685,0.4099078885912172,33.82846933466407,0.9390523651587914,-49.70164730994419,52.096292930591595
Nelfinavir_4,CC1=C(C=CC=C1O)C(=O)NC(CSC2=CC=CC=C2)C(CN3CC4CCCCC4CC3C(=O)NC(C)(C)C)O,576.2448726806114,5.251966098131181,32,3,4,4,1,39,8,-9.434960427309901,2.5559390638685846,59.850612658181134,-10.200828024977168,35.05703105997909,99.0,1.0,23.21587898832805,0.40469197264587375,26.251067020910476,0.6459813411006382,-39.648929561602976,58.4717916636431
Nelfinavir_5,CC1=C(C=CC=C1O)C(=O)NC(CSC2=CC=CC=C2)C(CN3CC4CCCCC4CC3C(=O)NC(C)(C)C)O,557.1449905459426,5.6095609272625095,32,3,4,4,1,39,8,-9.569621708527599,3.0873799721475725,31.852643267848578,-10.72456300403979,35.81820011339473,99.0,1.0,23.254434710907617,0.33309105631763936,33.00374370150184,0.5447950191204342,-47.99167342699256,54.83889743346176
Nelfinavir_6,CC1=C(C=CC=C1O)C(=O)NC(CSC2=CC=CC=C2)C(CN3CC4CCCCC4CC3C(=O)NC(C)(C)C)O,553.0431944681881,5.966157101582779,32,3,4,4,1,39,8,-9.450126035602446,3.556837222935606,30.48001511609541,-10.19679204470953,22.47368634757828,99.0,1.0,20.589512773472684,0.3346109536554344,44.520179506869326,0.4318031487291245,-47.44997180806429,58.73792043765709
Nelfinavir_7,CC1=C(C=CC=C1O)C(=O)NC(CSC2=CC=CC=C2)C(CN3CC4CCCCC4CC3C(=O)NC(C)(C)C)O,558.4883958194429,5.709113385187522,32,3,4,4,1,39,8,-9.678665967566026,3.8209603488554436,36.11670929644691,-10.897355843429574,37.85073810226208,99.0,1.0,19.36910764027903,0.2919647770021791,38.24344029635675,0.6667649445929869,-54.80534789514067,61.8914521886752
Nelfinavir_8,CC1=C(C=CC=C1O)C(=O)NC(CSC2=CC=CC=C2)C(CN3CC4CCCCC4CC3C(=O)NC(C)(C)C)O,572.3268144297247,6.06880109581782,32,3,4,4,1,39,8,-8.501180876139202,3.3174835134690213,43.98589226204584,-9.372359486309847,29.125500049453425,99.0,1.0,21.72308148316658,0.36539196023740667,32.35422191430971,0.8924520434384086,-46.77401816074158,50.785625688822826
Nelfinavir_9,CC1=C(C=CC=C1O)C(=O)NC(CSC2=CC=CC=C2)C(CN3CC4CCCCC4CC3C(=O)NC(C)(C)C)O,560.6265101894572,5.752338013455503,32,3,4,4,1,39,8,-9.272852364707893,3.0510733027172714,54.133114146814606,-10.029503082164013,20.696037805474987,99.0,1.0,22.21097484294092,0.38656907749212976,34.80117708479401,0.7086307003691282,-44.5889308399414,51.49266165753899
Saquinavir_0,CC(C)(C)NC(=O)C1CC2CCCCC2CN1CC(C(CC3=CC=CC=C3)NC(=O)C(CC(=O)N)NC(=O)C4=NC5=CC=CC=C5C=C4)O,668.0070363377724,4.575008699743971,38,6,5,4,1,49,12,-8.555761206248423,1.9658216325531155,52.23092850928811,-9.58907321946175,20.0,99.0,1.0,16.355387728222713,0.25625262785525404,35.243368691619835,0.912969766912076,-46.73557016768695,54.13798400064183
Saquinavir_1,CC(C)(C)NC(=O)C1CC2CCCCC2CN1CC(C(CC3=CC=CC=C3)NC(=O)C(CC(=O)N)NC(=O)C4=NC5=CC=CC=C5C=C4)O,688.7370062216596,4.542464106835576,38,6,5,4,1,49,12,-8.932184279616003,2.0418345171615826,53.75139086359671,-9.868575980454354,20.0,99.0,1.0,19.46171488387192,0.3170377663302255,36.24738295456596,0.4136886288165714,-56.82398863716101,56.23579590417371
Saquinavir_2,CC(C)(C)NC(=O)C1CC2CCCCC2CN1CC(C(CC3=CC=CC=C3)NC(=O)C(CC(=O)N)NC(=O)C4=NC5=CC=CC=C5C=C4)O,682.3716261870842,3.7312135603387477,38,6,5,4,1,49,12,-9.563560261449197,2.016990799614114,27.661200772360775,-10.567891453930224,20.0,95.55118955988115,1.0,16.073059310280073,0.35687740311823757,31.996627933525293,0.9929483389357788,-52.1613979022043,51.61640385702474
Saquinavir_3,CC(C)(C)NC(=O)C1CC2CCCCC2CN1CC(C(CC3=CC=CC=C3)NC(=O)C(CC(=O)N)NC(=O)C4=NC5=CC=CC=C5C=C4)O,653.5204092780967,3.893789130023355,38,6,5,4,1,49,12,-9.930298325440091,2.6898924138846843,35.547241042617806,-11.012748397883286,20.0,99.0,1.0,20.03786934490789,0.3626712440335392,36.98601564265281,0.3164703247456224,-42.52900860368908,56.28362130592776
Saquinavir_4,CC(C)(C)NC(=O)C1CC2CCCCC2CN1CC(C(CC3=CC=CC=C3)NC(=O)C(CC(=O)N)NC(=O)C4=NC5=CC=CC=C5C=C4)O,678.5545336931357,4.189322747475122,38,6,5,4,1,49,12,-8.801847230139275,3.0072261322625344,30.9815478530696,-9.75775217180469,20.0,99.0,1.0,20.180948060260196,0.3050396511056526,33.4277473632631,0.9971049228190659,-36.966281547823364,52.30157503879635
Saquinavir_5,CC(C)(C)NC(=O)C1CC2CCCCC2CN1CC(C(CC3=CC=CC=C3)NC(=O)C(CC(=O)N)NC(=O)C4=NC5=CC=CC=C5C=C4)O,690.1971643376596,4.645774717008461,38,6,5,4,1,49,12,-9.248864323886318,2.3016614719061765,41.61403107367998,-10.266393325678694,20.0,99.0,1.0,18.2153261245156,0.361356962164679,48.55891202199932,0.7601042423962538,-46.694835489294896,53.6723216226425
Saquinavir_6,CC(C)(C)NC(=O)C1CC2CCCCC2CN1CC(C(CC3=CC=CC=C3)NC(=O)C(CC(=O)N)NC(=O)C4=NC5=CC=CC=C5C=C4)O,655.6384264895396,3.7786976751953993,38,6,5,4,1,49,12,-8.775659058235478,3.2130448598511414,51.595745456467384,-9.803351119951332,20.0,99.0,1.0,18.06298155349486,0.5,35.243067619155454,1.1921823187043235,-40.14292422317891,45.208541383757705
Saquinavir_7,CC(C)(C)NC(=O)C1CC2CCCCC2CN1CC(C(CC3=CC=CC=C3)NC(=O)C(CC(=O)N)NC(=O)C4=NC5=CC=CC=C5C=C4)O,676.794556868103,3.7246972976861112,38,6,5,4,1,49,12,-9.27096634346359,2.5041783010697425,46.968410806248926,-10.517433042629246,20.0,95.41743728328508,1.0,18.852438109802108,0.3800963457188815,31.70642553630463,1.1955249674552262,-52.318339297514214,45.62922311019318
Saquinavir_8,CC(C)(C)NC(=O)C1CC2CCCCC2CN1CC(C(CC3=CC=CC=C3)NC(=O)C(CC(=O)N)NC(=O)C4=NC5=CC=CC=C5C=C4)O,667.767402229839,4.146688721744665,38,6,5,4,1,49,12,-9.69538869577593,2.7048672850429307,34.544687482752884,-10.95842390460045,20.0,99.0,1.0,17.944944545411676,0.27143293199339347,41.94336306593463,0.4469265758743864,-53.98794482995225,61.352799701092366
Saquinavir_9,CC(C)(C)NC(=O)C1CC2CCCCC2CN1CC(C(CC3=CC=CC=C3)NC(=O)C(CC(=O)N)NC(=O)C4=NC5=CC=CC=C5C=C4)O,669.5670998437108,4.067708508127543,38,6,5,4,1,49,12,-8.861220920191721,3.1377023134921287,42.82622416588964,-9.835177408872763,20.0,98.04439181256862,1.0,19.271269310276978,0.3431564997274011,38.615043141724335,0.5633624369938177,-54.60284227308479,48.601233619731985
Tipranavir_0,CCCC1(CC(=C(C(=O)O1)C(CC)C2=CC(=CC=C2)NS(=O)(=O)C3=NC=C(C=C3)C(F)(F)F)O)CCC4=CC=CC=C4,588.0680970530541,7.144756726590093,31,2,5,4,1,38,13,-8.410929965833885,3.297781048337602,48.603374427757544,-9.311459324952562,28.988485062777485,99.0,1.0,22.33410721216588,0.33380991855276376,31.429124384407018,0.6834146329908637,-45.07642794282434,51.378667224884
Tipranavir_1,CCCC1(CC(=C(C(=O)O1)C(CC)C2=CC(=CC=C2)NS(=O)(=O)C3=NC=C(C=C3)C(F)(F)F)O)CCC4=CC=CC=C4,591.7082840086481,6.7570960893951115,31,2,5,4,1,38,13,-8.769490930722164,3.8952550733851172,44.350989786805684,-9.915878226885257,31.704112543127955,99.0,1.0,18.72641279779894,0.43628946374082,36.90917363216161,0.4113824887149914,-51.97184934212008,57.96027985465729
Tipranavir_2,CCCC1(CC(=C(C(=O)O1)C(CC)C2=CC(=CC=C2)NS(=O)(=O)C3=NC=C(C=C3)C(F)(F)F)O)CCC4=CC=CC=C4,609.3966212213533,6.512765426517897,31,2,5,4,1,38,13,-8.979182467224648,3.3842498852543974,58.60658090499777,-10.058205186631222,23.667107859077618,99.0,1.0,24.0,0.2881090491107725,38.54605634519896,0.862303429084814,-39.95770317352537,56.104167822883355
Tipranavir_3,CCCC1(CC(=C(C(=O)O1)C(CC)C2=CC(=CC=C2)NS(=O)(=O)C3=NC=C(C=C3)C(F)(F)F)O)CCC4=CC=CC=C4,587.0742361243792,6.897291292945906,31,2,5,4,1,38,13,-9.567327784687372,3.503442621300423,35.77266078800313,-10.784380445306937,20.0,99.0,1.0,24.0,0.3215978826718079,36.24294172989119,0.7956232699211688,-41.48121585695269,56.80274719404838
Tipranavir_4,CCCC1(CC(=C(C(=O)O1)C(CC)C2=CC(=CC=C2)NS(=O)(=O)C3=NC=C(C=C3)C(F)(F)F)O)CCC4=CC=CC=C4,616.177113313785,7.49548361073322,31,2,5,4,1,38,13,-8.765271552170729,3.687556915538221,56.49854080245703,-10.018268621513524,33.89195210137946,99.0,1.0,23.85634908532539,0.3988728550591721,34.547955255298874,0.33602329384916463,-48.864732025659606,56.77056989722021
Tipranavir_5,CCCC1(CC(=C(C(=O)O1)C(CC)C2=CC(=CC=C2)NS(=O)(=O)C3=NC=C(C=C3)C(F)(F)F)O)CCC4=CC=CC=C4,606.1150169116383,7.047616100653747,31,2,5,4,1,38,13,-8.293852874803566,3.0026205504024768,46.43271053466488,-9.101507011203257,31.495779086799214,99.0,1.0,23.739584781046474,0.25096446336666134,40.91376754249194,1.017831377173089,-36.5402385139699,52.9150952902713
Tipranavir_6,CCCC1(CC(=C(C(=O)O1)C(CC)C2=CC(=CC=C2)NS(=O)(=O)C3=NC=C(C=C3)C(F)(F)F)O)CCC4=CC=CC=C4,589.3731881980106,6.546684819899274,31,2,5,4,1,38,13,-9.220724939713318,3.2225070899354478,25.43995014338516,-10.449161936489471,30.66804972343646,99.0,1.0,24.0,0.3366103390332243,38.88366608102089,0.33893473097757487,-53.85668049110149,59.071516655048626
Tipranavir_7,CCCC1(CC(=C(C(=O)O1)C(CC)C2=CC(=CC=C2)NS(=O)(=O)C3=NC=C(C=C3)C(F)(F)F)O)CCC4=CC=CC=C4,603.8433680574977,7.310603848260161,31,2,5,4,1,38,13,-9.429297522735899,3.2122123433604197,55.23975221411714,-10.30693552251519,30.789426389861354,99.0,1.0,22.642449393940012,0.46935760117099645,30.969816919512056,1.4601243527006988,-47.04275035549655,44.56129465836037
Tipranavir_8,CCCC1(CC(=C(C(=O)O1)C(CC)C2=CC(=CC=C2)NS(=O)(=O)C3=NC=C(C=C3)C(F)(F)F)O)CCC4=CC=CC=C4,609.5711708101946,6.894341146350664,31,2,5,4,1,38,13,-9.363281058690372,3.8290207692454996,26.589483822102903,-10.230911284292143,35.54106688834624,99.0,1.0,19.226288852417078,0.38901575251715925,31.665656699419877,1.3278288382190406,-43.83768749531601,54.19108824750637
Tipranavir_9,CCCC1(CC(=C(C(=O)O1)C(CC)C2=CC(=CC=C2)NS(=O)(=O)C3=NC=C(C=C3)C(F)(F)F)O)CCC4=CC=CC=C4,587.4022899648376,7.490222534615074,31,2,5,4,1,38,13,-8.261926638290202,3.0135722214367666,43.43618179024157,-9.156848706783551,33.0940499667511,99.0,1.0,21.93952286755004,0.3687129041031128,35.959764153471596,0.7687076637125538,-39.858865601318385,54.00953864030659
Fosamprenavir_0,CC1=C(C(=NO1)C2=CC=CC=C2)C3=CC=C(C=C3)S(=O)(=O)N,306.9272820281454,2.2788410685077993,16,2,3,4,1,21,10,-8.2341100709249,1.3843364810966297,56.18491756214216,-9.365465739657832,48.50846612354472,86.43834413961376,3.5145847275645647,11.47293863518078,0.42429907182975124,21.113241968869335,1.0286796230933106,-44.03784381568348,49.34320449162567
Fosamprenavir_1,CC1=C(C(=NO1)C2=CC=CC=C2)C3=CC=C(C=C3)S(=O)(=O)N,314.9373798850328,2.7506065232521033,16,2,3,4,1,21,10,-9.272874161756825,1.96244699614236,26.099172198974692,-10.303829457147264,50.34534583131105,91.40854277196128,1.0,11.01255914579074,0.3889934920137022,26.781298816468272,1.1646101561686013,-39.9464809300635,55.02423501706295
Fosamprenavir_2,CC1=C(C(=NO1)C2=CC=CC=C2)C3=CC=C(C=C3)S(=O)(=O)N,300.9887098777192,2.789143356980338,16,2,3,4,1,21,10,-9.254531118857496,2.0273185226507358,52.33510492869422,-10.104129710288504,65.96091999300343,80.08702857395963,1.0,11.363157024024927,0.4202424634457186,19.956721022095547,0.3,-45.20370082853072,58.52064585814192
Fosamprenavir_3,CC1=C(C(=NO1)C2=CC=CC=C2)C3=CC=C(C=C3)S(=O)(=O)N,325.5151082214751,2.6003583603843903,16,2,3,4,1,21,10,-8.6918566744017,1.666897983540717,29.07157705039993,-9.636771929803706,51.37584326237181,88.84985918644787,3.37591861121498,13.038170204313255,0.427590677410251,34.790912841495604,0.7585795516941984,-39.46956879721751,56.66869362732855
Fosamprenavir_4,CC1=C(C(=NO1)C2=CC=CC=C2)C3=CC=C(C=C3)S(=O)(=O)N,318.9961205826774,2.582423601594729,16,2,3,4,1,21,10,-8.456269992640856,1.7828067688681353,42.0000820064833,-9.34058927346291,51.68434176591461,89.12321600896576,1.947647527476101,14.130549218001974,0.37039214635800527,30.08538559834747,1.6697900735157432,-36.08458419532609,55.704821869071026
Fosamprenavir_5,CC1=C(C(=NO1)C2=CC=CC=C2)C3=CC=C(C=C3)S(=O)(=O)N,308.1591854526548,2.377258416349186,16,2,3,4,1,21,10,-8.060486178911212,2.5188007342946666,46.176985803543474,-9.173464186015526,57.1122349261049,89.22549930262191,1.0,12.282902690244844,0.2912388682560238,26.722739443149766,1.0328025966774477,-28.955295667848734,58.01555380081135
Fosamprenavir_6,CC1=C(C(=NO1)C2=CC=CC=C2)C3=CC=C(C=C3)S(=O)(=O)N,316.5623353384084,3.0308328641758076,16,2,3,4,1,21,10,-9.41502491690202,2.492852013436348,42.076799095272705,-10.50185113097043,61.243196475120186,84.84973262359063,4.587884837055445,11.39791676116047,0.3619110842816283,24.650706666642094,0.7361314567416294,-50.649107449153234,64.62110470636073
Fosamprenavir_7,CC1=C(C(=NO1)C2=CC=CC=C2)C3=CC=C(C=C3)S(=O)(=O)N,330.98465818060765,2.308651913158431,16,2,3,4,1,21,10,-7.9280234830413345,2.489024875938017,52.41002612410061,-9.144191142853963,53.29833044892978,80.98637038744727,1.0,11.274306473643522,0.40357852820747475,21.4095011785217,0.929840951952155,-35.79687917451792,52.8457924199494
Fosamprenavir_8,CC1=C(C(=NO1)C2=CC=CC=C2)C3=CC=C(C=C3)S(=O)(=O)N,299.5275229124185,2.5253564962699837,16,2,3,4,1,21,10,-8.917909254355367,1.4847145317279309,40.43820575350452,-10.119550221783445,49.023228131704,90.79082954426573,7.937483236164901,9.40848639659636,0.3933770597854004,23.075889523329064,1.1663907894215684,-47.24792906284754,56.824796854813286
Fosamprenavir_9,CC1=C(C(=NO1)C2=CC=CC=C2)C3=CC=C(C=C3)S(=O)(=O)N,305.7016345464977,2.478024949434402,16,2,3,4,1,21,10,-8.290809110608315,2.4892295408089407,26.76940018027498,-9.061778726771077,49.13505516555324,81.3722210256091,1.3672677222003868,9.606350656682302,0.377185022343711,32.10419540027479,0.65203110871977,-32.554185726064034,63.60465202707586
Amprenavir_0,CC(C)CN(CC(C(CC1=CC=CC=C1)NC(=O)OC2CCOC2)O)S(=O)(=O)C3=CC=C(C=C3)N,499.27737974298907,3.3242184348426598,25,3,6,4,1,34,9,-8.33441921705043,2.545200897317068,40.267551871650944,-9.209159837643037,26.4890029598241,79.9347239119063,1.0,12.977632051831629,0.36885810663968804,35.26892526616421,0.7380015335682295,-42.06732101190252,54.42505025060502
Amprenavir_1,CC(C)CN(CC(C(CC1=CC=CC=C1)NC(=O)OC2CCOC2)O)S(=O)(=O)C3=CC=C(C=C3)N,494.7967348344653,2.9159458785254233,25,3,6,4,1,34,9,-8.216586489665145,2.3388040089702975,42.069300979973505,-9.384994248938316,33.91662255758045,99.0,1.0,12.573940580794595,0.3231302780844796,34.344081400606775,1.023716311775675,-42.15903442074286,51.05607537429691
Amprenavir_2,CC(C)CN(CC(C(CC1=CC=CC=C1)NC(=O)OC2CCOC2)O)S(=O)(=O)C3=CC=C(C=C3)N,493.61876191065437,2.81346576671016,25,3,6,4,1,34,9,-8.560240629885785,2.877472618321088,56.349758717050584,-9.520156966879505,24.244004316831607,76.85185378536269,1.0,12.896480720990832,0.42346405896385775,30.829723624922963,0.8234015234233125,-40.54889902205991,49.04465895250745
Amprenavir_3,CC(C)CN(CC(C(CC1=CC=CC=C1)NC(=O)OC2CCOC2)O)S(=O)(=O)C3=CC=C(C=C3)N,518.4294336326292,3.0145410182213155,25,3,6,4,1,34,9,-8.489304073852669,2.7815074028497433,26.443450242363923,-9.515907580920814,31.162485717478223,99.0,1.0,16.048311768343957,0.35139443154458255,24.52898272770061,1.4614100110542199,-42.762703835440014,47.14078684311014
Amprenavir_4,CC(C)CN(CC(C(CC1=CC=CC=C1)NC(=O)OC2CCOC2)O)S(=O)(=O)C3=CC=C(C=C3)N,487.8132954865339,2.598130741823577,25,3,6,4,1,34,9,-9.428243680593678,2.2076841725656253,24.850468203779275,-10.72005977309215,35.91499969258434,80.50095050078353,1.0,16.035074326559535,0.23103603847614473,30.847891513054332,0.39933845548291463,-48.595743729542335,64.88888670134399
Amprenavir_5,CC(C)CN(CC(C(CC1=CC=CC=C1)NC(=O)OC2CCOC2)O)S(=O)(=O)C3=CC=C(C=C3)N,487.76190509398907,2.8572304196195444,25,3,6,4,1,34,9,-8.193801346438068,2.4075542676206343,32.76701629550732,-8.909914519581923,28.708778110462458,84.69390998309913,1.0,18.70382253363737,0.4600397668747342,26.797451004689158,1.3649449580691668,-43.27253283811654,46.85015748851132
Amprenavir_6,CC(C)CN(CC(C(CC1=CC=CC=C1)NC(=O)OC2CCOC2)O)S(=O)(=O)C3=CC=C(C=C3)N,513.8423245855213,2.8904544085197847,25,3,6,4,1,34,9,-9.004433451659052,2.798393127170395,24.298425356315853,-9.810844695342718,28.11724288390379,78.67528444959622,1.0,10.837239768795808,0.3672778440874251,26.659051916576704,0.770110173661485,-37.66722453858436,58.91287983489181
Amprenavir_7,CC(C)CN(CC(C(CC1=CC=CC=C1)NC(=O)OC2CCOC2)O)S(=O)(=O)C3=CC=C(C=C3)N,507.0997501469294,2.44929966240917,25,3,6,4,1,34,9,-8.566543472283769,2.794056786934117,43.19281606762233,-9.733854906217353,30.33861552948691,95.74659018066289,1.0,14.702405510276066,0.34848800192091517,30.709584688918277,0.3,-43.875080907715756,58.03280054029481
Amprenavir_8,CC(C)CN(CC(C(CC1=CC=CC=C1)NC(=O)OC2CCOC2)O)S(=O)(=O)C3=CC=C(C=C3)N,496.1003441706618,2.521889212080359,25,3,6,4,1,34,9,-8.18352121080118,1.8338664761692556,47.33532371675069,-9.410762274785698,29.41738401231913,81.59806767454394,1.0,15.977864027064431,0.3364213284702579,33.436867523385395,1.0520475403060554,-38.02257866814884,49.30612702782975
Amprenavir_9,CC(C)CN(CC(C(CC1=CC=CC=C1)NC(=O)OC2CCOC2)O)S(=O)(=O)C3=CC=C(C=C3)N,523.6084482346172,2.463262671820675,25,3,6,4,1,34,9,-8.944635600351306,2.3445579799314364,34.48555962063149,-9.959420159742786,35.53303270516314,99.0,1.0,12.113122193000994,0.3500990517122742,37.11136145251546,1.0847402159821624,-45.06772995060653,56.594550670332744
Zidovudine_0,CC1=CN(C(=O)NC1=O)C2CC(C(O2)CO)N=[N+]=[N-],286.5460964597428,0.13704755350362752,10,5,4,4,1,19,5,-8.784520795046882,0.585699079014995,51.09576751047779,-9.76663536080485,56.430890612194744,59.29661905764516,8.223357327361693,6.824144588780253,0.36206824335651433,20.30777109657604,0.7397876226743744,-39.465448261265905,66.41030527334352
Zidovudine_1,CC1=CN(C(=O)NC1=O)C2CC(C(O2)CO)N=[N+]=[N-],264.78686787212195,0.2820018255939414,10,5,4,4,1,19,5,-8.122456540676888,1.8587740849989587,35.994712928002414,-9.330206953415138,50.67735913921423,56.252448320452416,9.86791288670826,7.18024303190886,0.41761282867116156,22.258585081901906,0.7090341355514727,-42.440819717484914,61.0790459206368
Zidovudine_2,CC1=CN(C(=O)NC1=O)C2CC(C(O2)CO)N=[N+]=[N-],251.07016794653433,0.42257240490580006,10,5,4,4,1,19,5,-9.055928777146761,1.1798926587887895,47.032397531009806,-9.852755699427927,45.64041747013137,60.77462455423535,6.522990978470725,3.072459628130084,0.349328087828331,22.292257677633813,0.7807236528271503,-48.178623281211635,65.22106178154385
Zidovudine_3,CC1=CN(C(=O)NC1=O)C2CC(C(O2)CO)N=[N+]=[N-],266.168527475376,0.1177269240617943,10,5,4,4,1,19,5,-8.73270830323523,1.0455882817035262,45.60634333981227,-9.87828902819425,57.23343147258214,54.79722805866867,9.396726692242995,4.970304701157563,0.42727312687834096,19.67707652132846,1.045716686458741,-34.174182388493165,62.7946867516084
Zidovudine_4,CC1=CN(C(=O)NC1=O)C2CC(C(O2)CO)N=[N+]=[N-],257.0652629619526,-0.3907205546318401,10,5,4,4,1,19,5,-8.564488885733597,1.8411370538867682,35.25956722057276,-9.359403660316307,49.65562109068765,65.79337763097303,7.835714182943209,2.515048482198888,0.34082432250797523,27.111560357782704,1.2893871811894475,-38.45230866645183,64.68433838753486
Zidovudine_5,CC1=CN(C(=O)NC1=O)C2CC(C(O2)CO)N=[N+]=[N-],279.29486141854545,-0.10236501426724698,10,5,4,4,1,19,5,-9.071576337639284,0.6484529351130602,26.200055803183382,-9.85851068444082,44.80412539261203,56.457029495625,9.175031329027844,3.4887201922177007,0.3609833322125949,24.060790451840102,0.796897013617122,-40.877508067649885,62.89072798170776
Zidovudine_6,CC1=CN(C(=O)NC1=O)C2CC(C(O2)CO)N=[N+]=[N-],280.57085128143393,-0.25004101876050444,10,5,4,4,1,19,5,-8.384469091257433,0.8517260101747549,34.57072113249636,-9.353371851136933,44.8262266264512,61.22061396000974,3.079040438678378,4.869952180055122,0.47395791292049105,18.45568488281497,0.3,-45.78378237481822,58.60477100116795
Zidovudine_7,CC1=CN(C(=O)NC1=O)C2CC(C(O2)CO)N=[N+]=[N-],270.6745220211169,0.47607833247251885,10,5,4,4,1,19,5,-8.794292764631095,1.3777921780892808,30.13431243490755,-9.802658239489487,57.21888359992906,48.777768620722505,8.029987415194228,4.8226224068432195,0.35727369661623065,29.11100696315125,1.2426138897747196,-40.785539328148296,69.05559575765459
Zidovudine_8,CC1=CN(C(=O)NC1=O)C2CC(C(O2)CO)N=[N+]=[N-],267.2247364799505,-0.19478546987114087,10,5,4,4,1,19,5,-8.67845654577225,1.8579827425641346,18.666350312407456,-9.86382542454704,61.884055885488806,43.83751066564353,7.764887302723946,5.0874622060921,0.3886393011895662,29.70727051984093,0.8587576025405407,-46.57497443062003,69.99165541279116
Zidovudine_9,CC1=CN(C(=O)NC1=O)C2CC(C(O2)CO)N=[N+]=[N-],258.5718611199081,-0.49975706556548727,10,5,4,4,1,19,5,-9.340613873057741,1.4950439164347393,31.674300773851947,-10.47233593853495,55.369793830709824,48.1223285842976,11.738194094725957,5.5741603483443685,0.30238711662886525,28.155692423257943,0.40282755916858864,-40.46188653987625,69.39680407026638
Lamivudine_0,C1C(OC(S1)CO)N2C=CC(=NC2=O)N,214.07083852514427,-0.6964716598184696,8,3,3,4,1,14,3,-7.970404086511265,1.6004230667526411,49.279385564614316,-9.130238667289523,56.24974699529764,56.28095258844768,12.832838900985642,3.6786517259266818,0.3447798005464504,24.278245244776905,1.0333256100769903,-35.87316558331695,56.74029299465429
Lamivudine_1,C1C(OC(S1)CO)N2C=CC(=NC2=O)N,237.74031844792648,-1.0150412773624429,8,3,3,4,1,14,3,-8.74728406514459,0.7609080704056619,52.62285407463337,-10.03396237735188,55.29985448165448,49.51676408715522,12.392356907234872,0.7916842337050256,0.32557592524559936,28.76064730143064,0.9039343790031843,-41.2420715955819,68.88434675023295
Lamivudine_2,C1C(OC(S1)CO)N2C=CC(=NC2=O)N,228.71566512355574,-1.1015493388522395,8,3,3,4,1,14,3,-8.38344201711448,1.3749351386582995,53.09659231922929,-9.607448493406164,50.4991487648457,24.640134410461762,8.634857685345896,0.5,0.3734261837160359,22.245350896520275,0.47722725291970364,-38.439588280780704,68.51636984485792
Lamivudine_3,C1C(OC(S1)CO)N2C=CC(=NC2=O)N,224.37187295637645,-1.083315643983074,8,3,3,4,1,14,3,-8.73713908869468,0.6322282036661047,24.025517212948483,-9.598830296278884,56.28169674957793,39.4568383807968,11.69579884850508,0.5,0.38346507533869545,22.45890752892519,1.1541955703356237,-43.94060244459148,62.811806776061026
Lamivudine_4,C1C(OC(S1)CO)N2C=CC(=NC2=O)N,209.89352283779496,-0.8421898742645656,8,3,3,4,1,14,3,-8.795955938947213,0.6343740570060907,37.673189856902454,-10.05642063992803,51.738682980690974,35.4294778718975,12.574698730485073,4.26395666372719,0.306278697039499,26.78673687721123,0.6052859266093304,-41.09874338615305,71.68874598875776
Lamivudine_5,C1C(OC(S1)CO)N2C=CC(=NC2=O)N,232.83326579790912,-0.8748591482303704,8,3,3,4,1,14,3,-8.349192070890197,0.9598249998628208,37.09840948858412,-9.46117145421583,50.32531921390256,53.882651245192406,10.348139889405438,2.5776932956577316,0.3814026293117817,26.32315612092053,0.3,-41.32696951845267,62.55729624153058
Lamivudine_6,C1C(OC(S1)CO)N2C=CC(=NC2=O)N,222.57800987849492,-0.7305879357463566,8,3,3,4,1,14,3,-8.084490338786797,0.8778035669784168,46.463100160625835,-9.030234676922062,54.182570604897506,38.33201163876566,15.953581824440057,4.392841236996871,0.3153626244568854,25.075988184423082,1.194955153358322,-29.92851114235272,65.267473809923
Lamivudine_7,C1C(OC(S1)CO)N2C=CC(=NC2=O)N,222.95900876745216,-1.2920375518891645,8,3,3,4,1,14,3,-8.104203718466382,1.0863078844613878,51.1134384725669,-8.925522295141217,51.8521027691034,54.108210178076824,12.305463453166517,5.6029164712949395,0.391237304484443,18.657404794037994,1.322178133699854,-28.16058854172688,60.480993132524816
Lamivudine_8,C1C(OC(S1)CO)N2C=CC(=NC2=O)N,212.2404184727456,-0.8896072786512934,8,3,3,4,1,14,3,-7.884468801622399,1.0834040338438218,35.41141414936446,-8.739148196149719,40.12575976446321,48.30004650204976,12.035127809548062,2.915896887763105,0.34823569837738166,26.778471380712464,1.2416828934848945,-33.62260939519633,57.70922917202529
Lamivudine_9,C1C(OC(S1)CO)N2C=CC(=NC2=O)N,210.8732064420605,-1.1988634574096229,8,3,3,4,1,14,3,-9.234159063513818,1.2398143133283017,17.42184765754278,-10.420542538038701,53.43581397595415,50.21662918856988,14.4597269715814,6.146632479553347,0.4294341556810904,20.80758604392519,1.0843815591769985,-45.19140316952763,63.9862783933518
Emtricitabine_0,C1C(OC(S1)CO)N2C=C(C(=NC2=O)N)F,232.4872500850711,-0.40377856387872757,8,3,3,4,1,14,3,-8.04794331513145,0.8066219951022708,31.682979887018323,-9.042819980232824,43.53887212797386,47.52506492980574,11.857325299904527,3.1519874596836224,0.2876948517307867,20.792718345731693,1.0149656324146457,-32.78286440738399,62.11864971032851
Emtricitabine_1,C1C(OC(S1)CO)N2C=C(C(=NC2=O)N)F,264.88863151371174,-0.6136278991748524,8,3,3,4,1,14,3,-8.089110669905763,0.9618445036375752,17.54503155795554,-8.893925628451973,58.077918905184944,48.07988807686866,14.946301857664015,5.2612051694219355,0.43676713296262276,22.85274473908974,1.2993744048589893,-36.8229638118629,63.75819938530931
Emtricitabine_2,C1C(OC(S1)CO)N2C=C(C(=NC2=O)N)F,229.31742719644527,-0.9414638415000764,8,3,3,4,1,14,3,-8.473928907900595,1.477607792345269,47.80810767043352,-9.441235439307892,51.62873418034968,38.37786173995071,18.03902116375473,2.9510960713257264,0.3746044692135438,28.68831239209022,0.6937553834856098,-42.43505519771303,66.77446866304535
Emtricitabine_3,C1C(OC(S1)CO)N2C=C(C(=NC2=O)N)F,243.12557572356158,-0.3564557303627054,8,3,3,4,1,14,3,-8.999039565063674,0.49890598612021664,24.280850778325078,-10.02701720170118,43.328368010438055,61.6984236496321,11.920614461847526,6.752929235523482,0.3536648541576444,20.544237787522658,0.9308022978233643,-40.57509389189579,56.90074184150252
Emtricitabine_4,C1C(OC(S1)CO)N2C=C(C(=NC2=O)N)F,251.49060009917773,-1.0103682266953822,8,3,3,4,1,14,3,-8.651105709696028,0.882199621503374,21.775411338015424,-9.81500344830073,43.46681206485013,62.872531892775925,7.741558238370937,4.0075239614113,0.41229768279368867,25.7511534462981,0.8495484209175412,-46.61275213022119,55.78646116186931
Emtricitabine_5,C1C(OC(S1)CO)N2C=C(C(=NC2=O)N)F,227.39878643272237,-0.8584937731439387,8,3,3,4,1,14,3,-9.218853152985734,1.3734939781084672,46.47139152542826,-10.096390536522751,53.232751690212616,39.13556513749853,18.19993816493686,5.425583689108262,0.36658095898321347,28.422432046592277,1.5486796739507054,-47.569013117227286,65.27760715356574
Emtricitabine_6,C1C(OC(S1)CO)N2C=C(C(=NC2=O)N)F,231.92515042363755,-0.11414155958906247,8,3,3,4,1,14,3,-8.544584757405348,0.8699399283896289,32.88440912010535,-9.256195825666918,49.02108214500846,32.5488838704934,12.730601050235306,6.80149396783065,0.33711574387999504,25.824525430378294,0.40232746810371756,-35.39227371115882,67.16572910519031
Emtricitabine_7,C1C(OC(S1)CO)N2C=C(C(=NC2=O)N)F,234.4363715611965,-0.41089091851317594,8,3,3,4,1,14,3,-8.242948972785927,0.4954859200534923,22.90829251311831,-9.19032703578104,48.48166024698543,45.76807734745718,11.485584666002556,1.6925465509362816,0.4564999267504175,20.650303794040347,0.6870214772706567,-41.363335640256196,63.959482737289086
Emtricitabine_8,C1C(OC(S1)CO)N2C=C(C(=NC2=O)N)F,267.07416807214025,-0.8473369978287176,8,3,3,4,1,14,3,-8.62760842455504,1.5880080823942444,19.644035955059717,-9.456208463388366,48.54667006521514,51.64712879243681,9.974738310013228,7.524136259150209,0.3032021114045114,30.208912805705495,0.8352239241329078,-36.51500502811463,68.90151512884265
Emtricitabine_9,C1C(OC(S1)CO)N2C=C(C(=NC2=O)N)F,253.3962590562248,-0.1437788263563723,8,3,3,4,1,14,3,-8.435165753984979,1.0802711048501394,26.742245432154572,-9.726006850197361,49.14250352497782,43.185083734224484,8.837811577976803,1.3836129752564768,0.3559189247627191,25.60728558701249,1.0890397118505428,-36.036279229937875,61.37084794244366
Tenofovir_0,CC(CN1C=NC2=C(N=CN=C21)N)OCP(=O)(O)O,274.64328222261366,-1.1220065762617655,9,5,4,4,1,18,5,-7.864531307034242,0.33856534137537747,52.85585917501262,-8.60525095779527,48.97903083968008,45.95969362345213,12.603029241761888,0.5956189876774858,0.3340191588750626,23.006842561447865,0.8121935344734112,-34.6178730901882,64.62321113359813
Tenofovir_1,CC(CN1C=NC2=C(N=CN=C21)N)OCP(=O)(O)O,295.7140562919357,-1.4119694810480188,9,5,4,4,1,18,5,-9.351431978641589,0.800092398690271,22.549909607086317,-10.461769045877052,44.043156534923114,25.70069682151432,10.426151925769384,3.3364159065355734,0.3315210947646883,24.25477185029624,0.9723577872916157,-39.30228043245301,65.32029994509661
Tenofovir_2,CC(CN1C=NC2=C(N=CN=C21)N)OCP(=O)(O)O,294.4118422549708,-1.464843011136065,9,5,4,4,1,18,5,-8.33897532003206,0.344970269905663,53.980951998481764,-9.084995615070103,50.254203415730956,38.56937182995759,5.852266157644449,0.5,0.3541981854080426,20.55382939886159,0.7590241028074646,-37.69392021171035,68.59459297239853
Tenofovir_3,CC(CN1C=NC2=C(N=CN=C21)N)OCP(=O)(O)O,283.1321936271575,-1.586366616071349,9,5,4,4,1,18,5,-9.224333142655805,-0.0062853185954883095,38.026103447689366,-10.051923833609981,42.846480418861056,24.037886817288204,13.894074596211597,4.486924775627081,0.3626133113948958,32.184335480300994,1.0967334113074472,-38.5559656848593,71.31463524627985
Tenofovir_4,CC(CN1C=NC2=C(N=CN=C21)N)OCP(=O)(O)O,286.6212286844079,-1.5579666549027982,9,5,4,4,1,18,5,-9.06456828701382,0.527142111226143,31.269058270739883,-10.30715421737902,39.074568430484646,54.01558076161415,17.556077372254048,0.6223872097185408,0.37403156668612086,22.48402380894381,1.0312549773587225,-38.20985776184364,62.39315207240847
Tenofovir_5,CC(CN1C=NC2=C(N=CN=C21)N)OCP(=O)(O)O,278.0089454742185,-1.331578928882758,9,5,4,4,1,18,5,-9.238557415543006,1.3165309816986746,33.67063493476008,-10.373909836561598,45.95834223853944,27.200293875517858,8.034213189982022,0.5,0.32055722139508525,21.38752759219976,0.9935378143564731,-43.98517496759871,67.73009394843373
Tenofovir_6,CC(CN1C=NC2=C(N=CN=C21)N)OCP(=O)(O)O,288.03082134566057,-1.4446168005365467,9,5,4,4,1,18,5,-9.187522986820888,0.29895739452021725,34.286113570356875,-10.205328558058564,46.029336643988614,43.68031424453519,18.704260404557232,2.7063147517336192,0.40765365252957136,24.424109425656106,0.9297920171344816,-32.91380773853588,56.62524659056939
Tenofovir_7,CC(CN1C=NC2=C(N=CN=C21)N)OCP(=O)(O)O,306.9365495573391,-1.993907950052048,9,5,4,4,1,18,5,-8.48754455764319,1.0378963862549275,50.19348909041543,-9.694733648732273,46.3668312878584,22.003471365129833,9.0070665164494,0.5,0.407769970568293,28.69461242273622,0.9728337049298006,-34.32966374629423,64.44671719734224
Tenofovir_8,CC(CN1C=NC2=C(N=CN=C21)N)OCP(=O)(O)O,268.60196799473397,-1.6907504262146027,9,5,4,4,1,18,5,-8.209579781977288,1.3922362938898063,54.07730745925547,-9.450955416745233,50.308408347697714,39.81450754105657,12.68519214228027,1.8589397334751765,0.40088919054848804,23.52120473354835,1.1824504240605562,-42.999064831489186,57.66408844874819
Tenofovir_9,CC(CN1C=NC2=C(N=CN=C21)N)OCP(=O)(O)O,284.8148308393974,-2.008862660910293,9,5,4,4,1,18,5,-8.293789727948806,1.1801332910872295,47.75876753821381,-9.31957535663323,47.735883775632516,52.0573387664852,17.22879463081098,1.8258734461321768,0.42820181191589013,21.410188688925288,0.6132396511859415,-49.42743817491703,64.135177009007
Abacavir_0,C1CC1NC2=C3C(=NC(=N2)N)N(C=N3)C4CC(C=C4)CO,288.49678886443996,0.9588408709546665,14,6,1,4,1,21,5,-8.997905611035293,1.120605031972866,23.604745208348852,-10.050250618868857,54.11706282093031,53.25675980151818,3.784582824053527,3.1653467707478375,0.2954687610567863,25.894973821739054,0.3,-48.64735106724975,69.88760614178865
Abacavir_1,C1CC1NC2=C3C(=NC(=N2)N)N(C=N3)C4CC(C=C4)CO,266.69966353622056,1.2081570490242126,14,6,1,4,1,21,5,-8.980546753984326,1.0662227524865178,25.81552536922475,-9.794108474846078,49.19071551953474,52.76226770801438,6.259904652075829,7.033433650371777,0.34487844181813565,26.950124615515083,0.6257537801991041,-46.93217475383302,66.16126921306459
Abacavir_2,C1CC1NC2=C3C(=NC(=N2)N)N(C=N3)C4CC(C=C4)CO,285.1769023751257,0.9734016258977038,14,6,1,4,1,21,5,-8.18429160924637,1.7093249633311491,29.203476523069824,-9.133000046257349,49.01818270642179,62.66253171041913,4.388128862044212,6.2490040528976145,0.46022039078207233,21.777320786701548,1.6231519362792557,-35.80153253833022,53.22034823151089
Abacavir_3,C1CC1NC2=C3C(=NC(=N2)N)N(C=N3)C4CC(C=C4)CO,292.895029571334,0.8265919010543934,14,6,1,4,1,21,5,-9.31185094479304,2.0425672184024695,28.64574933455232,-10.469498326598758,54.28995176693834,64.98374517571649,1.1194866255622813,7.423803478637216,0.45134402333735024,25.786486705356253,0.7466018150677649,-45.5882060225903,64.07087780409562
Abacavir_4,C1CC1NC2=C3C(=NC(=N2)N)N(C=N3)C4CC(C=C4)CO,280.56873563328946,0.684104149227433,14,6,1,4,1,21,5,-9.253679033591164,2.0678383372411098,36.74387993238569,-10.138775706103006,51.85117455961678,72.97187846593248,9.581195506681976,5.767141537881169,0.3403389100098315,19.89146740412396,0.960035529820659,-38.9315767170802,57.89289070489999
Abacavir_5,C1CC1NC2=C3C(=NC(=N2)N)N(C=N3)C4CC(C=C4)CO,283.6037476924812,0.45393258284087123,14,6,1,4,1,21,5,-8.184133931915781,1.914999370348485,25.809395474006863,-9.211633449815123,49.63275547591921,66.22252167779732,6.163980040466055,5.921206499933675,0.35721595178254295,25.90203666487092,0.6463328587314078,-45.36784844767202,66.18126211035244
Abacavir_6,C1CC1NC2=C3C(=NC(=N2)N)N(C=N3)C4CC(C=C4)CO,272.9057073731366,1.2041092460611318,14,6,1,4,1,21,5,-8.694819765583894,1.5571092130705275,21.70857274227778,-9.932516133917337,45.68631775055567,68.32521770981208,4.174143144117682,6.301544390846578,0.33065606561632715,20.6782372716548,0.8528716031854069,-47.40179249757675,63.164178263180915
Abacavir_7,C1CC1NC2=C3C(=NC(=N2)N)N(C=N3)C4CC(C=C4)CO,288.98774740346505,0.8717563093908743,14,6,1,4,1,21,5,-9.107941521700074,0.9907717838253305,31.668968965765103,-10.305849937013363,52.18376468016688,57.84969188897237,3.625093568226958,3.1594485187487162,0.43363299614066664,22.434702130242066,1.1936157404640615,-36.33780447982883,55.99721427778814
Abacavir_8,C1CC1NC2=C3C(=NC(=N2)N)N(C=N3)C4CC(C=C4)CO,285.5614467271891,1.3920159693968357,14,6,1,4,1,21,5,-8.663729208972809,1.8983568711384313,19.23751656493762,-9.562820811798066,54.070513571001705,58.98914479422023,1.0,4.736013426977897,0.367721304059196,20.65658820084679,0.8466303000772993,-45.27822203305555,59.91374701057369
Abacavir_9,C1CC1NC2=C3C(=NC(=N2)N)N(C=N3)C4CC(C=C4)CO,289.41213366854174,0.7422655927897462,14,6,1,4,1,21,5,-8.949975635031056,2.0620351569577977,32.32050426242183,-9.789259081155542,56.17457653206596,61.289520171779934,2.3934722008259652,6.52116356525516,0.4149051613817889,30.380806631905678,1.1405927686744477,-50.02086187287141,65.62755762585296
Stavudine_0,CC1=CN(C(=O)NC1=O)C2C=CC(O2)CO,241.9526086862791,-1.2581196061612245,10,2,4,4,1,16,4,-7.945810607828019,1.722539300612355,19.57149814530044,-9.202401577526384,52.73482736714472,52.10446651147085,9.034254956316301,5.544960265412293,0.2934179293614222,20.73218035658729,0.6032810812778886,-44.55466669542457,64.88783335058261
Stavudine_1,CC1=CN(C(=O)NC1=O)C2C=CC(O2)CO,241.01455253290516,-0.8297037773084253,10,2,4,4,1,16,4,-8.574602483948043,1.1096705165809106,51.29207944297096,-9.845107369775187,63.604195589184805,55.41765020054018,13.727883913785611,4.200391389536425,0.3495592341103047,24.186307701690406,1.0325134871845263,-41.190708580173826,65.49290647135781
Stavudine_2,CC1=CN(C(=O)NC1=O)C2C=CC(O2)CO,240.89394020687178,-1.1660251332502187,10,2,4,4,1,16,4,-7.863495116503922,1.2680649403264763,33.757690143050326,-9.088887926038478,64.13377734526348,55.7966812206875,17.079137146666113,3.251488680356068,0.3827165448509678,27.4149446668117,1.3749019030340832,-45.211995030430124,57.89942437745166
Stavudine_3,CC1=CN(C(=O)NC1=O)C2C=CC(O2)CO,236.62731654292682,-0.6102984651381315,10,2,4,4,1,16,4,-8.827267710921557,0.23987270326820398,51.470244216207234,-10.059765230978702,61.12097050701324,44.26908515384957,11.016437632225767,0.6943030260087921,0.33891583158946115,17.7965228663047,1.4859648962736651,-39.42125110358909,64.99728634992267
Stavudine_4,CC1=CN(C(=O)NC1=O)C2C=CC(O2)CO,228.4787831912893,-0.6732161829481554,10,2,4,4,1,16,4,-8.90730628036982,1.2805087194586187,26.923120855321333,-10.147507927123755,58.41890827721137,42.26508750688304,13.016280103918325,4.000152528849628,0.4059259207821855,16.295276150519193,1.0690583809481926,-40.79784541073791,65.56774637929543
Stavudine_5,CC1=CN(C(=O)NC1=O)C2C=CC(O2)CO,221.96134317129344,-0.7291469744556873,10,2,4,4,1,16,4,-8.777004852824373,1.1764154138717065,36.633329255934456,-9.48515644173464,58.45840846177414,53.46673666542668,15.227842854299066,2.5844925265234795,0.38690783710708004,23.26561413286162,0.6049698848207646,-32.65571570441574,65.25144696124616
Stavudine_6,CC1=CN(C(=O)NC1=O)C2C=CC(O2)CO,207.7302411004581,-0.4064654165015631,10,2,4,4,1,16,4,-8.610606407770188,0.2906375089694199,39.09279586387656,-9.413780436305636,56.12611377090376,37.466089659566826,9.560775808311586,3.847634320579809,0.2984613669757487,21.278488998842683,1.019744878337248,-43.35404699246463,72.977595630468
Stavudine_7,CC1=CN(C(=O)NC1=O)C2C=CC(O2)CO,217.77813725087674,-0.9773162929221798,10,2,4,4,1,16,4,-8.403899595213574,0.7033874429788702,32.97865788990957,-9.469859955764997,60.69343172118945,52.615307812579196,11.789915173175428,4.124219487231935,0.29054995075257944,26.59790101832762,0.7132722518608164,-37.55474996943977,68.53414504056501
Stavudine_8,CC1=CN(C(=O)NC1=O)C2C=CC(O2)CO,208.86782096338845,-0.7035254224560477,10,2,4,4,1,16,4,-8.787359485797376,1.5105600073043242,38.852015655733055,-9.575455698609343,55.28870317404608,32.67611505066587,12.22049990971649,3.1478563591925117,0.46432202658029537,26.15382652839471,1.3214503802229898,-36.16174941371586,60.40197695417915
Stavudine_9,CC1=CN(C(=O)NC1=O)C2C=CC(O2)CO,204.6655867235421,-0.6034928165231109,10,2,4,4,1,16,4,-8.23246878796046,0.3528010268854821,31.668309737941872,-9.199875229110267,55.15937108074925,56.13074736572835,10.22121429512185,0.5,0.42566377316858983,26.333592276937523,1.264732171316334,-32.92636541411396,65.27156565867779
Didanosine_0,C1CC(OC1CO)N2C=NC3=C2NC=NC3=O,241.43138310169752,-1.3594240625788814,10,4,3,4,1,17,4,-8.404062686663735,1.5139145652379835,47.443990843088216,-9.351446004944949,47.974373373699414,37.509491339748955,12.62391995620628,0.5,0.373570587087544,16.204913755624467,0.895714659546599,-33.53980196597869,60.46117205632335
Didanosine_1,C1CC(OC1CO)N2C=NC3=C2NC=NC3=O,235.62969138309998,-1.3944235406721743,10,4,3,4,1,17,4,-8.291738529678168,0.9673446792542706,34.64978696735921,-9.24401670818818,60.25682935093435,35.70472782275495,9.32953841564795,2.112838944680652,0.36029632304716863,24.160010685587228,0.7960742266489036,-34.250827568137204,66.18739271509948
Didanosine_2,C1CC(OC1CO)N2C=NC3=C2NC=NC3=O,255.27282344127616,-1.4431684254329413,10,4,3,4,1,17,4,-8.616458403534152,0.6729370285679033,37.29664258679321,-9.847738682538342,58.441624907623016,35.134610437856004,16.734568775536353,1.6860958666276935,0.4543264067699459,22.288818118635717,0.6170291841712852,-35.27964136216016,63.11016408865059
Didanosine_3,C1CC(OC1CO)N2C=NC3=C2NC=NC3=O,250.5952143900493,-1.4716443858211523,10,4,3,4,1,17,4,-8.524190813419949,0.1450303385760045,30.6137011826493,-9.481398804160088,47.66400242935495,42.90924527160337,15.42551078396213,2.939772149983592,0.43215992513834334,23.452047252394472,0.818425026673219,-35.38511551861308,61.02605672441322
Didanosine_4,C1CC(OC1CO)N2C=NC3=C2NC=NC3=O,231.0299554383991,-0.9592201328393275,10,4,3,4,1,17,4,-8.170164745028746,0.40175945067085117,51.62455585210013,-8.958565053167714,49.23127989117193,53.54915328133126,3.887750932042861,3.3440726695258842,0.36838025737667773,17.02594673447609,0.9844097964893634,-34.55189902095732,60.94347197328196
Didanosine_5,C1CC(OC1CO)N2C=NC3=C2NC=NC3=O,225.26525651734303,-1.0878413410567709,10,4,3,4,1,17,4,-9.01628076884812,1.2449277853047387,43.629068993377984,-10.193578165632442,38.61210968477525,39.64065407270114,7.3366684619855285,4.888358851055558,0.3279144185158547,20.33145472047635,0.7282662011465775,-38.953939448755534,64.10612058400585
Didanosine_6,C1CC(OC1CO)N2C=NC3=C2NC=NC3=O,221.64675399271312,-1.4087062527944947,10,4,3,4,1,17,4,-8.48945957475956,0.20653685147398998,34.23966423992238,-9.368160977570572,57.297361318308155,43.033041350274544,12.099824087687296,2.0594261517711185,0.3582456810652226,26.164011527271526,1.2879104015349885,-36.40943406060663,68.50893627860191
Didanosine_7,C1CC(OC1CO)N2C=NC3=C2NC=NC3=O,253.74058237272897,-0.8378470417068782,10,4,3,4,1,17,4,-8.057065954204779,1.3168458376020369,23.630569409071413,-8.926623820961654,47.04730131185157,43.06884778657025,15.61137373303677,0.5,0.47274823203317684,22.61682103190907,0.3,-35.68779432393519,59.18646135156588
Didanosine_8,C1CC(OC1CO)N2C=NC3=C2NC=NC3=O,247.2942735918556,-1.1477777198261534,10,4,3,4,1,17,4,-9.173695803557287,0.8017737749380645,41.022373087098586,-9.936655769795559,54.122028169733234,41.88973240449531,18.877272547720146,0.5,0.3736492503774615,24.009527096183692,1.0852993316415136,-45.164052601353646,60.7753877505745
Didanosine_9,C1CC(OC1CO)N2C=NC3=C2NC=NC3=O,232.59786575142599,-1.1558198840580465,10,4,3,4,1,17,4,-8.831460730974513,0.5843516028668516,33.975558073104196,-9.761048180381673,52.65536508049096,32.39706224405421,12.329876900879887,2.580884934742761,0.3948560604170124,21.383849652076382,1.324986523695477,-45.14850449893836,58.646954438002936
Efavirenz_0,C1CC1C#CC2(C3=C(C=CC(=C3)Cl)NC(=O)O2)C(F)(F)F,334.07047523276503,4.320461290158315,15,1,2,4,1,18,4,-8.675204804972045,2.5790640571576406,21.704831396697525,-9.677559517871726,57.25426268106603,95.90699369104374,1.0,15.27040096431924,0.3147111082482797,32.76933507809004,0.9397740450631831,-35.56684898787916,59.90152536773536
Efavirenz_1,C1CC1C#CC2(C3=C(C=CC(=C3)Cl)NC(=O)O2)C(F)(F)F,312.84291062816783,3.907884926850359,15,1,2,4,1,18,4,-9.140922694521816,2.0916247344719645,27.15192831484878,-10.26954673471167,63.973160684977664,99.0,1.0,12.238228824991246,0.3345074995653151,28.814955144012544,0.6542425069128259,-41.65196543609808,63.81302419548497
Efavirenz_2,C1CC1C#CC2(C3=C(C=CC(=C3)Cl)NC(=O)O2)C(F)(F)F,332.0267097648582,4.441991446883872,15,1,2,4,1,18,4,-8.030917904166815,2.847546016235519,44.39728753517964,-8.898381972735557,61.13709333177719,99.0,1.0,15.24363885180768,0.3374466178368651,35.828622508617755,1.4935442005224653,-36.5642694440783,59.37616485500104
Efavirenz_3,C1CC1C#CC2(C3=C(C=CC(=C3)Cl)NC(=O)O2)C(F)(F)F,311.02795577051893,4.2368168318297,15,1,2,4,1,18,4,-7.956478834790375,2.436889142645395,17.25176086884618,-9.058828840365708,64.33773799682403,99.0,1.0,14.311863899290522,0.32495309951326834,19.148454263689274,0.9730187812242116,-31.8011051316905,57.01462169114208
Efavirenz_4,C1CC1C#CC2(C3=C(C=CC(=C3)Cl)NC(=O)O2)C(F)(F)F,315.2378607192246,3.950265193496638,15,1,2,4,1,18,4,-8.573913326321586,2.017208068094108,53.43076804948086,-9.601455370295064,53.66643587968007,99.0,3.2739508875247596,13.867586946063318,0.4291521876758826,21.793154574641818,1.1938707960384956,-33.559271262489034,55.09163487721915
Efavirenz_5,C1CC1C#CC2(C3=C(C=CC(=C3)Cl)NC(=O)O2)C(F)(F)F,313.82015041001415,4.006930116077195,15,1,2,4,1,18,4,-8.159071228515941,2.294815964367838,18.006779700732135,-9.078950052346238,57.463434555648526,89.71650392187982,1.0,12.514849029029543,0.4227416272591631,23.375042638632884,0.7375648266442212,-39.41977298918,56.70937129281889
Efavirenz_6,C1CC1C#CC2(C3=C(C=CC(=C3)Cl)NC(=O)O2)C(F)(F)F,307.2813470925904,4.041188055857024,15,1,2,4,1,18,4,-8.891084869028573,2.7832585568328265,48.742226917806995,-10.16423400867283,52.29031731319165,88.53501404212132,1.0,12.43386696108679,0.37786301036399694,18.233041711707404,0.5200674741375495,-32.36835347523976,55.47945160767781
Efavirenz_7,C1CC1C#CC2(C3=C(C=CC(=C3)Cl)NC(=O)O2)C(F)(F)F,316.1509355643504,4.0488417555934735,15,1,2,4,1,18,4,-7.895574540458687,1.9530170187843339,33.03218174346108,-8.629826913623631,63.758391390514625,92.66966355000207,1.0,14.895141971133585,0.4020462577653976,30.73215424733487,1.0276620468105726,-42.96046860576655,55.94397594636666
Efavirenz_8,C1CC1C#CC2(C3=C(C=CC(=C3)Cl)NC(=O)O2)C(F)(F)F,302.259360355509,3.8513559346549266,15,1,2,4,1,18,4,-8.667489558014868,2.680944020553491,54.26159672956723,-9.42614218415713,58.75026035777874,98.72465655824894,1.0,10.470265768307002,0.36756902929007784,30.861841067311648,0.6867335236528956,-37.110193236750426,62.616603713781096
Efavirenz_9,C1CC1C#CC2(C3=C(C=CC(=C3)Cl)NC(=O)O2)C(F)(F)F,320.3189700642781,3.9287251417514817,15,1,2,4,1,18,4,-8.257299386720357,2.358125874667051,44.646361963118814,-9.336591078034676,52.99284780343762,88.98958376727767,1.0,12.940137492658089,0.4256099635185136,31.263792043557327,1.1463560253056664,-35.99852478136765,54.38566705235817
Nevirapine_0,CC1=C2C(=NC=C1)N(C3=C(C=CC=N3)C(=O)N2)C4CC4,258.7240388558132,1.9609695922125396,15,4,1,4,1,20,7,-8.17350277536733,2.5801180735184763,45.52872816526501,-9.348688037727381,63.010327863116984,70.88375602475736,7.462037581947886,10.85717640667771,0.4530648584357549,22.731185562864585,0.5055656560477191,-40.221459878691874,60.005511437420964
Nevirapine_1,CC1=C2C(=NC=C1)N(C3=C(C=CC=N3)C(=O)N2)C4CC4,249.42968394320093,2.288118939945219,15,4,1,4,1,20,7,-8.911002056604781,1.9789260898503982,49.06311182836197,-9.753956432723072,58.00356363542528,79.9055624492408,5.539140009647198,11.192081933736189,0.3864353507259499,23.357862749958326,0.6156532241671347,-41.8888765028225,62.35243230769976
Nevirapine_2,CC1=C2C(=NC=C1)N(C3=C(C=CC=N3)C(=O)N2)C4CC4,277.53141933461905,1.691773458293671,15,4,1,4,1,20,7,-9.153229233464945,1.4106449939515175,49.49983931130862,-10.041168556106642,64.1264748441949,75.95005934783086,1.0,8.63854180636162,0.36886979503699663,17.265496403863068,1.2589378943574974,-40.90102737130745,62.74470384444422
Nevirapine_3,CC1=C2C(=NC=C1)N(C3=C(C=CC=N3)C(=O)N2)C4CC4,282.7994021692148,1.7659740646541122,15,4,1,4,1,20,7,-7.975096790639942,2.4771174006187167,18.348179750510784,-9.127083732793544,64.54013231263133,69.14846089756496,9.34480964105958,8.577749919848857,0.40163987901145176,17.108541878683685,1.255241719374939,-31.639331382774472,58.15233079703036
Nevirapine_4,CC1=C2C(=NC=C1)N(C3=C(C=CC=N3)C(=O)N2)C4CC4,252.9853725947723,1.9071737385988752,15,4,1,4,1,20,7,-8.593210709904852,1.9903826895288432,53.290498275529885,-9.294040318406221,61.62263693787064,68.03306158276877,4.288244811100806,8.832989761842674,0.34525075377677883,24.566710912360513,0.5300881209214203,-34.22694065897957,59.93425322150065
Nevirapine_5,CC1=C2C(=NC=C1)N(C3=C(C=CC=N3)C(=O)N2)C4CC4,267.4049782735483,2.017461009384291,15,4,1,4,1,20,7,-8.248410047185752,1.9688681320454187,23.279141211459198,-9.243366461198976,60.411322564141706,79.01617667454265,1.5749279991088723,8.426761965941381,0.38136413606382474,21.518402981202488,0.8701902977402217,-45.56279269496728,61.03674192008652
Nevirapine_6,CC1=C2C(=NC=C1)N(C3=C(C=CC=N3)C(=O)N2)C4CC4,275.32272990239795,1.7298260417925362,15,4,1,4,1,20,7,-9.286531519290701,1.9902915005197508,38.645939188732626,-10.345539643832073,61.59364252362053,71.45453244039012,8.059542400867027,8.819797846709317,0.3437654075159388,26.509911130281395,0.5166670740863695,-37.038002255163065,64.200998232069
Nevirapine_7,CC1=C2C(=NC=C1)N(C3=C(C=CC=N3)C(=O)N2)C4CC4,252.15492266355872,1.6889298137649522,15,4,1,4,1,20,7,-7.901358752869136,2.2395219468906165,22.17338975340501,-9.138669315684435,52.46222605088407,70.39179710784234,1.0,8.117390000128403,0.3650645481326423,19.884681493913888,0.5594277296462402,-26.04895334097862,56.18876226836671
Nevirapine_8,CC1=C2C(=NC=C1)N(C3=C(C=CC=N3)C(=O)N2)C4CC4,283.02772633846814,2.3151802319698893,15,4,1,4,1,20,7,-9.189151874250326,1.5510490525002754,30.5337999190071,-9.966388763680255,51.530108567038255,85.52152182279121,4.061976726409951,12.789393629714336,0.2543873717884085,25.39018431370471,1.4161243064503461,-43.522928174192096,62.12740185745807
Nevirapine_9,CC1=C2C(=NC=C1)N(C3=C(C=CC=N3)C(=O)N2)C4CC4,266.35403974534984,1.543397178578561,15,4,1,4,1,20,7,-9.368284022767352,2.4870443265891975,26.523493187676266,-10.604710475960923,59.19005845795169,72.62347924646878,2.4657377967208793,11.786463100401118,0.3897205682814884,25.611084356984637,1.0741571009286675,-43.79491525708674,60.639103811136124
Rilpivirine_0,CCN(CC)CCNC(=O)C1=C(NC(=C1C)C=C2C3=C(C=CC(=C3)F)NC2=O)C,390.0284787379242,2.260309039515569,22,4,2,4,1,28,8,-8.582716963693484,1.6354361786046505,43.85280665035496,-9.60415354209888,29.118425300330415,82.53304222875494,2.737081378444312,12.424938928264908,0.4043375403377213,28.785019546113357,0.6706641374503818,-52.5404475273185,53.612123113837946
Rilpivirine_1,CCN(CC)CCNC(=O)C1=C(NC(=C1C)C=C2C3=C(C=CC(=C3)F)NC2=O)C,416.06434793240965,2.7717448404774836,22,4,2,4,1,28,8,-8.876796939356762,2.1651320617365326,21.0048656489619,-9.757867667260077,39.10946697698804,74.55218866039031,1.0,15.747061200130288,0.3542996473154088,18.86973012270139,1.057175054576819,-37.580189200176804,51.54543562543573
Rilpivirine_2,CCN(CC)CCNC(=O)C1=C(NC(=C1C)C=C2C3=C(C=CC(=C3)F)NC2=O)C,392.41874664620866,2.569060340221154,22,4,2,4,1,28,8,-8.172118855454475,2.057694126889867,53.6029652604251,-9.415441399973822,48.067186117817776,80.74296203225053,1.0,8.082301028660638,0.4297091426666321,30.85237019159876,0.917786121366027,-41.889848606071915,53.75753480880528
Rilpivirine_3,CCN(CC)CCNC(=O)C1=C(NC(=C1C)C=C2C3=C(C=CC(=C3)F)NC2=O)C,406.38364553043033,2.6868204450735638,22,4,2,4,1,28,8,-8.56120461781426,1.5277083443426682,23.795149541018056,-9.841141826477601,37.60881675779194,88.84904037752335,1.0,13.77109622775112,0.4341234219223381,32.61839466101069,1.0130927233228542,-41.18550507535312,49.597864271920685
Rilpivirine_4,CCN(CC)CCNC(=O)C1=C(NC(=C1C)C=C2C3=C(C=CC(=C3)F)NC2=O)C,407.2174809449028,2.842821501584866,22,4,2,4,1,28,8,-9.309168606534943,1.4750742301836939,45.59804157996663,-10.288751968304112,35.35964145969458,74.73669292176366,1.0,12.709830420306503,0.43235577549525706,28.323827722807327,0.5741489429147533,-45.30464063716499,52.41556504852805
Rilpivirine_5,CCN(CC)CCNC(=O)C1=C(NC(=C1C)C=C2C3=C(C=CC(=C3)F)NC2=O)C,389.01696990528586,2.4754986220207202,22,4,2,4,1,28,8,-8.13628095325061,1.6983515610001891,28.940474006355988,-9.107713762764924,37.34454663451483,81.1027713958969,1.0,14.53431650757553,0.3374805599885366,24.042723442588088,0.9021248018738969,-42.7458960971755,59.33303515567028
Rilpivirine_6,CCN(CC)CCNC(=O)C1=C(NC(=C1C)C=C2C3=C(C=CC(=C3)F)NC2=O)C,407.3924467329483,2.290456997030046,22,4,2,4,1,28,8,-8.806634845410345,1.8813399412921807,27.64623090367031,-9.867533628127957,48.93363230627892,89.30796117943393,1.0,14.909902488341734,0.3997934683365973,25.094290679640558,0.5479022085322529,-38.13663165937207,58.64699801264444
Rilpivirine_7,CCN(CC)CCNC(=O)C1=C(NC(=C1C)C=C2C3=C(C=CC(=C3)F)NC2=O)C,382.7289824172454,2.7648077585802446,22,4,2,4,1,28,8,-8.723234207169218,1.4739212031641198,33.55629689152461,-9.578272395326893,43.83623883985331,71.38608594341711,1.0,14.169847653375246,0.3794032235356771,27.870204770959273,0.7111101480480683,-39.46613729091092,56.90107973959229
Rilpivirine_8,CCN(CC)CCNC(=O)C1=C(NC(=C1C)C=C2C3=C(C=CC(=C3)F)NC2=O)C,402.0933757775902,2.3006163711246526,22,4,2,4,1,28,8,-8.489271306196862,1.6650418872725037,55.424102312999416,-9.778156560149288,41.11046276758019,83.57936131253037,1.0,4.804519417143112,0.3262841387793284,26.81943437629013,1.327055046272656,-46.35709826669811,56.58591977108186
Rilpivirine_9,CCN(CC)CCNC(=O)C1=C(NC(=C1C)C=C2C3=C(C=CC(=C3)F)NC2=O)C,380.4007102882844,2.3192952825048305,22,4,2,4,1,28,8,-8.490995499841475,1.6095100817452044,27.94181400018445,-9.656063431706155,50.46265154867918,99.0,1.0,14.38472572357242,0.39126634100849145,21.960687132106454,0.9939376161049185,-35.59933392682917,51.10680936364213
Etravirine_0,CC1=CC(=CC(=C1OC2=NC(=NC(=C2Br)N)NC3=CC=C(C=C3)C#N)C)C#N,437.4576693541855,4.4505824928161175,20,6,1,4,1,27,9,-9.099348747797672,3.1739773442343147,36.91873640247714,-9.980504144710482,38.599445088621366,99.0,1.0,12.784438238316074,0.263247880895115,29.794723972869313,0.7122557747778697,-43.10875552531226,62.988686472098976
Etravirine_1,CC1=CC(=CC(=C1OC2=NC(=NC(=C2Br)N)NC3=CC=C(C=C3)C#N)C)C#N,436.57953273083126,4.809034550240342,20,6,1,4,1,27,9,-8.468287607573009,2.447063784187034,34.030057343623376,-9.266945181594272,41.32465326940574,99.0,1.0,18.608416206219992,0.34999363200757805,35.51695088080005,0.3,-36.82421424552665,55.47108836187437
Etravirine_2,CC1=CC(=CC(=C1OC2=NC(=NC(=C2Br)N)NC3=CC=C(C=C3)C#N)C)C#N,434.52856225937427,4.498851023744274,20,6,1,4,1,27,9,-9.211099095043004,2.3225071524050427,47.33142202231049,-10.031066450272181,38.9390188018347,99.0,1.0,16.35873069469988,0.40415394043858405,21.37753792711643,0.9397431616139009,-45.04430315235521,49.97942289893608
Etravirine_3,CC1=CC(=CC(=C1OC2=NC(=NC(=C2Br)N)NC3=CC=C(C=C3)C#N)C)C#N,420.8351425016767,4.748161799028696,20,6,1,4,1,27,9,-8.362627843177638,2.4077910900888737,25.494209566209797,-9.231551736183738,40.375066111152,99.0,1.0,18.429953039630846,0.4117802366638393,27.437653135499453,1.044778291628014,-41.370000374978524,50.277097280409706
Etravirine_4,CC1=CC(=CC(=C1OC2=NC(=NC(=C2Br)N)NC3=CC=C(C=C3)C#N)C)C#N,434.9742748557259,4.768467795664134,20,6,1,4,1,27,9,-8.744481385427434,3.1744012591098008,48.556195774008216,-9.681713757324301,49.24576887287587,92.43464717847581,1.0,18.142688788921294,0.4112598177747041,24.983963520684334,0.6656653596234312,-36.75513436300163,53.72192364675256
Etravirine_5,CC1=CC(=CC(=C1OC2=NC(=NC(=C2Br)N)NC3=CC=C(C=C3)C#N)C)C#N,422.3250586227201,4.421376941213855,20,6,1,4,1,27,9,-8.372470971926338,2.404235075200045,28.414599471943326,-9.077467140227332,42.58901971667843,99.0,1.0,15.946578072207164,0.38332819341616775,34.63374213933353,1.0816408755146818,-43.81020947761625,57.438076903810845
Etravirine_6,CC1=CC(=CC(=C1OC2=NC(=NC(=C2Br)N)NC3=CC=C(C=C3)C#N)C)C#N,425.4141991505024,4.517401289824966,20,6,1,4,1,27,9,-9.230753868222923,2.697274705556078,40.206924008121945,-9.93365822210285,52.273558223514264,92.25516122356458,1.0,13.209557058066336,0.38529907599066937,30.103115365603358,1.3012832167727866,-42.45564008720784,56.98095480949269
Etravirine_7,CC1=CC(=CC(=C1OC2=NC(=NC(=C2Br)N)NC3=CC=C(C=C3)C#N)C)C#N,437.6953266230794,4.789673613792756,20,6,1,4,1,27,9,-8.06244179738445,2.396819429339063,39.26723277903478,-9.018552248595702,44.09647436439053,99.0,1.0,17.86007196117321,0.35963899239154506,26.912178312180057,1.0767131160272887,-37.07121298688054,50.339605932666004
Etravirine_8,CC1=CC(=CC(=C1OC2=NC(=NC(=C2Br)N)NC3=CC=C(C=C3)C#N)C)C#N,442.4406827793766,4.198410101193563,20,6,1,4,1,27,9,-9.148207575118029,2.9378173007862727,58.16128686515569,-10.128053737051784,48.13763619253058,97.90711132959959,1.0,16.692347173302295,0.31886373908249693,38.70769001183837,0.4204015881963779,-49.833349818907905,67.32129461290407
Etravirine_9,CC1=CC(=CC(=C1OC2=NC(=NC(=C2Br)N)NC3=CC=C(C=C3)C#N)C)C#N,449.6594556412847,4.9915942356641665,20,6,1,4,1,27,9,-8.780980770215235,3.1874601082745944,37.734163127562255,-9.75900680237394,47.65383125398271,99.0,1.0,18.223937803210493,0.3564488803343842,28.27537692909826,0.9941945128154155,-37.79515064760059,58.29695889604804
Doravirine_0,CC1C2=C(C=CC(=C2)F)C(=O)N(CC3=NN(C(=C3C4=CC(=C(N=C4)N)O1)C#N)C)C,389.5410874376629,1.5605393524167708,21,6,2,4,1,29,9,-8.521059565059998,2.0653650128908887,22.74399433123313,-9.576973990245888,36.76943611956929,81.24976713451444,1.0,15.29371832629954,0.3763369850261525,28.850196093747513,0.905801897579065,-44.52328172453967,55.09178297686889
Doravirine_1,CC1C2=C(C=CC(=C2)F)C(=O)N(CC3=NN(C(=C3C4=CC(=C(N=C4)N)O1)C#N)C)C,388.72671034883695,1.3722452951860715,21,6,2,4,1,29,9,-8.57811083623573,1.2324126780069038,52.08938053133892,-9.565151128441057,44.33894013555823,62.404090869068504,1.0,10.368620038870159,0.2749813782851949,25.277035439562944,0.6671278962673576,-45.54229521419541,64.86651484958168
Doravirine_2,CC1C2=C(C=CC(=C2)F)C(=O)N(CC3=NN(C(=C3C4=CC(=C(N=C4)N)O1)C#N)C)C,418.87446799330337,1.7189069446047904,21,6,2,4,1,29,9,-9.160996681761794,1.832210137410922,35.04305873867115,-10.121545743227045,41.5853609191757,71.70381367948929,1.0,9.283433932914903,0.37254609816102674,29.217058155716643,0.6682646387072334,-48.375824466173086,59.49169008430894
Doravirine_3,CC1C2=C(C=CC(=C2)F)C(=O)N(CC3=NN(C(=C3C4=CC(=C(N=C4)N)O1)C#N)C)C,390.27808494395947,1.6064097767438004,21,6,2,4,1,29,9,-9.174409973853013,1.1503620554013871,46.838421792649235,-10.066519098721031,39.87129632228383,72.65733716694783,1.0,10.462248467672785,0.30918129302179637,27.836990527286535,1.0646554208492884,-40.737904248193544,60.432945595750645
Doravirine_4,CC1C2=C(C=CC(=C2)F)C(=O)N(CC3=NN(C(=C3C4=CC(=C(N=C4)N)O1)C#N)C)C,405.3117338120633,1.6771274885739018,21,6,2,4,1,29,9,-8.757243908679166,2.4077023185487185,23.028765701483753,-9.930027198377829,38.38553066550071,69.54497884054433,1.9684291080076897,9.289432903967638,0.4463148714680357,34.472270585354096,0.5946747576096902,-41.930454287570264,55.54400776863954
Doravirine_5,CC1C2=C(C=CC(=C2)F)C(=O)N(CC3=NN(C(=C3C4=CC(=C(N=C4)N)O1)C#N)C)C,401.8852203588459,1.2513076871421567,21,6,2,4,1,29,9,-9.391757942557115,2.1238257476363476,55.67142383114021,-10.659418968320843,37.06676218405695,65.12296502013407,1.0,7.667955257183762,0.3223681299717778,17.21130813415984,0.9937868231102327,-34.54606256394811,60.351895522035136
Doravirine_6,CC1C2=C(C=CC(=C2)F)C(=O)N(CC3=NN(C(=C3C4=CC(=C(N=C4)N)O1)C#N)C)C,416.3850300859609,1.135886150127594,21,6,2,4,1,29,9,-8.329300805213117,1.5242111792989383,47.80025900984688,-9.175277859146236,32.9227410309117,78.92864835558007,4.574437990731795,13.88511641045912,0.5,25.003457973655777,1.730801087657905,-42.33823516339641,43.833248689760204
Doravirine_7,CC1C2=C(C=CC(=C2)F)C(=O)N(CC3=NN(C(=C3C4=CC(=C(N=C4)N)O1)C#N)C)C,398.880052244338,1.9098236408320604,21,6,2,4,1,29,9,-8.179941997615563,2.4641195293322014,56.40767075481766,-9.443680070651224,40.33536187438923,62.56738249810159,1.0,12.651164468723358,0.3638136020951088,29.1778117183881,1.0335804815344154,-34.116459843873955,53.11063493825234
Doravirine_8,CC1C2=C(C=CC(=C2)F)C(=O)N(CC3=NN(C(=C3C4=CC(=C(N=C4)N)O1)C#N)C)C,405.46496642034515,1.8657009923240038,21,6,2,4,1,29,9,-9.385600694658756,1.8373476254194916,31.11995661521442,-10.509566889308969,29.02285020143097,68.73472846588979,3.9852970331364492,9.838825623053062,0.29966042188392733,26.66871359312838,0.3843614542198754,-50.41833328729083,63.334883091110676
Doravirine_9,CC1C2=C(C=CC(=C2)F)C(=O)N(CC3=NN(C(=C3C4=CC(=C(N=C4)N)O1)C#N)C)C,393.48173178113586,1.0285200248386484,21,6,2,4,1,29,9,-8.128164370723088,1.9658018913326896,48.64595514046245,-8.972472429210104,32.83063336846986,75.80843481529737,1.688367317722944,9.655820660159149,0.3937768170121191,27.25991746953334,0.8942612681125662,-41.13587622972384,51.56927053374789
Raltegravir_0,CC1=NN=C(O1)C(=O)NC(C)(C)C2=NC(=C(C(=O)N2C)O)C(=O)NCC3=CC=C(C=C3)F,454.96372000851926,1.219351305936299,20,6,5,4,1,31,10,-9.483956219609073,0.879001363750004,48.331285773483415,-10.692667487457364,39.303029564067316,79.25681577335648,1.0,12.333406102813745,0.3507587415857702,32.10007491772522,0.5539375894053831,-44.97592530906627,62.873479921294255
Raltegravir_1,CC1=NN=C(O1)C(=O)NC(C)(C)C2=NC(=C(C(=O)N2C)O)C(=O)NCC3=CC=C(C=C3)F,445.47075629077966,0.9167171220252162,20,6,5,4,1,31,10,-8.468200869200233,0.8680812304579022,49.17402321229757,-9.177076473653576,25.326976040401735,68.49081643454699,3.5545043924840387,9.375613013095183,0.4091458932189975,20.82286299333846,1.6022232903340274,-34.14551225058615,48.06684020855242
Raltegravir_2,CC1=NN=C(O1)C(=O)NC(C)(C)C2=NC(=C(C(=O)N2C)O)C(=O)NCC3=CC=C(C=C3)F,426.6736228284955,1.5784944646717909,20,6,5,4,1,31,10,-8.507237251487716,0.9232876421178168,42.21580647532184,-9.669260402247096,34.80782859582141,62.356774647983805,2.8369010708431333,11.366149405612346,0.41545783353109483,29.73257367181844,0.4499809173515023,-36.88958764489517,56.88730351076179
Raltegravir_3,CC1=NN=C(O1)C(=O)NC(C)(C)C2=NC(=C(C(=O)N2C)O)C(=O)NCC3=CC=C(C=C3)F,439.27979039156645,1.4470120353890836,20,6,5,4,1,31,10,-9.002650334624636,1.7020948041629296,45.119851195988794,-10.004436145958312,25.801099284036653,70.6185178288908,1.0,8.494083091629044,0.44852078706630377,26.57656733159177,1.0704482762612644,-46.556420513794585,50.29084892562169
Raltegravir_4,CC1=NN=C(O1)C(=O)NC(C)(C)C2=NC(=C(C(=O)N2C)O)C(=O)NCC3=CC=C(C=C3)F,434.915228079573,0.6357483944658647,20,6,5,4,1,31,10,-9.361868093223595,1.4409029786119225,42.45274943920946,-10.229378303338645,29.476151121880253,65.80313200561937,1.0,10.396860123851313,0.317273371159678,32.589294615462315,0.8575605942307,-53.77601396608503,58.765781574518755
Raltegravir_5,CC1=NN=C(O1)C(=O)NC(C)(C)C2=NC(=C(C(=O)N2C)O)C(=O)NCC3=CC=C(C=C3)F,448.4295909780157,1.2818330320328588,20,6,5,4,1,31,10,-9.17663543221623,1.6048416522954592,22.657722656181022,-10.373619036339136,30.22935663174168,71.79337044911703,1.0,10.196261608614325,0.3490622792939726,30.996175815277024,1.015338534499873,-38.41038849274523,58.09766260983673
Raltegravir_6,CC1=NN=C(O1)C(=O)NC(C)(C)C2=NC(=C(C(=O)N2C)O)C(=O)NCC3=CC=C(C=C3)F,455.75701116567546,1.1192800823952713,20,6,5,4,1,31,10,-9.610252340593561,1.215169985552694,43.84582299045553,-10.634059506559122,34.38497256635049,63.207003968222125,4.432739153691266,13.910555170396888,0.3650154034806886,27.682541815640473,0.7677748957342234,-42.617350724785744,65.15616210467968
Raltegravir_7,CC1=NN=C(O1)C(=O)NC(C)(C)C2=NC(=C(C(=O)N2C)O)C(=O)NCC3=CC=C(C=C3)F,443.3730228220116,0.991666542878809,20,6,5,4,1,31,10,-9.406927918103504,1.4537338067122871,54.43572859139193,-10.562791618266177,35.60243665431787,68.9794994816764,1.0,9.00022696507558,0.43390936822570136,26.765438704708718,0.6075839283302122,-34.772743843188465,60.679443940414494
Raltegravir_8,CC1=NN=C(O1)C(=O)NC(C)(C)C2=NC(=C(C(=O)N2C)O)C(=O)NCC3=CC=C(C=C3)F,451.5726666125421,1.0705007190896825,20,6,5,4,1,31,10,-9.493215321827496,1.05508572194712,35.62587158864912,-10.58647817703477,20.0,68.79208337844847,1.0,9.874810513592875,0.2854106037225404,30.028790269831017,0.7008643504725272,-38.213096461367,64.64802344744159
Raltegravir_9,CC1=NN=C(O1)C(=O)NC(C)(C)C2=NC(=C(C(=O)N2C)O)C(=O)NCC3=CC=C(C=C3)F,445.2507101529626,0.7720998526498623,20,6,5,4,1,31,10,-8.701847793427595,1.4306065311276623,44.48995187720225,-9.70497118046247,36.67672801505142,68.2692887450393,1.0,6.87117928777638,0.41396314593018557,33.50984787446027,1.1016301707485932,-45.70349453794719,54.385554935693385
Dolutegravir_0,CC1CCOC2N1C(=O)C3=C(C(=O)C(=CN3C2)C(=O)NCC4=C(C=C(C=C4)F)F)O,421.0752069310488,1.9912448413042552,20,3,5,4,1,28,8,-8.518147539024548,1.7821937169217066,24.773197330110563,-9.695037838987451,37.08510735589023,86.1195567747221,1.0,11.466187938977765,0.37581731308224076,25.016748978438613,0.905676210221676,-40.319577691875025,49.35038193342462
Dolutegravir_1,CC1CCOC2N1C(=O)C3=C(C(=O)C(=CN3C2)C(=O)NCC4=C(C=C(C=C4)F)F)O,433.8204594634978,2.3737601537387203,20,3,5,4,1,28,8,-9.078418136421005,2.387644028346476,56.98926491639675,-10.222179721173962,44.753468771851814,82.66266710855069,1.0,13.937523817151135,0.40040141555709763,26.509397062680623,0.6076109990784426,-53.67544845416401,58.7467698543182
Dolutegravir_2,CC1CCOC2N1C(=O)C3=C(C(=O)C(=CN3C2)C(=O)NCC4=C(C=C(C=C4)F)F)O,401.0195129731322,2.3028895789566306,20,3,5,4,1,28,8,-9.259367966153004,2.1709296407235303,49.31160566468448,-10.35976417423481,37.13041810447673,88.60876849433818,1.0,12.512770598732377,0.26743226959437116,27.914307199090125,0.9691377998557239,-46.64231462076749,57.27319158735033
Dolutegravir_3,CC1CCOC2N1C(=O)C3=C(C(=O)C(=CN3C2)C(=O)NCC4=C(C=C(C=C4)F)F)O,414.76776739703905,2.332333899878665,20,3,5,4,1,28,8,-9.462826715256313,1.3176476415504963,41.90342767719127,-10.461988828099118,44.00559234647967,91.61602279825236,1.0,12.913592637984728,0.374990930295524,19.398527989535477,0.6231645602982449,-47.25417892703762,51.82565180560039
Dolutegravir_4,CC1CCOC2N1C(=O)C3=C(C(=O)C(=CN3C2)C(=O)NCC4=C(C=C(C=C4)F)F)O,420.29493055867204,1.9072199470037177,20,3,5,4,1,28,8,-9.528892798412965,1.432949462124371,55.27723479354919,-10.54075077033035,45.30887259312165,85.70627569663394,1.0,8.178369682960081,0.2788232316965915,23.906926833839147,0.5568974506686495,-45.91431368360979,60.78759379798531
Dolutegravir_5,CC1CCOC2N1C(=O)C3=C(C(=O)C(=CN3C2)C(=O)NCC4=C(C=C(C=C4)F)F)O,438.4565288953622,2.1812600203804746,20,3,5,4,1,28,8,-8.53489452261897,2.315786085508983,37.749557609113936,-9.247932831019577,41.46987946834131,79.72010975224245,1.0,13.800528309114014,0.3193421268672452,28.254214807425445,0.9576187786442711,-42.5046118305888,60.45429626028364
Dolutegravir_6,CC1CCOC2N1C(=O)C3=C(C(=O)C(=CN3C2)C(=O)NCC4=C(C=C(C=C4)F)F)O,419.0539636107514,2.772465523258539,20,3,5,4,1,28,8,-9.490153737136753,1.3803169763390122,46.75888046679252,-10.47088705683455,32.12360432035107,81.40851208202082,1.0,13.250714910878088,0.2858080721643894,30.368107983756687,0.63647778373866,-48.631424279152085,57.4702969662864
Dolutegravir_7,CC1CCOC2N1C(=O)C3=C(C(=O)C(=CN3C2)C(=O)NCC4=C(C=C(C=C4)F)F)O,405.0824643777225,2.604795836132187,20,3,5,4,1,28,8,-9.128095132113756,2.1699429708026665,21.948127119307184,-10.01169986708019,37.44962026899498,86.12601772146232,1.0,11.03365463340566,0.2906720266857174,32.68788710719471,0.7277944706994804,-42.60188929937571,58.204616804562725
Dolutegravir_8,CC1CCOC2N1C(=O)C3=C(C(=O)C(=CN3C2)C(=O)NCC4=C(C=C(C=C4)F)F)O,434.60525413734564,2.787753509413986,20,3,5,4,1,28,8,-9.417617191691722,1.95191148080088,37.911690410599036,-10.161163489802064,30.934344836466416,99.0,2.4615769108194083,13.487849649776598,0.3290064775871181,28.528488496049285,0.6660930114824588,-38.35118907128495,57.249075014197544
Dolutegravir_9,CC1CCOC2N1C(=O)C3=C(C(=O)C(=CN3C2)C(=O)NCC4=C(C=C(C=C4)F)F)O,439.30054982647584,2.3935003640726165,20,3,5,4,1,28,8,-9.49649521221346,2.601558189650032,18.473636773819006,-10.568350512365427,35.85418070820084,78.62195920700175,1.0,15.242695693640957,0.44308324484097894,32.01098540307305,0.749387778748536,-60.0,57.732125028545326
Elvitegravir_0,CC(C)C(CO)N1C=C(C(=O)C2=C1C=C(C(=C2)CC3=C(C(=CC=C3)Cl)F)OC)C(=O)O,429.94825396761314,5.545503085352772,24,1,5,4,1,30,9,-8.36759737789287,3.0362708009618236,51.5186694207972,-9.201481181753902,48.3241939102983,99.0,1.0,17.378691176922178,0.3631248242708621,30.161642326156368,0.9139299658373421,-35.97930123171283,57.72574914525964
Elvitegravir_1,CC(C)C(CO)N1C=C(C(=O)C2=C1C=C(C(=C2)CC3=C(C(=CC=C3)Cl)F)OC)C(=O)O,459.64869703140846,5.585202867912825,24,1,5,4,1,30,9,-8.85799805000382,3.2382302788520114,39.063592199021414,-9.862911256610346,55.29921719784977,99.0,1.0,17.401859450021266,0.3443345143259363,32.24622209756443,0.3892693637619415,-48.32059592897329,62.956573412668455
Elvitegravir_2,CC(C)C(CO)N1C=C(C(=O)C2=C1C=C(C(=C2)CC3=C(C(=CC=C3)Cl)F)OC)C(=O)O,440.8443787773628,5.638657154492457,24,1,5,4,1,30,9,-8.455976556305837,2.6996661206798573,56.47751461837988,-9.26057368871815,42.379325831060406,99.0,1.0,14.1038756284585,0.3556302288187483,24.466429093042045,0.38152836897866127,-36.48912299849926,57.142950286110235
Elvitegravir_3,CC(C)C(CO)N1C=C(C(=O)C2=C1C=C(C(=C2)CC3=C(C(=CC=C3)Cl)F)OC)C(=O)O,455.64965194793314,5.559561833913908,24,1,5,4,1,30,9,-8.255364849154523,3.523260314600651,25.06801726670466,-9.505608557648687,47.159667579736315,99.0,1.0,17.705607891480852,0.4034232723193712,29.82266902099612,0.33275419851874943,-50.74460441562444,53.68748103227315
Elvitegravir_4,CC(C)C(CO)N1C=C(C(=O)C2=C1C=C(C(=C2)CC3=C(C(=CC=C3)Cl)F)OC)C(=O)O,448.1023120108163,5.325250464830488,24,1,5,4,1,30,9,-9.379475953545205,3.725951573732181,29.624247685300176,-10.249819864051227,52.99186245061157,99.0,1.0,18.178045420184528,0.35797297565093733,35.151511410325284,0.6194930462729517,-51.76593009274046,62.24278636702549
Elvitegravir_5,CC(C)C(CO)N1C=C(C(=O)C2=C1C=C(C(=C2)CC3=C(C(=CC=C3)Cl)F)OC)C(=O)O,456.4565833633454,5.235436128902036,24,1,5,4,1,30,9,-9.561046837458095,3.6338476718489257,25.42651113320432,-10.639717324524561,42.91336632856737,96.91569271544972,1.0,18.428633543518263,0.4380330992464051,34.28389942669453,0.890676107621009,-47.360025678344805,57.04710081318113
Elvitegravir_6,CC(C)C(CO)N1C=C(C(=O)C2=C1C=C(C(=C2)CC3=C(C(=CC=C3)Cl)F)OC)C(=O)O,449.0451935014647,5.39011642234447,24,1,5,4,1,30,9,-8.54197335459375,2.341694898019946,38.44798241381804,-9.628711346159031,49.094920689824704,99.0,1.0,19.78417203546733,0.292833805490764,34.02834688731053,0.7132581652183819,-43.610734520831016,57.39280496129758
Elvitegravir_7,CC(C)C(CO)N1C=C(C(=O)C2=C1C=C(C(=C2)CC3=C(C(=CC=C3)Cl)F)OC)C(=O)O,432.76349398134107,5.356057335191461,24,1,5,4,1,30,9,-8.54706254752037,2.3192640901947446,20.44815522456784,-9.831254148204021,46.80273130213942,99.0,1.0,17.5653909081315,0.4353909157380446,33.02384846580031,0.3,-46.70864835485662,58.514159200240414
Elvitegravir_8,CC(C)C(CO)N1C=C(C(=O)C2=C1C=C(C(=C2)CC3=C(C(=CC=C3)Cl)F)OC)C(=O)O,451.2021534816797,4.871006780222588,24,1,5,4,1,30,9,-8.590466434864108,2.9304036371687228,44.835868333492215,-9.593990990179346,48.93716695366163,99.0,1.0,20.253708686705384,0.4653706010539178,31.306195894511763,0.8143084818047306,-36.69857815634637,57.44926528510326
Elvitegravir_9,CC(C)C(CO)N1C=C(C(=O)C2=C1C=C(C(=C2)CC3=C(C(=CC=C3)Cl)F)OC)C(=O)O,457.4181248101175,5.567278301053648,24,1,5,4,1,30,9,-9.438168023536623,2.312841320023127,48.89385424838972,-10.282891537914034,42.51267678643896,99.0,1.0,16.9164201412063,0.35341341682223765,26.18652541719158,1.6375902496042953,-44.042318742706655,52.18188227037607
Bictegravir_0,CCCCCCCCC1=CC=C(C=C1)SC2=CC=CC=C2CO,310.36319768346164,7.405113146638995,21,0,1,4,1,22,6,-9.298059782393642,3.5142061128331656,54.69291074488548,-10.07880213934403,61.41104019584567,99.0,1.0,17.858347831560877,0.45704820695020093,32.951428796603544,0.8548336054750068,-34.377581893625376,58.375628066046744
Bictegravir_1,CCCCCCCCC1=CC=C(C=C1)SC2=CC=CC=C2CO,327.39123857315207,7.253836082502221,21,0,1,4,1,22,6,-9.215448104857689,3.5511066227239705,53.71088300169719,-10.161268661804328,64.32044848716045,99.0,1.0,18.565707348183523,0.2990233722184647,26.980836824943506,0.7878507033096352,-41.924835274830144,64.63735778383541
Bictegravir_2,CCCCCCCCC1=CC=C(C=C1)SC2=CC=CC=C2CO,312.14264728328726,7.173919760911192,21,0,1,4,1,22,6,-8.734662372885198,3.382605544787417,19.570883555716726,-9.497271634644047,63.655387227059016,99.0,1.0,23.074459390357795,0.2913053756474697,24.158842694285635,0.9918952590199692,-36.58633151310466,68.72141855917728
Bictegravir_3,CCCCCCCCC1=CC=C(C=C1)SC2=CC=CC=C2CO,314.10258237435744,7.048274615363192,21,0,1,4,1,22,6,-8.230550439178554,3.212575518513238,43.02215849147467,-8.983796748077982,70.31601985556932,99.0,1.0,22.261345106902844,0.3842497844153696,28.660292749765368,1.0033489910582511,-30.29004808366992,60.14635600937856
Bictegravir_4,CCCCCCCCC1=CC=C(C=C1)SC2=CC=CC=C2CO,316.83307787440157,7.224688412093478,21,0,1,4,1,22,6,-8.524323746722285,3.666943619369052,53.73305441027295,-9.29974581058898,64.61605499083643,99.0,1.0,18.64971832268801,0.4071495431740787,27.308561282014136,0.904320312776084,-38.06555731722903,58.316197238575455
Bictegravir_5,CCCCCCCCC1=CC=C(C=C1)SC2=CC=CC=C2CO,327.50790877827797,7.645117507342547,21,0,1,4,1,22,6,-8.772623902156477,4.013686346320335,25.365319588293964,-9.851637672904438,71.75181281429157,99.0,1.0,23.654543572064817,0.3493713026333253,23.03619112698442,1.1301076703629547,-35.96408614504175,61.77713956506027
Bictegravir_6,CCCCCCCCC1=CC=C(C=C1)SC2=CC=CC=C2CO,343.7819274403079,7.14439381891577,21,0,1,4,1,22,6,-8.261687343986242,3.0112386586610462,52.22815492578997,-9.053078625208913,66.70682550504623,99.0,1.0,20.16770112333475,0.43428479396297415,16.92629279454824,1.5025376262272685,-47.07654485039865,50.735897980203184
Bictegravir_7,CCCCCCCCC1=CC=C(C=C1)SC2=CC=CC=C2CO,316.0279992671945,6.98527799694088,21,0,1,4,1,22,6,-8.823415472761024,3.1087817041369803,16.705513919305567,-9.976241416574839,65.33291232402465,99.0,1.0,20.376705480404247,0.37131344930081556,24.186014955856905,0.7058100413331241,-39.35729932090696,63.41658589791904
Bictegravir_8,CCCCCCCCC1=CC=C(C=C1)SC2=CC=CC=C2CO,347.21439696325666,7.177890660945749,21,0,1,4,1,22,6,-8.653890046047445,4.331518927434951,26.464054872709713,-9.514902503695513,56.64030537288284,99.0,1.0,20.3486731998394,0.33482440595314716,29.34978209106008,0.7808604189708729,-39.363187690320274,60.618762273535765
Bictegravir_9,CCCCCCCCC1=CC=C(C=C1)SC2=CC=CC=C2CO,346.10704253204227,7.462071653439726,21,0,1,4,1,22,6,-9.031095940768928,3.456065985556676,23.944729520787753,-10.065250381008859,66.51227546206093,99.0,1.0,21.836919069017753,0.47714694546878555,23.239425919482887,0.9481569029287491,-50.40191170659885,57.63455673152871
Cabotegravir_0,CC[Si](CC)(CC)OC(C1C(OC(O1)(C)C)C(CCC=O)OC)C(C)C=C,395.1661127641842,0.35236534926204366,21,0,5,2,1,26,2,-9.478771723239614,0.5563341046102843,29.417327007228348,-10.661518171256605,29.41856755080086,63.86920980843789,6.997913072419786,7.0542704293170155,0.19011199806654736,33.80380643012974,0.3509383755116225,-55.22524839259565,70.57222939434989
Cabotegravir_1,CC[Si](CC)(CC)OC(C1C(OC(O1)(C)C)C(CCC=O)OC)C(C)C=C,398.66185443892226,0.0796108992282839,21,0,5,2,1,26,2,-9.154828990086724,1.4157697461382401,32.580088905980645,-10.328869891082633,29.401126631792415,57.406631418743494,8.58865395710303,5.69073456411911,0.20360814853588297,29.35827658793752,0.4190899327824926,-42.356686545858814,62.879524586036254
Cabotegravir_2,CC[Si](CC)(CC)OC(C1C(OC(O1)(C)C)C(CCC=O)OC)C(C)C=C,382.5146239562443,-0.09213997440908661,21,0,5,2,1,26,2,-9.33573235055679,1.801621085122596,36.055042872994385,-10.626512600115957,44.48844067178398,47.413233752538076,9.927112406436253,8.521853642204045,0.2541880995544956,23.507179537642468,0.7545557550835826,-47.460362514326164,72.83603199140096
Cabotegravir_3,CC[Si](CC)(CC)OC(C1C(OC(O1)(C)C)C(CCC=O)OC)C(C)C=C,389.1573513120419,-0.4941962311570589,21,0,5,2,1,26,2,-9.077551783394998,0.8403057744972412,49.8234817918889,-9.999083943532039,30.06968985446133,43.77299913433466,7.168512107023131,12.018397810713788,0.210751278874486,35.02630873415017,0.5171740292123022,-49.67225582138653,69.11852777757267
Cabotegravir_4,CC[Si](CC)(CC)OC(C1C(OC(O1)(C)C)C(CCC=O)OC)C(C)C=C,413.3733500919545,-0.369301746251687,21,0,5,2,1,26,2,-8.471436573338009,1.6233764607177794,49.77850835350438,-9.64995604808056,34.94030058369286,62.688983619893925,4.6894886222750065,7.966750639103147,0.21171827404285629,28.372638053835857,0.3482162696243195,-33.94357818083509,63.8882889228064
Cabotegravir_5,CC[Si](CC)(CC)OC(C1C(OC(O1)(C)C)C(CCC=O)OC)C(C)C=C,406.3746280197027,0.257509822818506,21,0,5,2,1,26,2,-8.280059735136263,1.0113148093759048,34.35149555529093,-9.370838048630475,40.56923743774694,55.42072917427262,4.6116375364866515,9.028258626566528,0.2110454603434909,23.91787122864559,0.3,-37.21992085102453,71.16071856668214
Cabotegravir_6,CC[Si](CC)(CC)OC(C1C(OC(O1)(C)C)C(CCC=O)OC)C(C)C=C,389.75769344557784,-0.37837710931990576,21,0,5,2,1,26,2,-8.196968499155538,1.7498141853653935,46.23679216720576,-9.150563464037717,36.58540730708405,63.181037408193376,3.0136484144440017,4.283413258290485,0.19914088830835452,27.40907813157567,0.658387186792614,-29.656444722345185,64.8254893537874
Cabotegravir_7,CC[Si](CC)(CC)OC(C1C(OC(O1)(C)C)C(CCC=O)OC)C(C)C=C,385.75252295051956,0.35531446436293834,21,0,5,2,1,26,2,-8.56508871914819,0.8831424215691357,38.27964804025195,-9.285243141474131,40.819217220128216,65.55550895917787,4.51976184503515,6.302592536724517,0.3407481765226813,27.0701000108621,0.9706458549541819,-42.76640090931615,61.74414931483521
Cabotegravir_8,CC[Si](CC)(CC)OC(C1C(OC(O1)(C)C)C(CCC=O)OC)C(C)C=C,418.5814974845461,-0.16047108086930673,21,0,5,2,1,26,2,-8.901122745689,1.8336385973734401,55.525088279695325,-10.16894571146613,23.152585386516986,58.1580196868489,7.667380143279925,8.06246166605546,0.25562527709479566,20.556686549884212,0.3888073415130324,-40.0477028269988,62.58926321550449
Cabotegravir_9,CC[Si](CC)(CC)OC(C1C(OC(O1)(C)C)C(CCC=O)OC)C(C)C=C,398.58901642368426,0.043762455918655685,21,0,5,2,1,26,2,-8.182218913505798,1.259751801555388,21.444430868377555,-8.900502999511394,40.99833390066451,39.96566935124202,5.269029076390229,7.355394416825623,0.20242458122832488,20.96902205965083,0.8298109086473315,-40.55847602500095,68.80279878074104
Sofosbuvir_0,CC(C)OC(=O)C(C)NP(=O)(OCC1C(C(C(O1)N2C=CC(=O)NC2=O)(C)F)O)OC3=CC=CC=C3,512.1467488690072,0.7159382040201351,22,3,9,4,1,34,8,-8.330347817264428,2.2315759121537817,35.57144609804165,-9.581880288939821,29.086630870733252,57.498775846348124,2.1275830770418143,10.890461803132581,0.36186663357997373,31.3363323756958,0.7526036994827701,-36.58080747271194,54.716244663941374
Sofosbuvir_1,CC(C)OC(=O)C(C)NP(=O)(OCC1C(C(C(O1)N2C=CC(=O)NC2=O)(C)F)O)OC3=CC=CC=C3,509.72883726167856,1.1513198972262393,22,3,9,4,1,34,8,-8.371780726863044,1.301942179852781,41.165329860440806,-9.318525048724037,23.539570908219268,75.49612435728915,1.0,7.776050109362906,0.4542812621227682,22.092742714591125,0.6507810406452917,-44.282281273346676,50.49901427148528
Sofosbuvir_2,CC(C)OC(=O)C(C)NP(=O)(OCC1C(C(C(O1)N2C=CC(=O)NC2=O)(C)F)O)OC3=CC=CC=C3,532.5830977052706,1.3729487304090018,22,3,9,4,1,34,8,-8.483693275458247,2.168506037798047,54.95185318826624,-9.737656852301324,21.752513276861382,62.76581581181946,1.0,12.071773244672121,0.4013519722934759,38.46654892919966,0.6388102071825253,-38.970697050328376,55.13307912554878
Sofosbuvir_3,CC(C)OC(=O)C(C)NP(=O)(OCC1C(C(C(O1)N2C=CC(=O)NC2=O)(C)F)O)OC3=CC=CC=C3,511.82535164107315,1.4291163526913255,22,3,9,4,1,34,8,-9.47543450137993,1.390612696198693,28.945555708593723,-10.310346854742773,27.764874925967412,59.967610612164556,1.0,13.649577630696418,0.42399102460331856,27.679261549889105,0.4759010501610273,-40.028318757122285,54.95534742150846
Sofosbuvir_4,CC(C)OC(=O)C(C)NP(=O)(OCC1C(C(C(O1)N2C=CC(=O)NC2=O)(C)F)O)OC3=CC=CC=C3,535.7997691993977,0.6946192543245652,22,3,9,4,1,34,8,-8.51378156626617,2.332843141196472,27.450907751487478,-9.350853691878743,29.897724622608415,64.42660160689697,1.0,10.988467308120729,0.379276409378381,24.247337103165822,0.3,-43.657955966401246,57.77091484916383
Sofosbuvir_5,CC(C)OC(=O)C(C)NP(=O)(OCC1C(C(C(O1)N2C=CC(=O)NC2=O)(C)F)O)OC3=CC=CC=C3,544.647903353043,0.8568886622804012,22,3,9,4,1,34,8,-8.766076163381936,2.253179097801449,30.45469690762696,-9.665059742111499,20.0,67.74252066330423,1.26363281735102,10.755394259879635,0.3729822923960166,41.35235777244239,0.4418935420762721,-39.58215282031719,63.0070106151347
Sofosbuvir_6,CC(C)OC(=O)C(C)NP(=O)(OCC1C(C(C(O1)N2C=CC(=O)NC2=O)(C)F)O)OC3=CC=CC=C3,519.7870854409771,1.0640849216886252,22,3,9,4,1,34,8,-8.629828610083708,1.1540916675762296,22.101318722583805,-9.904020231455675,23.737332080238172,76.97853338488473,1.0,13.758007173878987,0.36329433873890754,36.90301844926178,0.76581711646107,-38.50885788239349,56.19561165489365
Sofosbuvir_7,CC(C)OC(=O)C(C)NP(=O)(OCC1C(C(C(O1)N2C=CC(=O)NC2=O)(C)F)O)OC3=CC=CC=C3,525.4151434990947,1.4530161760404428,22,3,9,4,1,34,8,-8.979545842232383,1.0401815659288343,44.23971623002457,-10.09067446800221,24.04088953540962,77.56244773030514,1.0,8.376481974484156,0.4356736136100924,40.27741398744486,0.8951457561221731,-41.86550647667335,54.56442778140328
Sofosbuvir_8,CC(C)OC(=O)C(C)NP(=O)(OCC1C(C(C(O1)N2C=CC(=O)NC2=O)(C)F)O)OC3=CC=CC=C3,546.4726542002971,1.2123940284729215,22,3,9,4,1,34,8,-9.234174315748962,0.8963419844615511,56.86491327276211,-10.243490630329047,33.540620809482206,59.389430124786095,1.0,8.257829029535836,0.4462679115954708,29.77761955129183,0.40533104607681375,-42.24576226875298,64.16590093464569
Sofosbuvir_9,CC(C)OC(=O)C(C)NP(=O)(OCC1C(C(C(O1)N2C=CC(=O)NC2=O)(C)F)O)OC3=CC=CC=C3,539.6991493259666,0.5889755358693384,22,3,9,4,1,34,8,-8.7325617613771,1.9028756367669784,22.201126509415516,-9.800712424278752,25.130489342803813,61.24707754166632,1.0,12.834192191964897,0.3949967740863029,34.70581342900423,0.9073145954271405,-40.81362813186546,54.008384699129586
Ledipasvir_0,CC(C)C(C(=O)N1CC2(CC2)CC1C3=NC=C(N3)C4=CC5=C(C=C4)C6=C(C5(F)F)C=C(C=C6)C7=CC8=C(C=C7)N=C(N8)C9C1CCC(C1)N9C(=O)C(C(C)C)NC(=O)OC)NC(=O)OC,885.3288729035293,7.173842519099259,49,8,6,6,1,63,16,-10.051874077774597,4.186324237332933,29.11612026309738,-11.297223428846566,20.0,99.0,1.0,24.0,0.5,42.46716600717442,0.9120406480281072,-56.61149927973317,51.6374064720917
Ledipasvir_1,CC(C)C(C(=O)N1CC2(CC2)CC1C3=NC=C(N3)C4=CC5=C(C=C4)C6=C(C5(F)F)C=C(C=C6)C7=CC8=C(C=C7)N=C(N8)C9C1CCC(C1)N9C(=O)C(C(C)C)NC(=O)OC)NC(=O)OC,907.1121539299669,7.6945522944217055,49,8,6,6,1,63,16,-8.956984874646476,4.195413416811011,67.62580968496768,-10.059259594532147,20.0,99.0,1.0,24.0,0.5,43.92447729870059,1.3676035311080237,-41.32170478223859,44.16575839294733
Ledipasvir_2,CC(C)C(C(=O)N1CC2(CC2)CC1C3=NC=C(N3)C4=CC5=C(C=C4)C6=C(C5(F)F)C=C(C=C6)C7=CC8=C(C=C7)N=C(N8)C9C1CCC(C1)N9C(=O)C(C(C)C)NC(=O)OC)NC(=O)OC,880.6916069083701,7.555777301784181,49,8,6,6,1,63,16,-8.820019695802687,3.4651315327766063,46.60178739804891,-9.931309152477224,20.0,99.0,1.0,24.0,0.4671951381997179,48.477022687594484,0.9598038713025648,-49.55966858924468,49.908315901295644
Ledipasvir_3,CC(C)C(C(=O)N1CC2(CC2)CC1C3=NC=C(N3)C4=CC5=C(C=C4)C6=C(C5(F)F)C=C(C=C6)C7=CC8=C(C=C7)N=C(N8)C9C1CCC(C1)N9C(=O)C(C(C)C)NC(=O)OC)NC(=O)OC,883.8425893921412,7.534227998813615,49,8,6,6,1,63,16,-9.722429998071613,3.2808960007460666,28.995896592461047,-10.762256445930609,20.0,99.0,1.0,24.0,0.5,41.89956402022574,1.5344341957381855,-58.57995810845149,49.55320934482563
Ledipasvir_4,CC(C)C(C(=O)N1CC2(CC2)CC1C3=NC=C(N3)C4=CC5=C(C=C4)C6=C(C5(F)F)C=C(C=C6)C7=CC8=C(C=C7)N=C(N8)C9C1CCC(C1)N9C(=O)C(C(C)C)NC(=O)OC)NC(=O)OC,896.5269774688905,7.88597431768552,49,8,6,6,1,63,16,-8.787236948410618,4.050358632175097,61.201420050726675,-9.847751951754248,20.0,99.0,1.0,24.0,0.5,38.74134660595042,0.7494640578895553,-49.772664383724475,48.649848540410105
Ledipasvir_5,CC(C)C(C(=O)N1CC2(CC2)CC1C3=NC=C(N3)C4=CC5=C(C=C4)C6=C(C5(F)F)C=C(C=C6)C7=CC8=C(C=C7)N=C(N8)C9C1CCC(C1)N9C(=O)C(C(C)C)NC(=O)OC)NC(=O)OC,906.7219524255048,7.079633826372141,49,8,6,6,1,63,16,-9.910518794971154,4.379628314882052,36.42754295481902,-10.747627870080999,20.0,99.0,1.0,24.0,0.48620800200517716,38.76558694536206,0.5097793674877972,-57.962519201724106,54.18005645043536
Ledipasvir_6,CC(C)C(C(=O)N1CC2(CC2)CC1C3=NC=C(N3)C4=CC5=C(C=C4)C6=C(C5(F)F)C=C(C=C6)C7=CC8=C(C=C7)N=C(N8)C9C1CCC(C1)N9C(=O)C(C(C)C)NC(=O)OC)NC(=O)OC,906.6160548904875,7.4545125556909655,49,8,6,6,1,63,16,-9.754083635052266,3.974824267187314,37.86780645711673,-10.859233269671945,20.0,99.0,1.0,23.884373451524475,0.45665577075582664,43.28124483885608,1.2084612766365148,-50.92979772719663,51.206825354086014
Ledipasvir_7,CC(C)C(C(=O)N1CC2(CC2)CC1C3=NC=C(N3)C4=CC5=C(C=C4)C6=C(C5(F)F)C=C(C=C6)C7=CC8=C(C=C7)N=C(N8)C9C1CCC(C1)N9C(=O)C(C(C)C)NC(=O)OC)NC(=O)OC,893.3049430353576,7.0534568321081625,49,8,6,6,1,63,16,-9.660327916592953,4.432123248606058,53.46516587457042,-10.941855975276505,20.0,99.0,1.0,24.0,0.5,44.46065569098635,0.8722840480284051,-49.973277736400966,46.01690638154137
Ledipasvir_8,CC(C)C(C(=O)N1CC2(CC2)CC1C3=NC=C(N3)C4=CC5=C(C=C4)C6=C(C5(F)F)C=C(C=C6)C7=CC8=C(C=C7)N=C(N8)C9C1CCC(C1)N9C(=O)C(C(C)C)NC(=O)OC)NC(=O)OC,869.9923732017027,7.283773930355624,49,8,6,6,1,63,16,-9.070119968610358,3.899111033731487,32.909197892150964,-10.211011443532165,20.0,99.0,1.0,24.0,0.47270190364425363,38.00140131911944,1.5225494832040667,-49.06991037301684,43.85739176765184
Ledipasvir_9,CC(C)C(C(=O)N1CC2(CC2)CC1C3=NC=C(N3)C4=CC5=C(C=C4)C6=C(C5(F)F)C=C(C=C6)C7=CC8=C(C=C7)N=C(N8)C9C1CCC(C1)N9C(=O)C(C(C)C)NC(=O)OC)NC(=O)OC,899.5939157287993,7.815176337186598,49,8,6,6,1,63,16,-8.972323276481735,4.032248137824114,54.22522347302868,-10.245940291508862,20.0,99.0,1.0,24.0,0.46228509336964285,36.73949881478382,0.5008617859330348,-52.39163381340185,47.26443280079426
Velpatasvir_0,CC1CCC(N1C(=O)C(C(C)C)NC(=O)OC)C2=NC3=C(N2)C=CC4=CC5=C(C=C43)OCC6=C5C=CC(=C6)C7=CN=C(N7)C8CC(CN8C(=O)C(C9=CC=CC=C9)NC(=O)OC)COC,881.4997709604975,5.979442422235895,49,8,8,4,1,65,18,-9.420245705595057,3.202045406985285,55.76508425294608,-10.154582504931891,20.0,99.0,1.0,24.0,0.38056578867761276,38.83867586631117,0.8423533643915925,-60.0,56.3218783364873
Velpatasvir_1,CC1CCC(N1C(=O)C(C(C)C)NC(=O)OC)C2=NC3=C(N2)C=CC4=CC5=C(C=C43)OCC6=C5C=CC(=C6)C7=CN=C(N7)C8CC(CN8C(=O)C(C9=CC=CC=C9)NC(=O)OC)COC,898.8815406500274,6.601741676040643,49,8,8,4,1,65,18,-9.146449522324048,3.878044481693171,34.50043417672914,-10.19092838579416,20.0,99.0,1.0,21.124609245989934,0.34810379813314696,46.15317029085284,0.7265986899038135,-44.14587316367859,56.760738912449675
Velpatasvir_2,CC1CCC(N1C(=O)C(C(C)C)NC(=O)OC)C2=NC3=C(N2)C=CC4=CC5=C(C=C43)OCC6=C5C=CC(=C6)C7=CN=C(N7)C8CC(CN8C(=O)C(C9=CC=CC=C9)NC(=O)OC)COC,900.3072760944201,5.964492873347479,49,8,8,4,1,65,18,-9.292763581506795,3.9953435613862447,28.65503528058422,-10.366662244897096,20.0,99.0,1.0,23.28571234255148,0.31050691412289777,50.0,0.9944646914258343,-51.89859331762646,54.1205878639714
Velpatasvir_3,CC1CCC(N1C(=O)C(C(C)C)NC(=O)OC)C2=NC3=C(N2)C=CC4=CC5=C(C=C43)OCC6=C5C=CC(=C6)C7=CN=C(N7)C8CC(CN8C(=O)C(C9=CC=CC=C9)NC(=O)OC)COC,901.6316612042787,5.70823624159196,49,8,8,4,1,65,18,-9.024841442992237,2.7016175849581083,50.195349626646625,-10.256583965503847,20.0,99.0,1.0,24.0,0.28978127624016653,44.48767648582803,1.054103767916287,-56.74758414972515,53.55614396675064
Velpatasvir_4,CC1CCC(N1C(=O)C(C(C)C)NC(=O)OC)C2=NC3=C(N2)C=CC4=CC5=C(C=C43)OCC6=C5C=CC(=C6)C7=CN=C(N7)C8CC(CN8C(=O)C(C9=CC=CC=C9)NC(=O)OC)COC,880.3140442718268,5.8976709368742695,49,8,8,4,1,65,18,-10.119580799590324,2.8662594453502743,65.55137292359072,-11.214196428693812,20.0,99.0,1.0,24.0,0.4508323954630431,43.79964488077592,0.4676963574143834,-57.3477850145373,51.320817245721585
Velpatasvir_5,CC1CCC(N1C(=O)C(C(C)C)NC(=O)OC)C2=NC3=C(N2)C=CC4=CC5=C(C=C43)OCC6=C5C=CC(=C6)C7=CN=C(N7)C8CC(CN8C(=O)C(C9=CC=CC=C9)NC(=O)OC)COC,877.2471413731369,6.6470875469755555,49,8,8,4,1,65,18,-9.622725378623688,2.74074685574352,28.584274111499212,-10.89204639575967,20.0,99.0,1.0,24.0,0.3173337152804611,44.73607968268752,0.804234035515881,-59.68354655382426,64.31404301142123
Velpatasvir_6,CC1CCC(N1C(=O)C(C(C)C)NC(=O)OC)C2=NC3=C(N2)C=CC4=CC5=C(C=C43)OCC6=C5C=CC(=C6)C7=CN=C(N7)C8CC(CN8C(=O)C(C9=CC=CC=C9)NC(=O)OC)COC,875.5062525742088,5.878233098911584,49,8,8,4,1,65,18,-9.704363217137029,3.4352754581956586,36.9360448707566,-10.976344526405962,20.0,99.0,1.0,24.0,0.35671353897867314,42.96787956305804,0.9146099827342518,-52.26831062440782,56.25235203132814
Velpatasvir_7,CC1CCC(N1C(=O)C(C(C)C)NC(=O)OC)C2=NC3=C(N2)C=CC4=CC5=C(C=C43)OCC6=C5C=CC(=C6)C7=CN=C(N7)C8CC(CN8C(=O)C(C9=CC=CC=C9)NC(=O)OC)COC,894.9706386383987,5.833388617093259,49,8,8,4,1,65,18,-10.088773299116664,3.171950816427511,43.6017485746153,-11.286841294232692,20.0,99.0,1.0,24.0,0.35968956452027145,43.25570445787032,0.7270195719013046,-53.26976583282489,52.62131041288955
Velpatasvir_8,CC1CCC(N1C(=O)C(C(C)C)NC(=O)OC)C2=NC3=C(N2)C=CC4=CC5=C(C=C43)OCC6=C5C=CC(=C6)C7=CN=C(N7)C8CC(CN8C(=O)C(C9=CC=CC=C9)NC(=O)OC)COC,900.3185019426832,5.9418529470647465,49,8,8,4,1,65,18,-8.965812046625103,3.9498056470251646,57.70593471290331,-9.911944286158256,20.0,99.0,1.0,24.0,0.40754002300158526,38.574737110042534,0.9438211688442915,-52.369427364161375,52.1914658600311
Velpatasvir_9,CC1CCC(N1C(=O)C(C(C)C)NC(=O)OC)C2=NC3=C(N2)C=CC4=CC5=C(C=C43)OCC6=C5C=CC(=C6)C7=CN=C(N7)C8CC(CN8C(=O)C(C9=CC=CC=C9)NC(=O)OC)COC,874.2930540292778,6.181435345957606,49,8,8,4,1,65,18,-9.99733177238202,3.2162784243835145,64.36098908921392,-11.027257208800878,20.0,99.0,1.0,24.0,0.3359594901043074,48.326640153035044,0.6666494941123231,-48.23395555870612,61.8223005019908
Daclatasvir_0,CC1=C(C=CC2=C1N=C(C=C2OC3CC4C(C3)C(=O)N(CCCCC=CC5CC5(NC4=O)C(=O)NS(=O)(=O)C6CC6)C)C7=NC(=CS7)C(C)C)OC,765.1478935822256,4.721191379825391,38,5,7,4,1,50,13,-8.56659289745399,3.3262986239371806,64.59368648959497,-9.622465459879187,20.0,99.0,1.0,22.576113527976364,0.4049367744673341,42.71936509535607,1.021277328767964,-56.47886004462481,49.32565567259666
Daclatasvir_1,CC1=C(C=CC2=C1N=C(C=C2OC3CC4C(C3)C(=O)N(CCCCC=CC5CC5(NC4=O)C(=O)NS(=O)(=O)C6CC6)C)C7=NC(=CS7)C(C)C)OC,760.214324882884,4.830247526366243,38,5,7,4,1,50,13,-9.759350059713134,2.9853800478895414,32.67306852409427,-10.710686312894396,20.0,92.83122394741812,1.0,20.54589706729767,0.3178193796975725,31.623205287108775,0.5916095329725306,-52.50985766317641,58.99083415108961
Daclatasvir_2,CC1=C(C=CC2=C1N=C(C=C2OC3CC4C(C3)C(=O)N(CCCCC=CC5CC5(NC4=O)C(=O)NS(=O)(=O)C6CC6)C)C7=NC(=CS7)C(C)C)OC,762.5999302610267,4.807784186951121,38,5,7,4,1,50,13,-9.556128502963503,2.490173974523098,62.67419891353316,-10.53807540481485,20.0,99.0,1.0,19.6148600301645,0.36606546522100725,37.467490849965884,0.968947080043163,-56.623397758726554,53.351386363552436
Daclatasvir_3,CC1=C(C=CC2=C1N=C(C=C2OC3CC4C(C3)C(=O)N(CCCCC=CC5CC5(NC4=O)C(=O)NS(=O)(=O)C6CC6)C)C7=NC(=CS7)C(C)C)OC,730.6081778029295,5.161773839789355,38,5,7,4,1,50,13,-9.243760046656035,3.4956352397681663,60.596634749867256,-10.07227976754325,20.0,99.0,1.0,20.370697408461304,0.29244471325699534,43.538838075552235,0.81955714166632,-50.44174493502226,59.84979408201071
Daclatasvir_4,CC1=C(C=CC2=C1N=C(C=C2OC3CC4C(C3)C(=O)N(CCCCC=CC5CC5(NC4=O)C(=O)NS(=O)(=O)C6CC6)C)C7=NC(=CS7)C(C)C)OC,738.3948262120999,5.157587675762401,38,5,7,4,1,50,13,-8.76141801775204,3.0328229458355898,25.996836017365247,-9.821714132595702,20.0,99.0,1.0,20.743848137016315,0.29255509548280123,43.03237661790419,0.8312981814449664,-47.357906687705345,56.76945653439453
Daclatasvir_5,CC1=C(C=CC2=C1N=C(C=C2OC3CC4C(C3)C(=O)N(CCCCC=CC5CC5(NC4=O)C(=O)NS(=O)(=O)C6CC6)C)C7=NC(=CS7)C(C)C)OC,752.2056957337263,4.876760847435924,38,5,7,4,1,50,13,-8.587886331565203,2.4232229741783615,64.94040993940274,-9.628040670013128,20.0,99.0,1.0,23.957097717603613,0.4029081353409582,42.117624546276005,0.7144165014530502,-54.83964397210309,55.30988271843517
Daclatasvir_6,CC1=C(C=CC2=C1N=C(C=C2OC3CC4C(C3)C(=O)N(CCCCC=CC5CC5(NC4=O)C(=O)NS(=O)(=O)C6CC6)C)C7=NC(=CS7)C(C)C)OC,740.7293492968693,5.299335122831115,38,5,7,4,1,50,13,-8.7483029390408,2.704098554800449,38.735223520779726,-9.807761305493324,20.0,99.0,1.0,21.578395800696548,0.4354465148818771,36.809333038384686,1.4732442900638385,-37.53273971867593,46.034766513270014
Daclatasvir_7,CC1=C(C=CC2=C1N=C(C=C2OC3CC4C(C3)C(=O)N(CCCCC=CC5CC5(NC4=O)C(=O)NS(=O)(=O)C6CC6)C)C7=NC(=CS7)C(C)C)OC,759.5014377993671,4.92770041360074,38,5,7,4,1,50,13,-8.962532605948466,3.426744802190795,52.047349401619094,-10.057982760433212,20.0,99.0,1.0,18.448020492543645,0.3051903541057973,38.85463143939089,0.701912059351067,-50.0555950845019,58.32709254216813
Daclatasvir_8,CC1=C(C=CC2=C1N=C(C=C2OC3CC4C(C3)C(=O)N(CCCCC=CC5CC5(NC4=O)C(=O)NS(=O)(=O)C6CC6)C)C7=NC(=CS7)C(C)C)OC,763.2103467381086,4.421511169537666,38,5,7,4,1,50,13,-9.0634731032395,2.3115896992384455,53.37095411103869,-9.850734001874756,20.0,99.0,1.0,22.05378560344628,0.41977503904609964,37.13165449857646,0.8511125084032217,-44.199170393760625,54.97764146469157
Daclatasvir_9,CC1=C(C=CC2=C1N=C(C=C2OC3CC4C(C3)C(=O)N(CCCCC=CC5CC5(NC4=O)C(=O)NS(=O)(=O)C6CC6)C)C7=NC(=CS7)C(C)C)OC,754.1768912090616,4.864812781086182,38,5,7,4,1,50,13,-9.715103962343841,2.821914225767425,43.02293700432676,-10.760764111145642,20.0,99.0,1.0,22.184777302248328,0.36988704278826373,40.70949706412978,0.5699239555848509,-48.50798541897691,58.72522665433352
Simeprevir_0,CC1=C(C=CC2=C1N=C(C=C2OC3CC4C(C3)C(=O)N(CCCCC=CC5CC5(NC4=O)C(=O)NS(=O)(=O)C6CC6)C)C7=NC(=CS7)C(C)C)OC,740.9430054427764,4.743645646603478,38,5,7,4,1,50,13,-9.791395723868044,3.33246989574675,29.889548847223978,-10.582243129649518,20.0,99.0,1.0,23.074389104552708,0.33611661046218516,41.611074364709616,0.8099436987175839,-52.551423471045986,57.4486072043998
Simeprevir_1,CC1=C(C=CC2=C1N=C(C=C2OC3CC4C(C3)C(=O)N(CCCCC=CC5CC5(NC4=O)C(=O)NS(=O)(=O)C6CC6)C)C7=NC(=CS7)C(C)C)OC,755.4821530550925,4.9637667361217,38,5,7,4,1,50,13,-8.630550347637332,2.5299888726708786,56.25760973034288,-9.83959760049594,20.0,99.0,1.0,22.964580380898948,0.39544476295818487,37.24548952649172,0.7296155969038196,-45.45809020671509,51.96220776990924
Simeprevir_2,CC1=C(C=CC2=C1N=C(C=C2OC3CC4C(C3)C(=O)N(CCCCC=CC5CC5(NC4=O)C(=O)NS(=O)(=O)C6CC6)C)C7=NC(=CS7)C(C)C)OC,745.3016495136164,5.136473191665971,38,5,7,4,1,50,13,-9.121300831456965,2.1668349474264796,56.37566168282916,-10.014072889727753,20.0,99.0,1.0,18.975877247508816,0.3802983423826374,39.79461660341167,0.5143311463968363,-48.7623552713815,55.44012803600696
Simeprevir_3,CC1=C(C=CC2=C1N=C(C=C2OC3CC4C(C3)C(=O)N(CCCCC=CC5CC5(NC4=O)C(=O)NS(=O)(=O)C6CC6)C)C7=NC(=CS7)C(C)C)OC,766.6121016083833,4.439642330209583,38,5,7,4,1,50,13,-9.924932513998307,3.3084553879123773,40.09981691982229,-10.751720656459453,20.0,99.0,1.0,20.783453753845357,0.3472426713280926,37.561708599421834,0.9039429192029418,-53.05562690497523,55.335952162889754
Simeprevir_4,CC1=C(C=CC2=C1N=C(C=C2OC3CC4C(C3)C(=O)N(CCCCC=CC5CC5(NC4=O)C(=O)NS(=O)(=O)C6CC6)C)C7=NC(=CS7)C(C)C)OC,749.1679935204936,4.700657848437953,38,5,7,4,1,50,13,-9.327668925588544,2.5110813111443213,27.605712087387637,-10.597715434190516,20.0,99.0,1.0,17.35715934300097,0.39757009136316873,39.81182235896629,0.5310866475612291,-57.459420477374636,58.034468960880915
Simeprevir_5,CC1=C(C=CC2=C1N=C(C=C2OC3CC4C(C3)C(=O)N(CCCCC=CC5CC5(NC4=O)C(=O)NS(=O)(=O)C6CC6)C)C7=NC(=CS7)C(C)C)OC,767.9113620068194,5.2987500343913165,38,5,7,4,1,50,13,-9.979270467413043,3.331685439176586,42.397207915521804,-10.842894981069302,20.0,99.0,1.0,18.73195605246368,0.28142787945526443,42.63590352865328,0.3,-51.180724609108395,64.01761540803214
Simeprevir_6,CC1=C(C=CC2=C1N=C(C=C2OC3CC4C(C3)C(=O)N(CCCCC=CC5CC5(NC4=O)C(=O)NS(=O)(=O)C6CC6)C)C7=NC(=CS7)C(C)C)OC,731.3757315564307,4.519800711961923,38,5,7,4,1,50,13,-9.057790172999642,2.5482045961249113,59.332242206363865,-9.75862331677717,20.0,99.0,1.0,23.37824800672234,0.4269934528393818,39.501925057777115,0.5770624229879191,-50.79840420935754,52.07963623888552
Simeprevir_7,CC1=C(C=CC2=C1N=C(C=C2OC3CC4C(C3)C(=O)N(CCCCC=CC5CC5(NC4=O)C(=O)NS(=O)(=O)C6CC6)C)C7=NC(=CS7)C(C)C)OC,743.0538115283596,4.953488932058248,38,5,7,4,1,50,13,-8.964354028357347,3.025326107949592,46.36206760343462,-10.133392338645315,20.0,99.0,1.0,17.437636561651203,0.36764395890657575,38.214693853711225,1.047825993167655,-48.01288544782453,51.08967695427091
Simeprevir_8,CC1=C(C=CC2=C1N=C(C=C2OC3CC4C(C3)C(=O)N(CCCCC=CC5CC5(NC4=O)C(=O)NS(=O)(=O)C6CC6)C)C7=NC(=CS7)C(C)C)OC,767.8798172695665,5.296733770294381,38,5,7,4,1,50,13,-8.919391555784848,2.9561156125999792,55.88410019229858,-9.662586310720116,20.0,99.0,1.0,20.84292953280921,0.3659915044370178,33.99878233479648,0.7641223734308908,-51.99489273968495,52.67156142329281
Simeprevir_9,CC1=C(C=CC2=C1N=C(C=C2OC3CC4C(C3)C(=O)N(CCCCC=CC5CC5(NC4=O)C(=O)NS(=O)(=O)C6CC6)C)C7=NC(=CS7)C(C)C)OC,734.7432519296585,5.164659113889892,38,5,7,4,1,50,13,-9.062861698745373,2.9985189556719183,59.24870614096325,-10.292384455067543,20.0,99.0,1.0,20.10347250407593,0.30092273344644604,39.30200053586496,0.7042392423983688,-52.93079807307302,52.52699929182722
Paritaprevir_0,CCNC(=O)C1CCCN1C(=O)C(CCCN=C(N)N)NC(=O)C(CC(C)C)NC(=O)C(CC2=CN(C=N2)CC3=CC=CC=C3)NC(=O)C(CC4=CC=C(C=C4)O)NC(=O)C(CO)NC(=O)C(CC5=CNC6=CC=CC=C65)NC(=O)C(CC7=CN=CN7)NC(=O)C8CCC(=O)N8,1332.0621732262182,0.4926127274234653,66,18,12,4,1,96,25,-10.160166418924108,1.5915536500129337,59.24730732379418,-11.213870550199303,20.0,77.3382685518417,1.0,21.29069559231646,0.3543207502921939,47.11037444050531,1.3281636684351952,-60.0,64.18850683173935
Paritaprevir_1,CCNC(=O)C1CCCN1C(=O)C(CCCN=C(N)N)NC(=O)C(CC(C)C)NC(=O)C(CC2=CN(C=N2)CC3=CC=CC=C3)NC(=O)C(CC4=CC=C(C=C4)O)NC(=O)C(CO)NC(=O)C(CC5=CNC6=CC=CC=C65)NC(=O)C(CC7=CN=CN7)NC(=O)C8CCC(=O)N8,1319.4719702410314,0.7078942095312776,66,18,12,4,1,96,25,-9.90349996770071,1.3903299551766644,48.768486921341044,-10.612537246318192,20.0,80.07321467182285,1.0,19.018276704007324,0.3513142496204116,50.0,0.836773195701992,-60.0,62.963794702840914
Paritaprevir_2,CCNC(=O)C1CCCN1C(=O)C(CCCN=C(N)N)NC(=O)C(CC(C)C)NC(=O)C(CC2=CN(C=N2)CC3=CC=CC=C3)NC(=O)C(CC4=CC=C(C=C4)O)NC(=O)C(CO)NC(=O)C(CC5=CNC6=CC=CC=C65)NC(=O)C(CC7=CN=CN7)NC(=O)C8CCC(=O)N8,1337.8182982159003,0.8780603767876751,66,18,12,4,1,96,25,-10.635308774255003,1.9920157379925807,72.85873247631105,-11.629761623953279,20.0,86.1619983105672,1.0,20.75793076679766,0.4643196514436615,50.0,0.5402939216909173,-60.0,58.99785545686854
Paritaprevir_3,CCNC(=O)C1CCCN1C(=O)C(CCCN=C(N)N)NC(=O)C(CC(C)C)NC(=O)C(CC2=CN(C=N2)CC3=CC=CC=C3)NC(=O)C(CC4=CC=C(C=C4)O)NC(=O)C(CO)NC(=O)C(CC5=CNC6=CC=CC=C65)NC(=O)C(CC7=CN=CN7)NC(=O)C8CCC(=O)N8,1312.501615961768,0.6767952239003832,66,18,12,4,1,96,25,-9.864123133703176,1.5757575730205158,65.06423896801637,-10.72726043828253,20.0,90.11129097877043,1.0,20.384128628410263,0.41828613657298647,50.0,0.5208817043053864,-58.06586555583884,57.349306649667525
Paritaprevir_4,CCNC(=O)C1CCCN1C(=O)C(CCCN=C(N)N)NC(=O)C(CC(C)C)NC(=O)C(CC2=CN(C=N2)CC3=CC=CC=C3)NC(=O)C(CC4=CC=C(C=C4)O)NC(=O)C(CO)NC(=O)C(CC5=CNC6=CC=CC=C65)NC(=O)C(CC7=CN=CN7)NC(=O)C8CCC(=O)N8,1320.9540477721446,0.9899120017028453,66,18,12,4,1,96,25,-9.618873270271768,1.3259478214156222,43.5554181917201,-10.700696621009074,20.0,80.22111714381278,1.0,16.714250275417335,0.29439075927940045,50.0,0.579824901365382,-57.10284412993742,63.790881362894574
Paritaprevir_5,CCNC(=O)C1CCCN1C(=O)C(CCCN=C(N)N)NC(=O)C(CC(C)C)NC(=O)C(CC2=CN(C=N2)CC3=CC=CC=C3)NC(=O)C(CC4=CC=C(C=C4)O)NC(=O)C(CO)NC(=O)C(CC5=CNC6=CC=CC=C65)NC(=O)C(CC7=CN=CN7)NC(=O)C8CCC(=O)N8,1307.233124810793,0.3726574010975897,66,18,12,4,1,96,25,-10.646871939069998,1.1690557417467486,50.05858175344338,-11.385298846832836,20.0,94.60166373564753,1.0,20.00929727511156,0.36772779920837956,50.0,0.7909320198924175,-59.60368686928753,61.73971916834815
Paritaprevir_6,CCNC(=O)C1CCCN1C(=O)C(CCCN=C(N)N)NC(=O)C(CC(C)C)NC(=O)C(CC2=CN(C=N2)CC3=CC=CC=C3)NC(=O)C(CC4=CC=C(C=C4)O)NC(=O)C(CO)NC(=O)C(CC5=CNC6=CC=CC=C65)NC(=O)C(CC7=CN=CN7)NC(=O)C8CCC(=O)N8,1339.9245002949042,0.21483016243170783,66,18,12,4,1,96,25,-9.438435991733506,1.6238122025035489,71.93937567783618,-10.336038002132247,20.0,80.81508110542417,1.0,20.903629482296555,0.31630691729031774,50.0,0.3,-59.3410754178281,64.52179828146224
Paritaprevir_7,CCNC(=O)C1CCCN1C(=O)C(CCCN=C(N)N)NC(=O)C(CC(C)C)NC(=O)C(CC2=CN(C=N2)CC3=CC=CC=C3)NC(=O)C(CC4=CC=C(C=C4)O)NC(=O)C(CO)NC(=O)C(CC5=CNC6=CC=CC=C65)NC(=O)C(CC7=CN=CN7)NC(=O)C8CCC(=O)N8,1328.8965694124827,1.056299326716117,66,18,12,4,1,96,25,-10.633654825234569,2.1410264130203367,68.042017964326,-11.855538149312348,20.0,94.86163076432933,1.0,19.885404601546878,0.3736326482031446,50.0,0.31807665415961917,-60.0,65.6728697856734
Paritaprevir_8,CCNC(=O)C1CCCN1C(=O)C(CCCN=C(N)N)NC(=O)C(CC(C)C)NC(=O)C(CC2=CN(C=N2)CC3=CC=CC=C3)NC(=O)C(CC4=CC=C(C=C4)O)NC(=O)C(CO)NC(=O)C(CC5=CNC6=CC=CC=C65)NC(=O)C(CC7=CN=CN7)NC(=O)C8CCC(=O)N8,1316.9785915138732,0.4958133627513597,66,18,12,4,1,96,25,-10.155914532467609,1.0583632988914222,43.258937589914915,-11.455819885720775,20.0,86.11831122253771,1.0,17.892303210050784,0.26342340278248455,50.0,0.6722731199437023,-60.0,64.7654360534879
Paritaprevir_9,CCNC(=O)C1CCCN1C(=O)C(CCCN=C(N)N)NC(=O)C(CC(C)C)NC(=O)C(CC2=CN(C=N2)CC3=CC=CC=C3)NC(=O)C(CC4=CC=C(C=C4)O)NC(=O)C(CO)NC(=O)C(CC5=CNC6=CC=CC=C65)NC(=O)C(CC7=CN=CN7)NC(=O)C8CCC(=O)N8,1340.5622846056735,0.803307878388943,66,18,12,4,1,96,25,-9.520542118556284,2.0769120954553353,64.14274344500203,-10.747571224464494,20.0,77.10425869183511,1.0,21.9980520717863,0.40708464414995205,50.0,1.278257114788331,-60.0,56.357960494138325
Ombitasvir_0,CCCCCC=CCC=CCCCCCCCC(=O)O.CCCCCC=CCC=CCC=CCC=CCCCC(=O)O,567.9994318980197,-0.33737170368428293,38,0,4,0,1,42,8,-8.644730905784952,1.879405129132155,58.29527607081186,-9.351220407165295,20.0,57.89699777244317,1.0,10.591055914304167,0.13576182919456165,30.13802407213708,0.3,-46.11550410318103,68.7173520946109
Ombitasvir_1,CCCCCC=CCC=CCCCCCCCC(=O)O.CCCCCC=CCC=CCC=CCC=CCCCC(=O)O,604.634911526407,-0.3684292881210738,38,0,4,0,1,42,8,-8.922073905087622,0.7784060959331498,53.38689388975715,-9.972431763755655,20.914584232098907,61.41846799633094,1.0,10.428640565843638,0.07976807399795269,26.813879477996753,0.3,-37.51808584823739,70.10677817446758
Ombitasvir_2,CCCCCC=CCC=CCCCCCCCC(=O)O.CCCCCC=CCC=CCC=CCC=CCCCC(=O)O,568.6994657990924,-0.1792355859782998,38,0,4,0,1,42,8,-8.413937998535706,1.5415338334929065,54.98703134015622,-9.206128730615852,20.0,62.616760722222025,1.0,9.357458692001462,0.05110305822236807,29.261737007825097,0.3,-34.02166641393086,71.24578873580217
Ombitasvir_3,CCCCCC=CCC=CCCCCCCCC(=O)O.CCCCCC=CCC=CCC=CCC=CCCCC(=O)O,575.927435876108,-0.32477570763388475,38,0,4,0,1,42,8,-8.920733091080974,1.433890694844035,28.023305828774582,-9.704370396871148,20.0,68.31270904567292,1.0,5.794832246689129,0.08744410826787796,27.82277969965527,0.3778372094129195,-39.01204718172227,62.104351428201355
Ombitasvir_4,CCCCCC=CCC=CCCCCCCCC(=O)O.CCCCCC=CCC=CCC=CCC=CCCCC(=O)O,582.0500563336542,0.36981236581392307,38,0,4,0,1,42,8,-9.502082433914012,1.9201867584224308,25.715616714478642,-10.708728239283007,20.0,67.61900531284195,1.0,10.142855451440889,0.06871134781341118,32.63112595310032,0.5582351675676139,-52.16982748434149,72.62445825042687
Ombitasvir_5,CCCCCC=CCC=CCCCCCCCC(=O)O.CCCCCC=CCC=CCC=CCC=CCCCC(=O)O,582.8156537937786,-0.19073112120781033,38,0,4,0,1,42,8,-9.013433156217356,1.968872418052978,60.09137525595507,-10.115951132883708,20.0,65.99245975379922,1.0,12.178517217635754,0.007016847972510079,28.972180132472985,0.32104762095966205,-44.491952779439686,76.31355145986831
Ombitasvir_6,CCCCCC=CCC=CCCCCCCCC(=O)O.CCCCCC=CCC=CCC=CCC=CCCCC(=O)O,593.9576543242966,-0.40446379236376284,38,0,4,0,1,42,8,-9.093597791765303,1.0080194066855463,51.978474709894414,-10.067261573869718,20.0,70.05020103553903,1.0,8.440753605989663,0.029551962660398043,32.811437764595816,0.3,-40.39835580371299,70.66728596035783
Ombitasvir_7,CCCCCC=CCC=CCCCCCCCC(=O)O.CCCCCC=CCC=CCC=CCC=CCCCC(=O)O,569.8552226118225,0.06444184165381328,38,0,4,0,1,42,8,-8.93403651945352,1.974862154708598,54.036411579085936,-10.138072038033362,20.0,54.28869389213433,1.0,11.796903786653655,0.13635839944460504,31.97499500583753,0.8528408887904585,-47.5749736714383,70.72477519525579
Ombitasvir_8,CCCCCC=CCC=CCCCCCCCC(=O)O.CCCCCC=CCC=CCC=CCC=CCCCC(=O)O,565.8584554049708,0.26422048384230856,38,0,4,0,1,42,8,-9.76845207690166,1.6894904770887669,44.84602590768969,-10.680368680692203,20.0,67.5153700762716,1.0,10.969548070119084,0.0,27.632223236650194,0.6053553194410058,-50.82208599870124,73.30927118645715
Ombitasvir_9,CCCCCC=CCC=CCCCCCCCC(=O)O.CCCCCC=CCC=CCC=CCC=CCCCC(=O)O,570.3823873414632,0.3490708749034921,38,0,4,0,1,42,8,-9.211370847369418,1.438384375204629,23.766835302186138,-10.384747849244249,20.0,60.092518252997365,1.0,11.370458722839386,0.1991235225084464,35.52646959467398,0.9909722578505097,-51.95724003478726,61.999186471757525
Dasabuvir_0,CC(C)(C)C1=CC(=CC(=C1OC)C2=CC3=C(C=C2)C=C(C=C3)NS(=O)(=O)C)N4C=CC(=O)NC4=O,478.0420977751244,4.5227620328396965,26,3,5,4,1,34,13,-9.104719037811867,2.213099852089423,26.960375192849583,-9.880897676896184,40.24629314061649,99.0,1.0,15.576055944197769,0.40767384637281967,29.231902407422815,0.6053022252019605,-39.82618901299549,51.17898273198302
Dasabuvir_1,CC(C)(C)C1=CC(=CC(=C1OC)C2=CC3=C(C=C2)C=C(C=C3)NS(=O)(=O)C)N4C=CC(=O)NC4=O,486.70189083753974,4.723143887716858,26,3,5,4,1,34,13,-8.5812677860308,3.1634223819527136,59.69634846057704,-9.83529589767301,34.692100961044474,99.0,1.0,18.11254027341071,0.40396786431580745,28.592697131880854,0.3,-41.02129237080403,53.343518493472
Dasabuvir_2,CC(C)(C)C1=CC(=CC(=C1OC)C2=CC3=C(C=C2)C=C(C=C3)NS(=O)(=O)C)N4C=CC(=O)NC4=O,500.4074186964483,3.975174863704181,26,3,5,4,1,34,13,-8.584035377270741,3.4169450315438903,46.68254747310367,-9.60592848905561,28.838229692446106,99.0,1.0,16.098442764519156,0.35081152503796836,27.889120046172113,1.0421654942073348,-35.882923529333176,52.5931825656883
Dasabuvir_3,CC(C)(C)C1=CC(=CC(=C1OC)C2=CC3=C(C=C2)C=C(C=C3)NS(=O)(=O)C)N4C=CC(=O)NC4=O,474.1463953374117,3.8776479153532906,26,3,5,4,1,34,13,-8.890675043461734,2.90607972965414,21.002588041999108,-10.181728884968848,36.71690998106047,99.0,1.0,15.791171531011159,0.2294016889830474,32.72299868627999,0.6018005949205293,-52.11401576780594,63.62335266971363
Dasabuvir_4,CC(C)(C)C1=CC(=CC(=C1OC)C2=CC3=C(C=C2)C=C(C=C3)NS(=O)(=O)C)N4C=CC(=O)NC4=O,475.16974304162187,4.787982644420261,26,3,5,4,1,34,13,-8.76754216326626,2.164294860081859,34.94478424591883,-9.690632600560047,28.537008827011185,99.0,1.0,13.621316564536073,0.3870511535085255,33.42685530270391,0.3,-39.57766196352894,56.42002125627788
Dasabuvir_5,CC(C)(C)C1=CC(=CC(=C1OC)C2=CC3=C(C=C2)C=C(C=C3)NS(=O)(=O)C)N4C=CC(=O)NC4=O,501.7140329358413,4.414043606972563,26,3,5,4,1,34,13,-9.176563116277343,2.955039881941919,21.391913492189687,-10.11324555134258,34.641072133719874,95.08937685933634,1.0,17.90951783940836,0.35045782361463457,22.312853121809024,1.221786012559104,-44.2551363558849,52.15931500124379
Dasabuvir_6,CC(C)(C)C1=CC(=CC(=C1OC)C2=CC3=C(C=C2)C=C(C=C3)NS(=O)(=O)C)N4C=CC(=O)NC4=O,478.81813948709447,4.562686170454608,26,3,5,4,1,34,13,-8.945393969330974,2.5840099366443923,43.60284371951969,-10.10535669829393,36.83963601187289,99.0,1.0,13.023519776361695,0.34414825710383323,32.73024768341627,1.1573480001360184,-50.14073237968652,58.19956477699006
Dasabuvir_7,CC(C)(C)C1=CC(=CC(=C1OC)C2=CC3=C(C=C2)C=C(C=C3)NS(=O)(=O)C)N4C=CC(=O)NC4=O,477.6629817694153,4.128352073810718,26,3,5,4,1,34,13,-8.28252757227585,1.9522222523345756,55.80094075328648,-9.23372404211647,32.96063855176739,93.05588738169172,1.0,17.139925174684173,0.48674584971818424,27.65009829418983,1.4979137871852832,-31.607993770727546,44.904565508237184
Dasabuvir_8,CC(C)(C)C1=CC(=CC(=C1OC)C2=CC3=C(C=C2)C=C(C=C3)NS(=O)(=O)C)N4C=CC(=O)NC4=O,492.523781523975,4.76861381534593,26,3,5,4,1,34,13,-8.292908361505406,2.0433744726087126,27.70556967576935,-9.301756408749469,35.81880491339701,99.0,1.0,16.288551392021898,0.28160964295330454,32.599105495381316,0.9646990874101419,-41.35312164719277,55.372716918442656
Dasabuvir_9,CC(C)(C)C1=CC(=CC(=C1OC)C2=CC3=C(C=C2)C=C(C=C3)NS(=O)(=O)C)N4C=CC(=O)NC4=O,494.94034344538056,4.62345305375932,26,3,5,4,1,34,13,-9.337714664404993,3.280677123077578,33.220593939031716,-10.042491580137836,34.73621040613772,99.0,1.0,17.15572368630038,0.44258776819927564,32.78393125908339,1.224603073416876,-42.816145615686786,46.09270463707752
Glecaprevir_0,CC(C)C(C(=O)N1CCCC1C2=NC(=C(N2)Cl)C3=CC4=C(C=C3)C5=C(CO4)C(=C(C=C5)C6=C(NC(=N6)C7CCCN7C(=O)C(C(C)C)NC(=O)OC)Cl)F)NC(=O)OC,863.4323745893097,6.801471100881208,43,8,7,4,1,58,14,-10.132590826072489,3.349897181464729,57.61162713765439,-11.372733023649609,20.0,99.0,1.0,24.0,0.32042037588070293,42.46938887088028,0.8495025887339032,-53.088240235902425,55.31140425887035
Glecaprevir_1,CC(C)C(C(=O)N1CCCC1C2=NC(=C(N2)Cl)C3=CC4=C(C=C3)C5=C(CO4)C(=C(C=C5)C6=C(NC(=N6)C7CCCN7C(=O)C(C(C)C)NC(=O)OC)Cl)F)NC(=O)OC,873.3355951455944,6.66980207569768,43,8,7,4,1,58,14,-9.667464382182418,3.3170802581035534,46.58853927230396,-10.373543891759683,20.0,99.0,1.0,24.0,0.3278863485947865,38.275059011335316,1.1142046738569655,-60.0,50.40714199349514
Glecaprevir_2,CC(C)C(C(=O)N1CCCC1C2=NC(=C(N2)Cl)C3=CC4=C(C=C3)C5=C(CO4)C(=C(C=C5)C6=C(NC(=N6)C7CCCN7C(=O)C(C(C)C)NC(=O)OC)Cl)F)NC(=O)OC,840.6958457319381,6.919663925596712,43,8,7,4,1,58,14,-9.044627554363132,4.070177494880534,46.71871798614314,-9.985122173236785,20.0,99.0,1.0,24.0,0.4268455693933396,35.43714865652484,0.7739700207751332,-48.44499216340681,51.47876215319394
Glecaprevir_3,CC(C)C(C(=O)N1CCCC1C2=NC(=C(N2)Cl)C3=CC4=C(C=C3)C5=C(CO4)C(=C(C=C5)C6=C(NC(=N6)C7CCCN7C(=O)C(C(C)C)NC(=O)OC)Cl)F)NC(=O)OC,841.8389613116495,6.990074126963275,43,8,7,4,1,58,14,-9.581721512304474,3.7528460300442856,41.124785226702784,-10.693393888214215,20.0,99.0,1.0,23.503044467165065,0.3501154499562626,43.21310329995281,0.8010641440208459,-51.532448470654366,52.665545251204385
Glecaprevir_4,CC(C)C(C(=O)N1CCCC1C2=NC(=C(N2)Cl)C3=CC4=C(C=C3)C5=C(CO4)C(=C(C=C5)C6=C(NC(=N6)C7CCCN7C(=O)C(C(C)C)NC(=O)OC)Cl)F)NC(=O)OC,847.4480828956861,6.861917730157926,43,8,7,4,1,58,14,-9.835554483141463,2.902244056892301,63.55857811505557,-11.018776694819529,20.0,99.0,1.0,24.0,0.36677584620851844,35.89394478161738,0.6694623859489133,-51.90381853740162,51.10056745937472
Glecaprevir_5,CC(C)C(C(=O)N1CCCC1C2=NC(=C(N2)Cl)C3=CC4=C(C=C3)C5=C(CO4)C(=C(C=C5)C6=C(NC(=N6)C7CCCN7C(=O)C(C(C)C)NC(=O)OC)Cl)F)NC(=O)OC,839.6116684786313,6.663829731816632,43,8,7,4,1,58,14,-9.36049912929983,3.951383272872324,33.312740386513084,-10.186530167439606,20.0,99.0,1.0,24.0,0.3084065666684022,35.55307597344883,0.8883575764648355,-49.07963945830064,56.99755503064205
Glecaprevir_6,CC(C)C(C(=O)N1CCCC1C2=NC(=C(N2)Cl)C3=CC4=C(C=C3)C5=C(CO4)C(=C(C=C5)C6=C(NC(=N6)C7CCCN7C(=O)C(C(C)C)NC(=O)OC)Cl)F)NC(=O)OC,870.270173280059,6.9509283935167225,43,8,7,4,1,58,14,-9.822241649981933,3.2393276299884555,52.40027290870927,-11.09211377710739,20.0,99.0,1.0,24.0,0.4053445519770073,39.41146192798612,0.7708887092966044,-56.54454780013088,49.45730663583902
Glecaprevir_7,CC(C)C(C(=O)N1CCCC1C2=NC(=C(N2)Cl)C3=CC4=C(C=C3)C5=C(CO4)C(=C(C=C5)C6=C(NC(=N6)C7CCCN7C(=O)C(C(C)C)NC(=O)OC)Cl)F)NC(=O)OC,872.1406510001042,6.460808427192776,43,8,7,4,1,58,14,-8.755884746287908,3.8053645074857645,48.167965325151755,-9.51536400964696,20.0,99.0,1.0,18.227699496763314,0.38085606805857064,35.695223099399755,0.7984702518716879,-51.03402419027466,55.423090437408504
Glecaprevir_8,CC(C)C(C(=O)N1CCCC1C2=NC(=C(N2)Cl)C3=CC4=C(C=C3)C5=C(CO4)C(=C(C=C5)C6=C(NC(=N6)C7CCCN7C(=O)C(C(C)C)NC(=O)OC)Cl)F)NC(=O)OC,873.7479392736515,6.271710520884933,43,8,7,4,1,58,14,-9.684115759440562,4.144408952791996,53.614332920643704,-10.461352014870126,20.0,99.0,1.0,24.0,0.2892881769598511,42.210061144349694,0.8736911045598508,-44.85418822818893,53.465607066606076
Glecaprevir_9,CC(C)C(C(=O)N1CCCC1C2=NC(=C(N2)Cl)C3=CC4=C(C=C3)C5=C(CO4)C(=C(C=C5)C6=C(NC(=N6)C7CCCN7C(=O)C(C(C)C)NC(=O)OC)Cl)F)NC(=O)OC,839.8179420309286,6.665966748186137,43,8,7,4,1,58,14,-8.72534102085863,3.05921943407413,65.91889834511278,-9.43779811986664,20.0,99.0,1.0,24.0,0.3188598815187397,39.031012321919995,1.2372452514240455,-49.65891005220416,53.37975851656358
Pibrentasvir_0,CC(C)NCC(COC1=CC=C(C2=CC=CC=C21)OC)O,305.9298247795326,2.731968452157786,17,1,3,4,1,21,5,-8.938555748133659,2.748338670756568,34.13873159826372,-9.88239165250416,61.93786460600241,75.29564827170398,1.3960397030192344,13.57051317812633,0.26305991086184227,24.448841531604995,0.684109292380531,-44.514009484010245,69.24843167583626
Pibrentasvir_1,CC(C)NCC(COC1=CC=C(C2=CC=CC=C21)OC)O,286.39471708272043,2.7888872993742266,17,1,3,4,1,21,5,-8.101707860773352,1.509131296463385,36.102481504639755,-8.80272370254416,63.42842853211298,77.07325889830315,4.24933380516868,12.207890736317673,0.3864107411667955,22.0425329124691,0.7571484875645602,-38.537502431647304,55.4271164441964
Pibrentasvir_2,CC(C)NCC(COC1=CC=C(C2=CC=CC=C21)OC)O,296.6605814176935,2.8494476407836284,17,1,3,4,1,21,5,-8.178327483310548,2.6433461844632538,55.39239134939669,-9.011652535058735,52.73097401204643,79.27051477409863,1.0,10.909782074359793,0.4749427392769945,29.4870539425207,1.198515859518991,-32.120408111875285,50.735334481187365
Pibrentasvir_3,CC(C)NCC(COC1=CC=C(C2=CC=CC=C21)OC)O,301.57585787660804,2.70708482488771,17,1,3,4,1,21,5,-8.23893478442897,2.0615042305451095,26.671366303119107,-9.485947151697824,51.713176925063806,87.9353061895565,1.6768530621361304,9.961138872252983,0.40094948629235216,22.711797293570793,0.8411703597670386,-34.7718687851991,53.229817252082974
Pibrentasvir_4,CC(C)NCC(COC1=CC=C(C2=CC=CC=C21)OC)O,277.45785926583176,3.3639570281150233,17,1,3,4,1,21,5,-8.423870767660034,1.7013576286406153,18.754905211396895,-9.128567738990988,60.603710890214465,99.0,2.740213514288241,12.562779525980023,0.39320674585030313,20.97581033230323,0.9134854832209708,-39.09431551232215,56.95923426836394
Pibrentasvir_5,CC(C)NCC(COC1=CC=C(C2=CC=CC=C21)OC)O,270.04678159818076,3.0916688205935037,17,1,3,4,1,21,5,-8.402028458722837,2.98434721235671,22.09554688292589,-9.392224567419841,58.40754026237936,83.22874177597669,5.0965006445299315,12.255116679256512,0.3656206147975128,32.853064533588814,0.4716480835735345,-44.40539161212244,67.83542144543446
Pibrentasvir_6,CC(C)NCC(COC1=CC=C(C2=CC=CC=C21)OC)O,272.5473462776759,2.926151548450724,17,1,3,4,1,21,5,-7.938986742726243,1.5018054208635268,40.43194248597419,-9.12557650232551,60.54729934763731,77.03204511332083,1.0,10.946468335933867,0.3794655239876052,20.791570459688852,1.278634899217635,-32.426828062916954,56.027028423599596
Pibrentasvir_7,CC(C)NCC(COC1=CC=C(C2=CC=CC=C21)OC)O,293.92487894966234,3.0310031297429623,17,1,3,4,1,21,5,-9.338766613594073,1.826593551370537,26.057664053661973,-10.578233332330557,56.742906441808145,98.69094696565702,3.7638549249913114,13.486809414673246,0.38516294731688616,20.799263392846488,0.8206143379470826,-37.752624156309395,54.64154417768742
Pibrentasvir_8,CC(C)NCC(COC1=CC=C(C2=CC=CC=C21)OC)O,308.09276688922364,3.311407502700656,17,1,3,4,1,21,5,-8.944446628033031,2.456086275559949,51.04099557859807,-9.892836801546053,54.23573392822983,92.1549104987298,2.887164402182291,12.197322348075325,0.43246703765259153,23.113432077181873,0.7966604136562497,-40.55047630534064,53.148674075224086
Pibrentasvir_9,CC(C)NCC(COC1=CC=C(C2=CC=CC=C21)OC)O,277.7411016119675,3.265063431365564,17,1,3,4,1,21,5,-8.08458570187068,1.6826279964715176,39.56695419650475,-9.17765219736677,58.959659719001245,86.16109893252772,1.0,9.948752775409757,0.35493771518570727,28.021610271661082,1.0600924085277343,-41.11603254387502,56.40456026274509
Elbasvir_0,C1=CC(=C(C=C1Cl)Cl)C(C(F)(F)F)(O)O,273.8470153360428,2.651164003687596,10,0,2,2,1,12,3,-9.161875618401746,2.4752558101008537,50.479070595182236,-10.078656161471843,54.157685315663386,66.93112539791609,1.1068581563149458,14.265806815664371,0.33444203833770225,30.782422827977836,0.5340118087517058,-48.558077883531126,59.955025739059934
Elbasvir_1,C1=CC(=C(C=C1Cl)Cl)C(C(F)(F)F)(O)O,278.6454620322497,2.401704557386442,10,0,2,2,1,12,3,-8.645466786758982,2.7432801805712392,49.8697449143569,-9.411213464491484,57.40230919225295,75.10164183247086,1.0,11.17100537414287,0.26818588227531964,25.025239334696625,0.3073472727800545,-34.328529003075495,68.55258595143349
Elbasvir_2,C1=CC(=C(C=C1Cl)Cl)C(C(F)(F)F)(O)O,257.49589913448443,2.946419232844105,10,0,2,2,1,12,3,-8.204658727086073,1.7604843211172458,29.57086269864551,-8.955859662631823,68.41823650818229,86.22943420851661,1.349306435432193,10.642338799218134,0.23650250296521924,20.544153032747445,0.36599060419240836,-32.311685439296795,69.74870187545193
Elbasvir_3,C1=CC(=C(C=C1Cl)Cl)C(C(F)(F)F)(O)O,252.42397997531975,2.655051704808139,10,0,2,2,1,12,3,-8.34604492549269,2.41752594418253,45.78028197278172,-9.050888954507823,63.4914073477648,74.11891549305206,1.0,9.771159372346364,0.20814721649186066,25.561463406732887,0.7058650362115008,-42.349046557066444,68.04849114181782
Elbasvir_4,C1=CC(=C(C=C1Cl)Cl)C(C(F)(F)F)(O)O,253.87020693655649,2.3030191944422063,10,0,2,2,1,12,3,-8.175975494048053,1.7503686246827992,44.65977955028318,-9.47126854130368,67.64062509910474,83.75200572765881,4.7957062618425,7.665479005701576,0.29304405748403295,28.662122537810657,0.3,-39.230485595771455,68.37324082501885
Elbasvir_5,C1=CC(=C(C=C1Cl)Cl)C(C(F)(F)F)(O)O,256.91815702668106,2.410420483741518,10,0,2,2,1,12,3,-7.847711318168204,1.541413966848404,38.53517444768171,-9.116714012670812,63.69444226769092,91.79782825169531,1.0,12.664390995536827,0.19424972971598894,20.06720543572675,0.9031928195945538,-29.781163382634738,66.48410926048496
Elbasvir_6,C1=CC(=C(C=C1Cl)Cl)C(C(F)(F)F)(O)O,278.4562234127926,2.336965123809295,10,0,2,2,1,12,3,-8.521906210337804,2.7820963820002946,40.80506929728248,-9.718152711761446,56.89846370504265,96.5765987871377,7.443724387254776,11.870944852711133,0.301383668571822,23.71687968620781,0.8535359377956147,-29.69902336484084,60.88325018630299
Elbasvir_7,C1=CC(=C(C=C1Cl)Cl)C(C(F)(F)F)(O)O,245.9034168660493,2.3126978604383255,10,0,2,2,1,12,3,-8.472361694150147,1.7883331129557567,45.401332297022584,-9.339383912547326,59.196564142428585,86.25532052574728,1.1853027151132811,6.709106862104818,0.20857257843309657,22.24033480149848,0.5325032251354885,-33.79666499171096,72.56511034476422
Elbasvir_8,C1=CC(=C(C=C1Cl)Cl)C(C(F)(F)F)(O)O,266.15981720356245,2.372656535832399,10,0,2,2,1,12,3,-7.848465862159188,2.5156510210603162,43.695683409171565,-9.113407267646442,56.33103119825801,83.18198846996845,4.1616370089954,11.082122127148976,0.2562104300335724,25.192704723108427,0.3,-31.209512656659733,61.92793632183823
Elbasvir_9,C1=CC(=C(C=C1Cl)Cl)C(C(F)(F)F)(O)O,244.67235510312642,2.9500151792286955,10,0,2,2,1,12,3,-8.127960354955983,2.1020912941931966,24.54240394098462,-9.074774153126345,54.99330418498022,83.33897086814568,3.5246967770191633,12.433904163390089,0.3224175726566759,17.99900898211212,0.6278598254332861,-36.893517895045015,60.542843344151805
Grazoprevir_0,CCCCCCCCCCCC(=O)NC(CN)C(=O)NC(CN)C(=O)NC(CN)C(=O)NC(CN)C(=O)NC(CN)C(=O)NC(CN)C(=O)NC(CN)C(=O)NC(CN)C(=O)NC(CC1=CC=CC=C1)C(=O)O,1046.6669962157673,-8.454296983967051,45,17,11,2,1,73,13,-9.22342330149675,-1.7754893340215694,31.85539713163919,-10.44118253597248,20.0,10.0,2.5553045933854115,0.5,0.2004915598986118,41.29245401919737,0.6965041100473605,-60.0,79.63340715246036
Grazoprevir_1,CCCCCCCCCCCC(=O)NC(CN)C(=O)NC(CN)C(=O)NC(CN)C(=O)NC(CN)C(=O)NC(CN)C(=O)NC(CN)C(=O)NC(CN)C(=O)NC(CN)C(=O)NC(CC1=CC=CC=C1)C(=O)O,1043.4024411322735,-8.102717327864479,45,17,11,2,1,73,13,-9.901445532352682,-0.930457861741834,42.686572384353724,-10.98594716917231,20.0,10.0,4.320441722324839,0.5,0.17638025795251577,35.77303656351821,0.3,-58.42406634190593,82.10110331417125
Grazoprevir_2,CCCCCCCCCCCC(=O)NC(CN)C(=O)NC(CN)C(=O)NC(CN)C(=O)NC(CN)C(=O)NC(CN)C(=O)NC(CN)C(=O)NC(CN)C(=O)NC(CN)C(=O)NC(CC1=CC=CC=C1)C(=O)O,1038.5489363285021,-8.941953662981497,45,17,11,2,1,73,13,-9.164261213542357,-1.957773757272867,52.4320498902658,-9.984854990730941,20.0,10.0,1.0,0.5,0.2614788663475876,45.17593475853729,0.5687273172217836,-48.33967904754324,70.58367494499834
Grazoprevir_3,CCCCCCCCCCCC(=O)NC(CN)C(=O)NC(CN)C(=O)NC(CN)C(=O)NC(CN)C(=O)NC(CN)C(=O)NC(CN)C(=O)NC(CN)C(=O)NC(CN)C(=O)NC(CC1=CC=CC=C1)C(=O)O,1016.3011019932765,-8.898848942081571,45,17,11,2,1,73,13,-10.0043952129508,-2.2540963666071283,63.40739787678598,-10.809427055274465,20.0,10.0,1.0,2.958843581811422,0.20913411635330567,48.40256404040223,0.3,-59.665644451326585,78.44673564085329
Grazoprevir_4,CCCCCCCCCCCC(=O)NC(CN)C(=O)NC(CN)C(=O)NC(CN)C(=O)NC(CN)C(=O)NC(CN)C(=O)NC(CN)C(=O)NC(CN)C(=O)NC(CN)C(=O)NC(CC1=CC=CC=C1)C(=O)O,1028.2236449112368,-8.343378050526871,45,17,11,2,1,73,13,-10.148376050246029,-0.8911863647583278,47.802647971248774,-11.140765678176063,20.0,10.0,1.0,0.5,0.19055919853705428,44.511203844141214,0.3,-60.0,75.64487367245421
Grazoprevir_5,CCCCCCCCCCCC(=O)NC(CN)C(=O)NC(CN)C(=O)NC(CN)C(=O)NC(CN)C(=O)NC(CN)C(=O)NC(CN)C(=O)NC(CN)C(=O)NC(CN)C(=O)NC(CC1=CC=CC=C1)C(=O)O,1025.202333820587,-8.589222910475709,45,17,11,2,1,73,13,-10.338278076888365,-1.7324402721754248,38.41772625900086,-11.475844421970775,20.0,10.0,3.1558014681814557,0.5,0.2258259417324614,38.675735905844974,0.4151257950509248,-59.432088884863084,74.26931716710068
Grazoprevir_6,CCCCCCCCCCCC(=O)NC(CN)C(=O)NC(CN)C(=O)NC(CN)C(=O)NC(CN)C(=O)NC(CN)C(=O)NC(CN)C(=O)NC(CN)C(=O)NC(CN)C(=O)NC(CC1=CC=CC=C1)C(=O)O,1029.8043574601147,-8.82129387906739,45,17,11,2,1,73,13,-10.275271997377185,-1.5420615535005162,44.09261173483039,-11.450538984914187,20.0,10.0,1.0,0.5,0.2474898744493096,45.197488723198894,0.3,-56.845637942964885,82.02372781207087
Grazoprevir_7,CCCCCCCCCCCC(=O)NC(CN)C(=O)NC(CN)C(=O)NC(CN)C(=O)NC(CN)C(=O)NC(CN)C(=O)NC(CN)C(=O)NC(CN)C(=O)NC(CN)C(=O)NC(CC1=CC=CC=C1)C(=O)O,1046.4057220046457,-8.196248025695919,45,17,11,2,1,73,13,-9.837404177508573,-1.3355271781117328,59.23272011834199,-10.608211623048895,20.0,10.0,1.0,0.5,0.26081204913655553,50.0,0.8936312321625097,-60.0,75.27294469989162
Grazoprevir_8,CCCCCCCCCCCC(=O)NC(CN)C(=O)NC(CN)C(=O)NC(CN)C(=O)NC(CN)C(=O)NC(CN)C(=O)NC(CN)C(=O)NC(CN)C(=O)NC(CN)C(=O)NC(CC1=CC=CC=C1)C(=O)O,1017.758894558737,-8.152209729637125,45,17,11,2,1,73,13,-9.789463379026161,-1.6004915924560712,35.28152732511941,-11.039092382126292,20.0,10.0,1.0,2.1861061099277075,0.19152359079812478,44.542400823126314,0.8837149329533998,-57.49716429054331,75.16639866300987
Grazoprevir_9,CCCCCCCCCCCC(=O)NC(CN)C(=O)NC(CN)C(=O)NC(CN)C(=O)NC(CN)C(=O)NC(CN)C(=O)NC(CN)C(=O)NC(CN)C(=O)NC(CN)C(=O)NC(CC1=CC=CC=C1)C(=O)O,1018.4386222904803,-8.49353888123292,45,17,11,2,1,73,13,-10.255800133982314,-1.4389867135698085,53.70135029185434,-11.067927970409462,20.0,10.0,1.0,0.5,0.23609186522690653,45.603280356425124,0.8961981295490571,-51.69261963415404,71.43439593175859
Entecavir_0,C=C1C(CC(C1CO)O)N2C=NC3=C2NC(=NC3=O)N,283.5980331247765,-0.5822777452565087,12,5,3,4,1,20,5,-9.20633585504,0.5535256075417865,32.601195790777005,-9.942647322411075,38.37329832638599,39.82523535539056,13.598299010600499,0.5,0.42603802425076664,27.00720567686388,1.2345360317070067,-42.81818935456481,54.299130630991286
Entecavir_1,C=C1C(CC(C1CO)O)N2C=NC3=C2NC(=NC3=O)N,281.9137557768494,-1.0076704841573667,12,5,3,4,1,20,5,-8.737073463444231,0.31825579303541845,22.340915006432997,-9.865894830910094,50.091813207532496,55.18870856943881,7.3162030662045145,2.078367138836774,0.3114653849930474,18.961295621089526,0.9070706143805695,-34.14077861136705,63.21131214795831
Entecavir_2,C=C1C(CC(C1CO)O)N2C=NC3=C2NC(=NC3=O)N,296.5705824542278,-0.5913795995648691,12,5,3,4,1,20,5,-8.531140311664691,1.2933749038471054,54.47602973455597,-9.29525708063703,45.547228666411414,51.67088504066715,15.774421243355155,2.8263317085495467,0.3000441776167564,27.44796013937534,1.1131634063594553,-39.09390399448263,62.33247580186447
Entecavir_3,C=C1C(CC(C1CO)O)N2C=NC3=C2NC(=NC3=O)N,260.27776050793983,-1.1897232717234332,12,5,3,4,1,20,5,-7.993674033500173,0.28607440326629135,22.2819179604012,-8.856960512670085,52.91189365496024,47.93835785044537,6.853677403926062,5.23778091287584,0.35355498819752385,23.179442384746764,0.8904539527792611,-36.773157637349456,65.22854112782133
Entecavir_4,C=C1C(CC(C1CO)O)N2C=NC3=C2NC(=NC3=O)N,295.64028347057734,-0.6612607437107622,12,5,3,4,1,20,5,-8.475263536739108,1.6436846226426676,43.26196606272323,-9.254692217025628,45.807001818569816,46.547854734108114,10.46413133347064,4.876522686348403,0.34831553593058456,23.36064896859918,1.4668640159932322,-34.20237673822091,58.46352249798717
Entecavir_5,C=C1C(CC(C1CO)O)N2C=NC3=C2NC(=NC3=O)N,269.47738550790643,-0.9399345064492718,12,5,3,4,1,20,5,-9.170570378305833,1.0434319062595911,32.116673903595306,-9.884260634348834,50.794704969711,55.88312461586414,11.608655123263617,4.108957158658115,0.3823677967909724,24.547849620820248,0.844239578983349,-44.61575445703269,61.375143148674645
Entecavir_6,C=C1C(CC(C1CO)O)N2C=NC3=C2NC(=NC3=O)N,296.5331316455377,-0.7816848847974778,12,5,3,4,1,20,5,-8.530806535103315,0.38163284101735534,17.240077278111283,-9.4264398656595,36.161482549363214,60.14229086209874,14.168240368671146,4.757519702434257,0.46204120029433005,21.012829244350872,1.4397472094326358,-43.949296524166,52.24942086153152
Entecavir_7,C=C1C(CC(C1CO)O)N2C=NC3=C2NC(=NC3=O)N,281.6792597125788,-0.7395265178264983,12,5,3,4,1,20,5,-9.291457448785222,0.8443357140882244,55.49939308738525,-10.243925427648687,41.570813374328985,48.33771559589806,9.341555814867473,2.732373364395321,0.4072123552974515,22.307317595057842,1.11004801870622,-36.05227083098123,55.48308600827426
Entecavir_8,C=C1C(CC(C1CO)O)N2C=NC3=C2NC(=NC3=O)N,266.36765012728864,-1.295898549569833,12,5,3,4,1,20,5,-9.272043615281822,1.244994940383636,31.694920164197207,-10.054615384567258,48.851401117689356,37.032003763015126,11.324705085591354,4.862223991289082,0.3924748178129901,29.183984608676035,0.6039571657952503,-44.75120824449477,73.28531625535437
Entecavir_9,C=C1C(CC(C1CO)O)N2C=NC3=C2NC(=NC3=O)N,285.7831177298904,-0.6650484842390183,12,5,3,4,1,20,5,-8.414402673755058,1.6866223365350161,43.34429842423387,-9.473607407390324,47.18835813118145,43.323988704635156,7.526943428879211,2.964519445394496,0.26658136658038994,22.317135854352987,0.5888412869565491,-35.57046754038361,65.35882474748549
Adefovir_0,CC(C)(C)C(=O)OCOP(=O)(COCCN1C=NC2=C(N=CN=C21)N)OCOC(=O)C(C)(C)C,484.1566561792574,1.851828224223585,20,5,8,4,1,33,7,-8.740826785618808,2.4635614119713543,58.811301661400805,-9.93664319804356,28.418072483527965,65.83012047884752,1.0,10.147873063866335,0.40138298572413156,41.61958098554933,1.0129051515112024,-53.16900788724856,56.26103609027543
Adefovir_1,CC(C)(C)C(=O)OCOP(=O)(COCCN1C=NC2=C(N=CN=C21)N)OCOC(=O)C(C)(C)C,485.99091033315636,2.0267405652293196,20,5,8,4,1,33,7,-8.317408770491925,1.133520182640286,26.89051990592089,-9.27849926789218,28.324954626872273,70.47073021851946,1.0,9.837423538240348,0.3935772469412795,25.850716329947197,1.4135773266129246,-45.390984693987974,50.50698468630077
Adefovir_2,CC(C)(C)C(=O)OCOP(=O)(COCCN1C=NC2=C(N=CN=C21)N)OCOC(=O)C(C)(C)C,503.9653013313752,1.9928083938491006,20,5,8,4,1,33,7,-9.576498353622437,2.016122742431464,48.66400062107245,-10.419316506864146,26.85344768098663,76.85694580765119,2.487325674075099,13.768528136498585,0.32057548385065593,31.728524083633637,0.7206321406854204,-47.232664584105294,56.34640796392444
Adefovir_3,CC(C)(C)C(=O)OCOP(=O)(COCCN1C=NC2=C(N=CN=C21)N)OCOC(=O)C(C)(C)C,501.6670728135217,2.1491366361611224,20,5,8,4,1,33,7,-8.95817979030706,1.7513550449170938,35.523336834267695,-9.753164729448859,25.652883828070234,83.76810835026572,1.0,10.928238567467286,0.4415939847001593,30.241651269092596,0.3,-44.39923527513493,52.87134976246795
Adefovir_4,CC(C)(C)C(=O)OCOP(=O)(COCCN1C=NC2=C(N=CN=C21)N)OCOC(=O)C(C)(C)C,481.69199299269485,1.809113692488879,20,5,8,4,1,33,7,-8.513463497999531,2.502743016120167,58.22631635740014,-9.238120735092409,25.604588442798534,86.39044916184965,1.0,10.368704636868566,0.4244165446937475,32.103218486638625,0.8752046151038547,-41.414312034939854,47.29759830873596
Adefovir_5,CC(C)(C)C(=O)OCOP(=O)(COCCN1C=NC2=C(N=CN=C21)N)OCOC(=O)C(C)(C)C,494.03901159736404,1.965077439998428,20,5,8,4,1,33,7,-8.993278000053893,2.3374077197260963,40.21307871571203,-9.74339699085426,25.074231119108312,86.48030786996898,1.0,11.89559097077692,0.36600251221871566,27.510816923407575,1.0024108160381986,-44.424135672897464,51.29106322803869
Adefovir_6,CC(C)(C)C(=O)OCOP(=O)(COCCN1C=NC2=C(N=CN=C21)N)OCOC(=O)C(C)(C)C,514.5978294391846,1.3246636882980107,20,5,8,4,1,33,7,-9.419444081353488,1.6405671823348544,37.106083492913484,-10.130293410652639,28.96751771575073,79.46531336839074,1.0,11.170226229304077,0.44749274939235406,28.691274889462758,0.7335374917010254,-48.63588014195989,53.71278902764676
Adefovir_7,CC(C)(C)C(=O)OCOP(=O)(COCCN1C=NC2=C(N=CN=C21)N)OCOC(=O)C(C)(C)C,504.7304436780901,1.7836804457578666,20,5,8,4,1,33,7,-9.172985290210748,2.4987438117706096,29.50711446044729,-10.056804385774159,24.796885843378508,75.30727613693678,1.0,12.78004382017719,0.3270056068063149,34.991186645604806,1.1972754126447454,-49.88630289902091,55.87656224097488
Adefovir_8,CC(C)(C)C(=O)OCOP(=O)(COCCN1C=NC2=C(N=CN=C21)N)OCOC(=O)C(C)(C)C,482.35759466492453,2.0386526505881424,20,5,8,4,1,33,7,-9.253251220683456,1.7620401180284322,33.57558778745874,-10.377164074268048,24.279477340758994,71.26448550842782,1.0,10.451193594557004,0.32569958702993795,35.96245941446474,1.2044755257197768,-40.51652239085725,59.86153702035843
Adefovir_9,CC(C)(C)C(=O)OCOP(=O)(COCCN1C=NC2=C(N=CN=C21)N)OCOC(=O)C(C)(C)C,512.3619974115127,1.3646655438505708,20,5,8,4,1,33,7,-9.598179965910612,2.393407594029409,26.745707672200535,-10.702087782159573,28.17621532889776,80.9339656274615,1.0,9.880908141649213,0.4243123294769071,38.931167595459776,0.9380795431544137,-41.11043410216923,55.64776246300606
Telbivudine_0,CC1=CN(C(=O)NC1=O)C2CC(C(O2)CO)O,242.90202378762496,-1.4865521186739576,10,2,5,4,1,17,3,-8.771687948636243,0.45298832643962444,37.14533058669101,-9.497554883056464,49.90937270947444,50.54228462864879,10.353600899717577,1.0803138422186844,0.31626134132864525,24.260748993400455,0.5350476989354104,-42.757962697121194,64.512001458048
Telbivudine_1,CC1=CN(C(=O)NC1=O)C2CC(C(O2)CO)O,242.2336934312893,-1.5966995221867202,10,2,5,4,1,17,3,-8.644644318847536,1.3530435312683389,39.47630208405542,-9.564371267120535,49.81820833833021,49.066480377982835,13.534857527910658,2.672875776490879,0.4048566552848296,22.354174704841014,0.30301155861738416,-36.36855700487535,59.90183729547323
Telbivudine_2,CC1=CN(C(=O)NC1=O)C2CC(C(O2)CO)O,229.5377925084553,-1.388754747421403,10,2,5,4,1,17,3,-8.136471671679423,0.8194479342992902,50.34815962875433,-9.096637239300765,45.47954214867108,53.024466646790074,8.630287524610168,6.862523288741906,0.3461036451424925,24.50332513016471,0.32556634467032786,-37.10656701906424,63.48237515977426
Telbivudine_3,CC1=CN(C(=O)NC1=O)C2CC(C(O2)CO)O,243.82792908885537,-1.5024154141716817,10,2,5,4,1,17,3,-8.604838863596308,1.3945404222244355,31.51140332825482,-9.458519695063405,50.69043947950252,39.36624245302227,15.757582733788489,0.5,0.3059934986590205,28.3107970282698,0.5181778780532262,-47.76461053089797,74.88293152271288
Telbivudine_4,CC1=CN(C(=O)NC1=O)C2CC(C(O2)CO)O,228.80054654882494,-0.8540187075539868,10,2,5,4,1,17,3,-8.486074932412016,0.8525544762645236,50.89216487818407,-9.62957383472963,52.8927969075943,50.07276547042801,12.148326055283698,4.052883884184322,0.332200213262663,18.278987477206044,0.48637774067502954,-45.50485200562514,67.94579693659526
Telbivudine_5,CC1=CN(C(=O)NC1=O)C2CC(C(O2)CO)O,240.0686108161762,-1.3913923183645633,10,2,5,4,1,17,3,-9.058603726046973,0.8147248117829058,48.953798611141906,-10.210316684028797,43.548382454707216,43.14510681104889,12.854743283101907,7.2278132487729465,0.29459957938089815,29.077384484606924,1.043991783344643,-42.88203987734681,72.03061743302187
Telbivudine_6,CC1=CN(C(=O)NC1=O)C2CC(C(O2)CO)O,248.19177869072854,-0.8171882011326292,10,2,5,4,1,17,3,-8.751034575216616,0.37774756812430393,39.92125117255583,-9.946755260935472,50.18906792089223,39.009768458751324,14.476741738099932,2.0906317521238718,0.3122349245137147,35.12634910139706,0.7162981163304258,-50.34218370162654,67.57082181985879
Telbivudine_7,CC1=CN(C(=O)NC1=O)C2CC(C(O2)CO)O,236.089802527073,-0.9256014629827444,10,2,5,4,1,17,3,-8.116195034621777,1.3605422580779782,19.706865180730762,-9.287199700468742,44.78486655813634,42.195054526916245,15.816800306094507,3.300025825010693,0.39167230814771,25.919092775853954,1.1595229794834325,-35.27402993078584,60.943937413383026
Telbivudine_8,CC1=CN(C(=O)NC1=O)C2CC(C(O2)CO)O,258.74583921224934,-0.9450682669277617,10,2,5,4,1,17,3,-8.233684454477336,0.5928882445420822,19.160828688919047,-8.972638484889055,52.03582281810127,28.014742070247014,14.697262288179033,2.409488810998895,0.4233986516577195,21.233187900997184,0.8273202916508812,-31.5737211514425,67.21016190614246
Telbivudine_9,CC1=CN(C(=O)NC1=O)C2CC(C(O2)CO)O,248.54113628952712,-1.1188776000709444,10,2,5,4,1,17,3,-8.180689548387798,1.4324616211565582,30.34786669747332,-9.134951901321038,47.720488171240895,39.47555812159133,14.654592198318841,3.542324623898687,0.4343046181974048,28.713758715662294,0.805303034988443,-30.47340197589817,59.09495530367735
Tenofovir alafenamide_0,CC1=NN=C(O1)C(=O)NC(C)(C)C2=NC(=C(C(=O)N2C)O)C(=O)NCC3=CC=C(C=C3)F,452.18688014576793,0.6081009416473225,20,6,5,4,1,31,10,-8.91484876370751,2.131827332163777,28.285942513335705,-9.9493662075114,34.30269818957102,60.966262176232654,1.0,7.373508398526656,0.3436470500338339,29.58526519919493,0.936341936164336,-46.41192823189986,63.433163882537116
Tenofovir alafenamide_1,CC1=NN=C(O1)C(=O)NC(C)(C)C2=NC(=C(C(=O)N2C)O)C(=O)NCC3=CC=C(C=C3)F,452.88995567376054,0.9758839547956739,20,6,5,4,1,31,10,-9.045068496150702,1.0072539657562414,50.12532719161977,-9.7501638831836,31.70897371005017,85.59642266835053,1.0,9.029288745252785,0.2902935988607314,28.819493573254576,0.9182250127188997,-45.868178440880655,53.3182363188144
Tenofovir alafenamide_2,CC1=NN=C(O1)C(=O)NC(C)(C)C2=NC(=C(C(=O)N2C)O)C(=O)NCC3=CC=C(C=C3)F,426.2541307773712,1.1496696690036912,20,6,5,4,1,31,10,-9.511598419674506,1.0083522435697454,33.7201679017939,-10.386225945617452,36.11378393599711,60.45941772183862,3.6869488459848574,10.245471695788472,0.4141487415974933,22.8367694684127,1.0277112095937413,-45.83476399712054,60.6258159949232
Tenofovir alafenamide_3,CC1=NN=C(O1)C(=O)NC(C)(C)C2=NC(=C(C(=O)N2C)O)C(=O)NCC3=CC=C(C=C3)F,461.0100753612303,1.004262715065153,20,6,5,4,1,31,10,-8.820487180852721,2.2584300665759587,29.181679527581288,-9.958587108878065,37.32433899048925,58.07068466950095,1.0,11.960384092148756,0.37555815665193837,27.578072033450695,1.100432422411388,-47.19433183202783,59.193174478661646
Tenofovir alafenamide_4,CC1=NN=C(O1)C(=O)NC(C)(C)C2=NC(=C(C(=O)N2C)O)C(=O)NCC3=CC=C(C=C3)F,458.7744089901128,0.7015721436446614,20,6,5,4,1,31,10,-8.710514275833532,1.3207997225935966,37.31454978842815,-9.859458643906263,38.80713751816215,65.84442232277179,1.0,11.498448848368271,0.4200941445894316,29.3428585880677,1.069888742423291,-47.97682980772386,60.58909698636024
Tenofovir alafenamide_5,CC1=NN=C(O1)C(=O)NC(C)(C)C2=NC(=C(C(=O)N2C)O)C(=O)NCC3=CC=C(C=C3)F,448.4430719602557,1.156115541487213,20,6,5,4,1,31,10,-8.640542037988453,1.6740457861838152,51.33955415784159,-9.81067618794145,43.49353146968526,66.5161360226691,3.2905956627502926,10.931314528871729,0.3313428916283768,29.826202100227867,0.5998229319088504,-43.22509254401602,60.86592383856965
Tenofovir alafenamide_6,CC1=NN=C(O1)C(=O)NC(C)(C)C2=NC(=C(C(=O)N2C)O)C(=O)NCC3=CC=C(C=C3)F,436.2150801536246,0.6213888466750799,20,6,5,4,1,31,10,-8.726983126856998,1.51023865762484,27.95878213403066,-9.753453573802537,32.98105801835459,75.87948891044742,3.956425691800475,10.15778911743056,0.3570089054241877,21.78360319085052,0.8715063884128897,-42.30149620468069,57.13250411772373
Tenofovir alafenamide_7,CC1=NN=C(O1)C(=O)NC(C)(C)C2=NC(=C(C(=O)N2C)O)C(=O)NCC3=CC=C(C=C3)F,443.29841315415786,1.0916133448403307,20,6,5,4,1,31,10,-9.536261545258492,1.1212367912590326,19.270327445922742,-10.693982583828499,29.207559492354545,66.40757919811313,1.0,5.1724143862318686,0.31124181212682744,23.41583960013079,0.9242006113632587,-48.48571646436825,58.48765296933164
Tenofovir alafenamide_8,CC1=NN=C(O1)C(=O)NC(C)(C)C2=NC(=C(C(=O)N2C)O)C(=O)NCC3=CC=C(C=C3)F,425.1114056504993,0.6335591816472512,20,6,5,4,1,31,10,-8.147651314551112,1.0885987748276227,34.01419274242967,-9.037412898444789,30.687899650750467,58.24886267768552,2.389791030321902,10.041857874074648,0.3253484024033732,28.128224411766762,1.3960714109099055,-40.70545241761084,55.79053625835915
Tenofovir alafenamide_9,CC1=NN=C(O1)C(=O)NC(C)(C)C2=NC(=C(C(=O)N2C)O)C(=O)NCC3=CC=C(C=C3)F,450.857633538031,1.4479241622784111,20,6,5,4,1,31,10,-8.844430044824998,1.313962613893061,52.69229196021649,-9.783137461149126,28.043092569303674,51.90002772400276,1.0,8.593517818887099,0.36649262423800655,29.117008091029167,0.8212718920525692,-41.08723988645027,56.47530346104018
Palivizumab_0,CC(C)(C)C1=CC(=C(C=C1NC(=O)C2=CNC3=CC=CC=C3C2=O)O)C(C)(C)C,390.47927860741714,5.3416712259726005,24,2,3,4,1,29,9,-9.20773958263938,3.041201176720676,42.36421446261275,-10.094768780418576,37.644716147161034,99.0,1.0,22.119067275425873,0.42853989625334354,34.52765642427486,1.1032094759221447,-37.33749233732996,59.253339521892464
Palivizumab_1,CC(C)(C)C1=CC(=C(C=C1NC(=O)C2=CNC3=CC=CC=C3C2=O)O)C(C)(C)C,390.25179363918915,5.384908623041765,24,2,3,4,1,29,9,-8.082127330200873,3.206612887385431,41.47620906434564,-8.798897951335444,53.820273691891025,99.0,1.0,16.623924662730342,0.4070536444658742,34.53564479757759,1.170863917623267,-34.29137288523281,54.33110714955436
Palivizumab_2,CC(C)(C)C1=CC(=C(C=C1NC(=O)C2=CNC3=CC=CC=C3C2=O)O)C(C)(C)C,404.0775359526182,5.279353359264552,24,2,3,4,1,29,9,-9.424023284442434,3.659013093041601,24.411597883056523,-10.708446673430082,51.4436779406381,99.0,1.0,18.9890895197859,0.40931742607884153,27.101806256820378,0.3,-47.36048173422541,59.46178473767319
Palivizumab_3,CC(C)(C)C1=CC(=C(C=C1NC(=O)C2=CNC3=CC=CC=C3C2=O)O)C(C)(C)C,381.5585876670958,5.229136404066334,24,2,3,4,1,29,9,-8.939834436334365,3.842435550937985,29.488337220718467,-9.76322303878576,58.85153961066704,99.0,1.0,16.8259569898126,0.3920672812193966,25.361516496821185,0.9208995405068221,-43.51020158927125,58.64711302156561
Palivizumab_4,CC(C)(C)C1=CC(=C(C=C1NC(=O)C2=CNC3=CC=CC=C3C2=O)O)C(C)(C)C,394.7756255309238,5.887056653990366,24,2,3,4,1,29,9,-9.499003290008572,3.4345222803286237,47.51643554872355,-10.499360553180425,47.78381540629358,99.0,1.0,18.850412957334772,0.31090433984782595,27.10104469077941,0.7134305379001737,-43.84155752702843,59.54052452020582
Palivizumab_5,CC(C)(C)C1=CC(=C(C=C1NC(=O)C2=CNC3=CC=CC=C3C2=O)O)C(C)(C)C,408.88102237449317,5.927870379506174,24,2,3,4,1,29,9,-8.551472318087038,2.4936713880796004,36.43153854097677,-9.402606173391076,49.76097151153009,99.0,1.0,17.007997038020843,0.3369417805453305,23.095694320888743,0.5351663550115546,-45.602491144155,59.37695267982893
Palivizumab_6,CC(C)(C)C1=CC(=C(C=C1NC(=O)C2=CNC3=CC=CC=C3C2=O)O)C(C)(C)C,380.2101728754816,5.674755690655404,24,2,3,4,1,29,9,-8.325462761991886,3.673422164608125,28.739901454818852,-9.576940914492623,59.08794012627448,99.0,1.0,16.844522978633183,0.32344515098298976,30.985388793118666,0.8223146918437194,-42.484325499581495,57.97560233862337
Palivizumab_7,CC(C)(C)C1=CC(=C(C=C1NC(=O)C2=CNC3=CC=CC=C3C2=O)O)C(C)(C)C,395.22833363149965,5.914210898382867,24,2,3,4,1,29,9,-8.572155213762732,3.5971841892379617,25.207896713895362,-9.593378971241606,48.889167954943055,99.0,1.0,18.006088802287067,0.4402521115847612,28.925077897446673,0.6329944840681222,-45.09522040778377,55.93910069030375
Palivizumab_8,CC(C)(C)C1=CC(=C(C=C1NC(=O)C2=CNC3=CC=CC=C3C2=O)O)C(C)(C)C,402.16435335773355,5.793425842016273,24,2,3,4,1,29,9,-9.232371666469474,3.5711546934673954,53.02293699478879,-9.969762405173793,59.8328220667876,98.25327861819173,1.0,20.073722087807127,0.29973048135988795,24.67161297826005,0.5831465920880803,-47.82343764776481,62.47345893819954
Palivizumab_9,CC(C)(C)C1=CC(=C(C=C1NC(=O)C2=CNC3=CC=CC=C3C2=O)O)C(C)(C)C,384.1663508200375,5.223255619950882,24,2,3,4,1,29,9,-8.456206198751344,2.7459173414144082,43.00442341378009,-9.298903535461138,53.9505140652747,99.0,1.0,18.04664243629712,0.39289590081904735,26.870018928262752,0.9578311703942021,-48.62755504685286,53.408291413006395
Atoltivimab_0,C1COCCN1CN2C3=C(C=C(C=C3)Br)C(=C2O)N=NC(=O)CN4C5=C(C=CC=N5)C=C(C4=O)C6=CC=CC=C6,605.359603625241,4.341542812715978,29,6,4,4,1,39,14,-9.488645748814509,2.0471968052049503,34.528218279408094,-10.68399942288466,20.0,99.0,1.0,15.307084784447968,0.324925171139333,35.52926285310581,0.6626611286435378,-51.18929029594852,55.29213451165535
Atoltivimab_1,C1COCCN1CN2C3=C(C=C(C=C3)Br)C(=C2O)N=NC(=O)CN4C5=C(C=CC=N5)C=C(C4=O)C6=CC=CC=C6,592.5624110871975,4.261163687896161,29,6,4,4,1,39,14,-9.015689287736231,2.1445120949122702,23.417685836893078,-10.034449171643356,25.34298767589108,99.0,1.0,21.968160618150392,0.2985829151434851,40.95210921927665,0.7712991842902288,-45.63590006550173,53.948790305175784
Atoltivimab_2,C1COCCN1CN2C3=C(C=C(C=C3)Br)C(=C2O)N=NC(=O)CN4C5=C(C=CC=N5)C=C(C4=O)C6=CC=CC=C6,593.6321032979791,4.984803080960195,29,6,4,4,1,39,14,-8.919421359381802,2.229855164983755,49.98740432697942,-9.945677332949801,20.0,99.0,1.0,16.576858902696326,0.40100804143930857,32.58954909133063,0.3,-42.12843737700438,48.0350295865321
Atoltivimab_3,C1COCCN1CN2C3=C(C=C(C=C3)Br)C(=C2O)N=NC(=O)CN4C5=C(C=CC=N5)C=C(C4=O)C6=CC=CC=C6,602.0420328936717,4.445972487807025,29,6,4,4,1,39,14,-9.365692845262178,3.037917845080059,53.977965958080034,-10.511424047459691,20.0,99.0,1.0,17.331585990937572,0.41797103871466684,37.55801724638345,0.9265417043695714,-50.565487188132124,50.49717561275375
Atoltivimab_4,C1COCCN1CN2C3=C(C=C(C=C3)Br)C(=C2O)N=NC(=O)CN4C5=C(C=CC=N5)C=C(C4=O)C6=CC=CC=C6,603.5178757431157,4.7965390223878925,29,6,4,4,1,39,14,-9.288338070820762,3.4598827204562426,41.45233271987388,-10.308623932727443,20.0,99.0,1.0,18.377052416057644,0.3984289434968645,30.077887641645546,1.0186535981671607,-44.529641759083596,50.83058620554001
Atoltivimab_5,C1COCCN1CN2C3=C(C=C(C=C3)Br)C(=C2O)N=NC(=O)CN4C5=C(C=CC=N5)C=C(C4=O)C6=CC=CC=C6,615.3494531101587,4.239196613416885,29,6,4,4,1,39,14,-9.175108294169862,2.217443415345264,60.552586375395194,-10.40138294623337,22.71479784457172,99.0,1.0,20.8960444938622,0.38576835195246717,24.812943792195757,0.9311461784928848,-48.48057894874302,51.393597872641905
Atoltivimab_6,C1COCCN1CN2C3=C(C=C(C=C3)Br)C(=C2O)N=NC(=O)CN4C5=C(C=CC=N5)C=C(C4=O)C6=CC=CC=C6,595.7234120757352,4.994228042740247,29,6,4,4,1,39,14,-9.15032844553581,3.3654952118505412,40.969585875955616,-10.002388441253773,26.749089115269378,99.0,1.0,20.275048615955566,0.3369330173085582,32.492583466772274,0.4487369706223159,-45.144268200293,56.789418741925545
Atoltivimab_7,C1COCCN1CN2C3=C(C=C(C=C3)Br)C(=C2O)N=NC(=O)CN4C5=C(C=CC=N5)C=C(C4=O)C6=CC=CC=C6,590.9491524764458,5.01763319092171,29,6,4,4,1,39,14,-8.385294917111569,3.503816442425072,46.67967161017844,-9.57521636473026,29.521315792896146,99.0,1.0,20.886455049714577,0.3560721901067545,32.316381270154565,0.6596648484748818,-43.57066200151425,52.471947133163404
Atoltivimab_8,C1COCCN1CN2C3=C(C=C(C=C3)Br)C(=C2O)N=NC(=O)CN4C5=C(C=CC=N5)C=C(C4=O)C6=CC=CC=C6,589.5707021293408,4.645235718325574,29,6,4,4,1,39,14,-8.397164533126734,2.6744560136148974,43.32394748907652,-9.157948700845438,22.75278032857359,99.0,1.0,21.33342838509869,0.394398602073257,27.687185772577276,1.1090844635565604,-38.72625228134139,47.46736190815636
Atoltivimab_9,C1COCCN1CN2C3=C(C=C(C=C3)Br)C(=C2O)N=NC(=O)CN4C5=C(C=CC=N5)C=C(C4=O)C6=CC=CC=C6,588.9739089451944,4.46124279404101,29,6,4,4,1,39,14,-9.42802799087948,3.376837152290173,53.61648036842196,-10.610867829764848,31.615554478758796,94.68667787047309,1.0,16.961256592789095,0.31741936041081503,33.727558053627234,0.9584904788691166,-46.64249164555077,55.61076234583582
Dexamethasone_0,CC1CC2C3CCC4=CC(=O)C=CC4(C3(C(CC2(C1(C(=O)CO)O)C)O)F)C,383.11892899990596,1.6087425334283898,22,0,5,4,1,27,4,-9.333026574195024,1.7698405430277468,54.477654002065506,-10.33426374215766,48.914506688630965,72.14585184770426,1.0,15.048635722124992,0.43888383726566393,21.524667611036307,0.9494931661085207,-44.07930633508162,60.469790761382434
Dexamethasone_1,CC1CC2C3CCC4=CC(=O)C=CC4(C3(C(CC2(C1(C(=O)CO)O)C)O)F)C,408.0271164151353,1.6448107400609007,22,0,5,4,1,27,4,-9.456399239483325,1.1622899584101334,56.46554814653719,-10.666842101290042,37.912606162574725,72.27457163041254,1.9959725004270434,8.343847653702241,0.3355359716687007,21.05823615227995,1.1293153850495457,-38.220446460777595,58.05076696881656
Dexamethasone_2,CC1CC2C3CCC4=CC(=O)C=CC4(C3(C(CC2(C1(C(=O)CO)O)C)O)F)C,381.43995017418575,2.2472094875733886,22,0,5,4,1,27,4,-8.90155458635852,2.285880822372234,29.40317719678435,-9.956149944316756,36.061868686682566,77.43575560249971,1.0,11.096185411981518,0.33902046585485496,23.98169998910807,0.5018127812461528,-34.544445798567935,61.33454293072908
Dexamethasone_3,CC1CC2C3CCC4=CC(=O)C=CC4(C3(C(CC2(C1(C(=O)CO)O)C)O)F)C,394.3229738698178,1.579848148409199,22,0,5,4,1,27,4,-8.777910573914035,2.367137361703541,34.090501447528766,-9.487099241564891,50.290089759139796,53.274766245727875,4.36420503688456,11.688257891915507,0.38315781971009216,27.967181465203474,0.9101328174201376,-44.84803697488738,64.99812472815957
Dexamethasone_4,CC1CC2C3CCC4=CC(=O)C=CC4(C3(C(CC2(C1(C(=O)CO)O)C)O)F)C,373.2951963478912,1.9412206280328939,22,0,5,4,1,27,4,-8.561096042625508,2.5303708841430224,23.693627990923446,-9.48165550554439,36.80836614552018,78.74373696821114,1.5856489638631555,6.956518688996579,0.392767698422205,26.041479712780365,0.8141033716765009,-47.69197378832722,52.30287749854431
Dexamethasone_5,CC1CC2C3CCC4=CC(=O)C=CC4(C3(C(CC2(C1(C(=O)CO)O)C)O)F)C,384.11643688568984,1.7034786980138188,22,0,5,4,1,27,4,-9.474900851650961,1.7202486164437516,34.65538216732402,-10.193559821382538,46.46812662765156,85.59367288717334,2.461387910719999,11.532994058260792,0.36939725581217014,30.843570094763873,0.9205351839578071,-39.34560304757411,63.22574058227797
Dexamethasone_6,CC1CC2C3CCC4=CC(=O)C=CC4(C3(C(CC2(C1(C(=O)CO)O)C)O)F)C,398.340411637868,1.7562482530875836,22,0,5,4,1,27,4,-9.214476974364043,1.5783927670881828,40.36080283206127,-10.364865587820022,43.45021545546481,86.15118446948954,1.0,8.019831218832199,0.3186989186342605,23.486303626694415,0.6778929613818558,-44.52241573457581,56.776643313234004
Dexamethasone_7,CC1CC2C3CCC4=CC(=O)C=CC4(C3(C(CC2(C1(C(=O)CO)O)C)O)F)C,385.1112205241569,1.4605522562412605,22,0,5,4,1,27,4,-9.050625969388287,2.2271865975358747,45.4721056159858,-10.282248780573395,48.99080995326145,66.63103093159505,2.2827211051012486,10.558280436927463,0.3462006559373324,23.319306327660637,0.3,-48.145208162731926,67.55915537161852
Dexamethasone_8,CC1CC2C3CCC4=CC(=O)C=CC4(C3(C(CC2(C1(C(=O)CO)O)C)O)F)C,388.87985113382206,1.5695201603294624,22,0,5,4,1,27,4,-9.070231823988443,1.9850724704327092,31.827004507751525,-9.94711843663803,31.924647142812972,95.72691407280082,6.356974834978361,11.083157192858566,0.3031422543875756,32.06719184986147,0.8140933029967948,-43.59583291148682,60.09030052721046
Dexamethasone_9,CC1CC2C3CCC4=CC(=O)C=CC4(C3(C(CC2(C1(C(=O)CO)O)C)O)F)C,403.46686000091717,1.4304223143932842,22,0,5,4,1,27,4,-9.174903747440782,2.3820675449625064,53.07329772483866,-10.110804890092542,43.309373734366496,73.95626409746188,1.0,3.9550917996448005,0.3441841569745259,31.269897348588295,0.7241364724928182,-45.78075194834869,59.20708115506413
Anakinra_0,CCNC(=O)CCCC=CCC1C(CC(C1C=CC(CCC2=CC=CC=C2)O)O)O,413.9566609719494,3.2695720518365583,25,1,4,4,1,30,6,-9.109425600369553,2.657929922875689,55.602713553526684,-9.883647616074661,45.57707298911542,72.50228830433689,1.0,12.234777984499988,0.352638081336739,26.410175539413892,0.7406974384475178,-39.68947848794495,55.81616813561498
Anakinra_1,CCNC(=O)CCCC=CCC1C(CC(C1C=CC(CCC2=CC=CC=C2)O)O)O,426.2679129533393,3.111942251301805,25,1,4,4,1,30,6,-8.544231702395786,2.37432003761809,35.11450678317789,-9.807543993767174,50.336473840152266,97.23648296345742,1.0,13.695109342370293,0.33718771686986027,30.821653990155678,1.3759602927725476,-36.699293351212575,56.477260973368075
Anakinra_2,CCNC(=O)CCCC=CCC1C(CC(C1C=CC(CCC2=CC=CC=C2)O)O)O,416.30962628417853,2.3087747550619175,25,1,4,4,1,30,6,-9.319893452025982,2.3974090654516704,36.63258497263784,-10.101086800474592,44.65939530738884,83.24724063072165,1.0,12.256012488592027,0.3628527590796875,22.22796175757375,1.092105095223717,-58.61620092111592,66.07302557769073
Anakinra_3,CCNC(=O)CCCC=CCC1C(CC(C1C=CC(CCC2=CC=CC=C2)O)O)O,429.65155357190065,2.7333669486968346,25,1,4,4,1,30,6,-8.10258723316476,1.5798328105225175,22.374264137167152,-8.979649087791882,48.95939566898159,87.8529531806955,1.0,12.606454565538067,0.3757397198406986,23.62017452086974,0.9067415555818565,-39.093110199571655,55.428190762309576
Anakinra_4,CCNC(=O)CCCC=CCC1C(CC(C1C=CC(CCC2=CC=CC=C2)O)O)O,433.5552649959786,2.360781168629403,25,1,4,4,1,30,6,-9.238010827030172,1.5797020876977372,19.921790824770028,-10.086068978444915,47.936487669627724,85.6769908798375,1.0,12.602230727370205,0.4285351563448466,27.843387467940534,1.223105831834953,-44.96998278135601,53.618478396522164
Anakinra_5,CCNC(=O)CCCC=CCC1C(CC(C1C=CC(CCC2=CC=CC=C2)O)O)O,431.3282635420337,2.936544488576724,25,1,4,4,1,30,6,-9.447419561315693,1.8899985068188943,38.31792332657597,-10.494008437695252,44.8468658528706,82.63515760994015,1.0,11.688517996320401,0.3379815094520341,28.68234253488339,0.41743108354872865,-43.7083093439642,67.08311704502395
Anakinra_6,CCNC(=O)CCCC=CCC1C(CC(C1C=CC(CCC2=CC=CC=C2)O)O)O,401.43476507815586,2.4852233308309377,25,1,4,4,1,30,6,-9.134010173448907,2.4347441779238377,36.29036772734965,-10.020406880128856,37.857580074194416,92.57972518659787,1.0,14.346350599231378,0.46113078937917923,28.919765349479693,0.9711464592214101,-48.937981951213004,58.486996763490914
Anakinra_7,CCNC(=O)CCCC=CCC1C(CC(C1C=CC(CCC2=CC=CC=C2)O)O)O,407.4740813711994,2.4524069200378813,25,1,4,4,1,30,6,-8.406669550598494,1.791384540381801,27.374153941051652,-9.469580085499912,39.76727539395444,80.02945663789409,2.222889334342855,14.266310287282737,0.4129618755030525,33.583120863953376,1.4299068917787925,-49.983790959613195,49.89955250547962
Anakinra_8,CCNC(=O)CCCC=CCC1C(CC(C1C=CC(CCC2=CC=CC=C2)O)O)O,400.7638539943854,2.75651175672179,25,1,4,4,1,30,6,-8.307125484903013,1.6317588953477413,22.876590287471142,-9.462818259459691,42.54654456566027,86.59436312596172,1.0,8.443902446024861,0.3170232313977317,26.677331101035413,0.8105198947125336,-46.376839236164734,56.04924270966329
Anakinra_9,CCNC(=O)CCCC=CCC1C(CC(C1C=CC(CCC2=CC=CC=C2)O)O)O,432.56950803256535,3.1250389106233616,25,1,4,4,1,30,6,-8.50754192425389,1.9611909169713244,22.084506058509906,-9.550665093827805,35.795063057572065,93.56627413340343,1.0,12.655296263632714,0.3267923917994772,30.396366935550926,1.0818331705918967,-40.816725636007405,59.6490231300364
Interferon alfa_0,CC1=C(N=C(N=C1N)C(CC(=O)N)NCC(C(=O)N)N)C(=O)NC(C(C2=CN=CN2)OC3C(C(C(C(O3)CO)O)O)OC4C(C(C(C(O4)CO)O)OC(=O)N)O)C(=O)NC(C)C(C(C)C(=O)NC(C(C)O)C(=O)NCCC5=NC(=CS5)C6=NC(=CS6)C(=O)NCCC[S+](C)C)O,1395.9421908047268,-7.16639244131176,55,17,21,4,1,93,17,-10.625827448498448,-0.9904863485554216,50.49519788348996,-11.904449571264365,20.0,10.0,1.0,3.7782032735744124,0.38413484434078565,50.0,0.9209921744580518,-60.0,67.66720114155751
Interferon alfa_1,CC1=C(N=C(N=C1N)C(CC(=O)N)NCC(C(=O)N)N)C(=O)NC(C(C2=CN=CN2)OC3C(C(C(C(O3)CO)O)O)OC4C(C(C(C(O4)CO)O)OC(=O)N)O)C(=O)NC(C)C(C(C)C(=O)NC(C(C)O)C(=O)NCCC5=NC(=CS5)C6=NC(=CS6)C(=O)NCCC[S+](C)C)O,1417.783226861425,-7.200170545950098,55,17,21,4,1,93,17,-9.491149046240464,-1.0538675029388487,58.47499787360353,-10.475135430884654,20.0,10.0,1.0,3.734675433613911,0.36817369973242553,50.0,0.688432804279923,-60.0,73.98457686086174
Interferon alfa_2,CC1=C(N=C(N=C1N)C(CC(=O)N)NCC(C(=O)N)N)C(=O)NC(C(C2=CN=CN2)OC3C(C(C(C(O3)CO)O)O)OC4C(C(C(C(O4)CO)O)OC(=O)N)O)C(=O)NC(C)C(C(C)C(=O)NC(C(C)O)C(=O)NCCC5=NC(=CS5)C6=NC(=CS6)C(=O)NCCC[S+](C)C)O,1435.4342571671264,-7.102703411466705,55,17,21,4,1,93,17,-10.275759261062728,-1.6628596435117708,62.834081034779146,-11.1987915856236,20.0,14.69138364228657,1.0,5.95120593966741,0.33262788835040763,50.0,1.185072310138021,-60.0,68.78388338064262
Interferon alfa_3,CC1=C(N=C(N=C1N)C(CC(=O)N)NCC(C(=O)N)N)C(=O)NC(C(C2=CN=CN2)OC3C(C(C(C(O3)CO)O)O)OC4C(C(C(C(O4)CO)O)OC(=O)N)O)C(=O)NC(C)C(C(C)C(=O)NC(C(C)O)C(=O)NCCC5=NC(=CS5)C6=NC(=CS6)C(=O)NCCC[S+](C)C)O,1409.5479158144653,-7.5998504460941545,55,17,21,4,1,93,17,-9.391620990642805,-0.7120256316460538,75.0891840223363,-10.479492057104732,20.0,10.0,1.0,2.1156478040778888,0.42935340597765337,50.0,0.3,-59.62710818082688,67.73690277478063
Interferon alfa_4,CC1=C(N=C(N=C1N)C(CC(=O)N)NCC(C(=O)N)N)C(=O)NC(C(C2=CN=CN2)OC3C(C(C(C(O3)CO)O)O)OC4C(C(C(C(O4)CO)O)OC(=O)N)O)C(=O)NC(C)C(C(C)C(=O)NC(C(C)O)C(=O)NCCC5=NC(=CS5)C6=NC(=CS6)C(=O)NCCC[S+](C)C)O,1419.0039959417993,-7.785128826150865,55,17,21,4,1,93,17,-10.701081919053216,-1.2550642789052429,60.08215637403451,-11.427183044186958,20.0,10.0,1.0,1.8532120295531138,0.3565082402174327,50.0,1.0202407075993687,-60.0,74.75751283707461
Interferon alfa_5,CC1=C(N=C(N=C1N)C(CC(=O)N)NCC(C(=O)N)N)C(=O)NC(C(C2=CN=CN2)OC3C(C(C(C(O3)CO)O)O)OC4C(C(C(C(O4)CO)O)OC(=O)N)O)C(=O)NC(C)C(C(C)C(=O)NC(C(C)O)C(=O)NCCC5=NC(=CS5)C6=NC(=CS6)C(=O)NCCC[S+](C)C)O,1398.5353606660804,-7.5947742170706665,55,17,21,4,1,93,17,-10.693644364074359,-0.509958717417885,41.77914244603323,-11.476293387092866,20.0,10.0,1.0,3.026323626834675,0.33211394779697184,50.0,0.524309651966574,-60.0,74.91707151939664
Interferon alfa_6,CC1=C(N=C(N=C1N)C(CC(=O)N)NCC(C(=O)N)N)C(=O)NC(C(C2=CN=CN2)OC3C(C(C(C(O3)CO)O)O)OC4C(C(C(C(O4)CO)O)OC(=O)N)O)C(=O)NC(C)C(C(C)C(=O)NC(C(C)O)C(=O)NCCC5=NC(=CS5)C6=NC(=CS6)C(=O)NCCC[S+](C)C)O,1397.5906878635428,-7.475888458773045,55,17,21,4,1,93,17,-9.419898283898414,-0.7471741090868467,46.70155975754263,-10.522913057683667,20.0,10.0,1.0,7.736280192034089,0.3509365942945642,50.0,0.6363669336555984,-60.0,71.80760144246439
Interferon alfa_7,CC1=C(N=C(N=C1N)C(CC(=O)N)NCC(C(=O)N)N)C(=O)NC(C(C2=CN=CN2)OC3C(C(C(C(O3)CO)O)O)OC4C(C(C(C(O4)CO)O)OC(=O)N)O)C(=O)NC(C)C(C(C)C(=O)NC(C(C)O)C(=O)NCCC5=NC(=CS5)C6=NC(=CS6)C(=O)NCCC[S+](C)C)O,1433.850367921095,-7.566272117104022,55,17,21,4,1,93,17,-9.409253143625817,-1.297385682463462,73.72331316387601,-10.492298983773631,20.0,10.0,1.0,4.231262986748421,0.3495657993764279,50.0,0.71852635904825,-60.0,68.57937369340927
Interferon alfa_8,CC1=C(N=C(N=C1N)C(CC(=O)N)NCC(C(=O)N)N)C(=O)NC(C(C2=CN=CN2)OC3C(C(C(C(O3)CO)O)O)OC4C(C(C(C(O4)CO)O)OC(=O)N)O)C(=O)NC(C)C(C(C)C(=O)NC(C(C)O)C(=O)NCCC5=NC(=CS5)C6=NC(=CS6)C(=O)NCCC[S+](C)C)O,1426.5624682778446,-7.848838041811773,55,17,21,4,1,93,17,-10.538440206431996,-0.5871341827227803,73.39155323895942,-11.713239631725042,20.0,10.0,1.0,2.278392968681335,0.3573083892734736,50.0,0.8844400187194179,-60.0,72.81626048422434
Interferon alfa_9,CC1=C(N=C(N=C1N)C(CC(=O)N)NCC(C(=O)N)N)C(=O)NC(C(C2=CN=CN2)OC3C(C(C(C(O3)CO)O)O)OC4C(C(C(C(O4)CO)O)OC(=O)N)O)C(=O)NC(C)C(C(C)C(=O)NC(C(C)O)C(=O)NCCC5=NC(=CS5)C6=NC(=CS6)C(=O)NCCC[S+](C)C)O,1418.2666981500065,-7.345831688008068,55,17,21,4,1,93,17,-10.27729739192216,-1.6408028306982998,73.0081645289827,-11.381037592682112,20.0,11.000747657856664,1.0,3.531838473545564,0.32389028226963545,50.0,0.47637514754106886,-52.152910341361945,76.46678126646964
Interferon beta_0,C1N=C(NC(=O)N1C2C(C(C(O2)CO)O)O)N.Cl,280.72861253113587,-0.35091025123175223,9,4,5,4,1,18,2,-8.32162427491173,0.6896393407325421,46.085901657243085,-9.111156045333322,46.77828992145833,43.57365463536634,18.556083562166215,5.251200655314388,0.35037972200753564,25.529909284192634,0.811100209461105,-37.172852561119505,67.37136457981083
Interferon beta_1,C1N=C(NC(=O)N1C2C(C(C(O2)CO)O)O)N.Cl,281.95777117570884,-0.45752908951158866,9,4,5,4,1,18,2,-9.33755076750894,1.8339281931113949,46.50614532900056,-10.390643805769415,49.04225760156788,65.02255251790056,9.015375001292396,2.976028290361487,0.30537205349466934,25.137064474909643,0.9340193524209373,-43.723317166666035,63.77845798640403
Interferon beta_2,C1N=C(NC(=O)N1C2C(C(C(O2)CO)O)O)N.Cl,293.39750206472047,0.3529243581784497,9,4,5,4,1,18,2,-8.553800978067452,1.1284112631201915,46.82705061277948,-9.640835799373907,45.59593179035535,57.09734513464965,9.372428252792988,8.129333011321524,0.42979553701487416,24.84655955339176,0.7296645287397946,-42.03436942639826,58.117869778480475
Interferon beta_3,C1N=C(NC(=O)N1C2C(C(C(O2)CO)O)O)N.Cl,293.7857027871076,-0.007251103870662301,9,4,5,4,1,18,2,-9.028338967653857,1.4465986672515445,36.21226050090583,-9.90311639412567,47.494833228382,64.44931017116522,7.637819448497355,7.903513967166031,0.41974212452545884,29.11023530834339,0.8768040039747643,-43.955146690569876,56.217425438186964
Interferon beta_4,C1N=C(NC(=O)N1C2C(C(C(O2)CO)O)O)N.Cl,286.7853168514254,-0.3154649492633559,9,4,5,4,1,18,2,-9.193821020136287,1.0195989796442784,30.42680675278579,-9.960579546504311,56.24672418759759,32.38431404415597,5.024549163785475,3.7022354072830805,0.32568091552329714,26.42162323331501,0.9273202899093562,-39.30533121967011,72.73976187578225
Interferon beta_5,C1N=C(NC(=O)N1C2C(C(C(O2)CO)O)O)N.Cl,295.57454055249724,0.046279104790283965,9,4,5,4,1,18,2,-8.26980525907535,1.1134797556007516,43.62330940981896,-9.186571213785147,44.91447715427175,68.11088711758927,9.25382316442416,6.785364191945805,0.4351600778347622,22.51090826847769,1.2197130422624602,-36.202239865585355,56.592605354613546
Interferon beta_6,C1N=C(NC(=O)N1C2C(C(C(O2)CO)O)O)N.Cl,268.5155698593315,0.05303784398960121,9,4,5,4,1,18,2,-8.187657367483022,1.3136151930174629,30.498066551063523,-9.069157945860765,55.93029105121957,54.93165694847742,12.22083295559312,7.80303722973353,0.38817381538243523,27.11071269907995,1.0174057167836188,-47.319753251337474,62.1646245149168
Interferon beta_7,C1N=C(NC(=O)N1C2C(C(C(O2)CO)O)O)N.Cl,291.34854438407706,-0.3897670912787673,9,4,5,4,1,18,2,-8.83308282023236,1.0852939508748536,35.59539513325173,-9.607690787627607,44.084679119640526,57.131749201992186,7.949051922770973,6.673252751959046,0.3328639483392264,29.051532480043257,0.7824198066841489,-41.93156626008558,63.903477455922015
Interferon beta_8,C1N=C(NC(=O)N1C2C(C(C(O2)CO)O)O)N.Cl,270.8259456449311,0.14399795363047352,9,4,5,4,1,18,2,-9.044069450192886,0.75215382470777,29.471455432220537,-9.88730659241767,49.01212271352414,59.344245704283374,7.385227935055779,6.46214112165333,0.39443660969925365,29.40961853374864,0.6659995136648822,-45.39015400192392,62.445330944522595
Interferon beta_9,C1N=C(NC(=O)N1C2C(C(C(O2)CO)O)O)N.Cl,284.02409606101713,-0.3657030356048133,9,4,5,4,1,18,2,-9.351757656330838,0.5180137446263962,37.290392531491946,-10.307557697801432,44.8262383022645,55.75420615680251,11.294983478993927,2.259896271378417,0.4928353332366445,22.715712979769467,0.7962628930136504,-51.186697061265534,59.53308315837023
Hydroxychloroquine_0,CCN(CCCC(C)NC1=C2C=CC(=CC2=NC=C1)Cl)CCO,318.37900143958075,3.988080382258805,19,3,1,4,1,23,5,-9.35894494860904,3.0417818653249022,24.31786036809138,-10.452878378632633,49.79069249118692,94.52430427268418,1.0,11.901126657952846,0.3998303357298905,37.007062356640105,0.9753293984354494,-47.772088005322594,58.40162086485186
Hydroxychloroquine_1,CCN(CCCC(C)NC1=C2C=CC(=CC2=NC=C1)Cl)CCO,336.97211675423745,3.6372081793948885,19,3,1,4,1,23,5,-9.263306193309079,2.2359063829940675,52.36002467722139,-10.207101148670338,53.97044503076289,90.20244967761897,1.54050065916377,13.065778831436909,0.31810717320976706,35.30642438131174,0.3,-46.49691839976096,64.20807677835559
Hydroxychloroquine_2,CCN(CCCC(C)NC1=C2C=CC(=CC2=NC=C1)Cl)CCO,349.3322547847134,3.8385594981157953,19,3,1,4,1,23,5,-8.619731106749866,2.8578382194878817,37.38417602914411,-9.553913833662875,58.69881685151561,94.15556304884966,1.0,12.89519265214724,0.35618466699570855,29.031109451855173,0.9791733842951231,-40.38628127801788,64.23405898345656
Hydroxychloroquine_3,CCN(CCCC(C)NC1=C2C=CC(=CC2=NC=C1)Cl)CCO,341.08269580675085,3.773837961166977,19,3,1,4,1,23,5,-8.357723503325516,1.7253400326072776,35.906006501341835,-9.142376107668131,38.978734656296346,94.38136053907166,1.0,16.38108280856036,0.35163986740772823,27.6650459896531,1.3856860141383516,-49.80102939269632,50.43907341490645
Hydroxychloroquine_4,CCN(CCCC(C)NC1=C2C=CC(=CC2=NC=C1)Cl)CCO,339.5037359795203,3.5432859860792396,19,3,1,4,1,23,5,-8.276031875545453,2.955408267214934,28.315483746495115,-9.464021519996862,61.552541104093464,87.69045848675724,1.0,11.891334710276508,0.408805368171618,24.44223773575709,0.8569202391764031,-47.27103816739594,52.902389444063346
Hydroxychloroquine_5,CCN(CCCC(C)NC1=C2C=CC(=CC2=NC=C1)Cl)CCO,333.98033151948323,3.6190917303397283,19,3,1,4,1,23,5,-8.630082333984811,2.244104971958725,17.395174097021403,-9.616825191835938,53.85086596660753,83.88483634668864,1.0,11.417441845001523,0.3523305819256635,34.404859215212554,0.8918770722682223,-34.35582688900163,63.105992070876
Hydroxychloroquine_6,CCN(CCCC(C)NC1=C2C=CC(=CC2=NC=C1)Cl)CCO,330.4800385819517,4.088760405894262,19,3,1,4,1,23,5,-9.175602911288475,2.3415517562288577,44.781973995983876,-10.21484149005768,61.23195076883881,88.9649542709803,1.0,11.371538315291062,0.33518695507347673,21.666786600467194,0.9698632085654779,-49.73264411188607,63.994254089268196
Hydroxychloroquine_7,CCN(CCCC(C)NC1=C2C=CC(=CC2=NC=C1)Cl)CCO,327.2824335904641,3.675475277886365,19,3,1,4,1,23,5,-8.850781547058702,2.2991004526674423,50.13957116965702,-9.712857139473117,56.952893484501246,86.64867838765782,1.0,15.651536899444132,0.3617362467164328,34.6048326941363,0.8706803131209463,-35.44919718597244,63.22154163569551
Hydroxychloroquine_8,CCN(CCCC(C)NC1=C2C=CC(=CC2=NC=C1)Cl)CCO,316.8074736872979,4.031022279070994,19,3,1,4,1,23,5,-8.144852002014705,2.735316165049202,45.99671353410848,-9.419149609301305,49.580508471111564,99.0,1.0,11.392146338049006,0.3487100852612229,21.3953419414552,1.3229227403581458,-41.807811728891394,54.48850543563466
Hydroxychloroquine_9,CCN(CCCC(C)NC1=C2C=CC(=CC2=NC=C1)Cl)CCO,319.61437891774085,3.890748118577476,19,3,1,4,1,23,5,-8.989349920144672,1.7512931748817833,49.47131596856471,-10.169190227313875,60.59303357105163,84.47731156076456,4.901308707341052,15.271510269233245,0.35703634472862633,23.505807933587,0.8163335381408786,-43.407318292336285,68.00214108485017
Chloroquine_0,CCN(CC)CCCC(C)NC1=C2C=CC(=CC2=NC=C1)Cl,329.4820459493997,4.705003061338033,19,3,0,4,1,22,5,-8.053216871636044,2.1362348106760516,37.893353697574724,-9.25713992752526,58.72080966683145,99.0,1.0,14.966608379759032,0.41031996998327164,28.575937785969742,1.0230126398300339,-52.88281429727052,55.781584279201795
Chloroquine_1,CCN(CC)CCCC(C)NC1=C2C=CC(=CC2=NC=C1)Cl,337.33199326117165,4.55791916719962,19,3,0,4,1,22,5,-8.528191782480183,2.2108194428380403,47.628929395487575,-9.609920151520749,50.53430319914959,99.0,1.0,16.026258405894772,0.3787891756984576,26.412827130411348,1.1189880406531918,-48.30119812114745,55.025221276422805
Chloroquine_2,CCN(CC)CCCC(C)NC1=C2C=CC(=CC2=NC=C1)Cl,305.40208445900555,5.098268976204068,19,3,0,4,1,22,5,-8.131386858931066,2.682390705273158,21.48013000952016,-9.12986784837682,49.186188937062575,99.0,1.0,16.132931887987148,0.4318130877639572,23.479872438784298,0.4640964142220702,-38.37569631976449,51.67466984173278
Chloroquine_3,CCN(CC)CCCC(C)NC1=C2C=CC(=CC2=NC=C1)Cl,320.02818680299856,4.8687347933788026,19,3,0,4,1,22,5,-8.013783485348034,2.6950487323869483,34.48174089561536,-9.13340432819903,54.601021416149656,93.30699866636914,1.0,13.886680483518688,0.4222482403737192,32.555464269071464,1.1031252376361702,-45.31026485130874,59.155223120174874
Chloroquine_4,CCN(CC)CCCC(C)NC1=C2C=CC(=CC2=NC=C1)Cl,321.68288365955334,4.305233926780309,19,3,0,4,1,22,5,-9.256318313839209,2.189006225598341,31.79225049972214,-10.090648354791108,49.48127032575205,96.31572449102725,1.0,12.216590152777052,0.3666427307632414,26.276575573360848,0.6832918111176961,-44.74288125454241,59.22062776576035
Chloroquine_5,CCN(CC)CCCC(C)NC1=C2C=CC(=CC2=NC=C1)Cl,309.3987562889098,4.498628961644075,19,3,0,4,1,22,5,-8.98299410967885,3.1449938957778545,26.76192821528445,-10.076534251261009,56.00168829032636,99.0,1.0,16.48994615791909,0.4018649005063783,29.69942780714198,0.9770802632716334,-40.82893370064751,59.69468042182987
Chloroquine_6,CCN(CC)CCCC(C)NC1=C2C=CC(=CC2=NC=C1)Cl,320.05863119301574,4.303160038364209,19,3,0,4,1,22,5,-9.07745857026994,3.0096585610191378,23.50993354260995,-10.346714845582085,53.22134030321985,99.0,1.0,15.194257596485757,0.32576655742957933,26.632074694107022,0.6809668810262927,-44.893484830861766,62.01312602664667
Chloroquine_7,CCN(CC)CCCC(C)NC1=C2C=CC(=CC2=NC=C1)Cl,303.89747626274476,4.981189236894308,19,3,0,4,1,22,5,-8.04133226518353,2.29048164004541,55.773252504744136,-9.060204095308647,50.79385262485052,99.0,1.0,16.395094300669587,0.317890019885935,29.21175065406615,0.7400161272076201,-37.30822489782866,57.30594298790618
Chloroquine_8,CCN(CC)CCCC(C)NC1=C2C=CC(=CC2=NC=C1)Cl,306.2439202335217,4.7416865079748,19,3,0,4,1,22,5,-8.396306777202506,3.0149233805791953,35.89809114481119,-9.476524890045102,61.15515628452562,99.0,1.0,16.073495348359334,0.33847425007367365,16.83831938344128,0.8089909908813092,-33.945432097521035,56.583623292207854
Chloroquine_9,CCN(CC)CCCC(C)NC1=C2C=CC(=CC2=NC=C1)Cl,309.3530407043783,4.538380897140931,19,3,0,4,1,22,5,-9.015465351595816,2.9072347385100823,22.130401451024426,-10.048222094449116,58.95410131838882,99.0,1.0,15.87255652795323,0.3892803855490956,32.84254517538225,0.7910282946502216,-39.51943471565092,57.71158970817217
Ivermectin_0,CCC(C)C1C(CCC2(O1)CC3CC(O2)CC=C(C(C(C=CC=C4COC5C4(C(C=C(C5O)C)C(=O)O3)O)C)OC6CC(C(C(O6)C)OC7CC(C(C(O7)C)O)OC)OC)C)C,858.1739784744494,3.9929444393733595,48,0,14,4,1,62,5,-8.765294305123156,2.0940826235623806,31.18521972494479,-9.9214478013602,20.0,99.0,1.0,20.47198988878467,0.3500916972516909,42.32430644670926,0.8738921674389452,-46.75530702523443,52.63217332079103
Ivermectin_1,CCC(C)C1C(CCC2(O1)CC3CC(O2)CC=C(C(C(C=CC=C4COC5C4(C(C=C(C5O)C)C(=O)O3)O)C)OC6CC(C(C(O6)C)OC7CC(C(C(O7)C)O)OC)OC)C)C,873.3800923750777,4.000145467284558,48,0,14,4,1,62,5,-9.744889513241985,2.5715015287288256,42.85088698877818,-10.973395285917706,20.0,99.0,1.0,20.476271382243212,0.38062867172771664,35.16215673728996,1.123906966097502,-51.31664405475695,48.71698170622754
Ivermectin_2,CCC(C)C1C(CCC2(O1)CC3CC(O2)CC=C(C(C(C=CC=C4COC5C4(C(C=C(C5O)C)C(=O)O3)O)C)OC6CC(C(C(O6)C)OC7CC(C(C(O7)C)O)OC)OC)C)C,891.2336405482718,3.6084860120834428,48,0,14,4,1,62,5,-9.629278007338332,2.6035681094016674,39.64136834206243,-10.59384123467918,20.0,99.0,1.0,18.509252279379155,0.3599171552678136,39.13230059241498,0.48740853085238856,-52.71913379585856,58.164544347272624
Ivermectin_3,CCC(C)C1C(CCC2(O1)CC3CC(O2)CC=C(C(C(C=CC=C4COC5C4(C(C=C(C5O)C)C(=O)O3)O)C)OC6CC(C(C(O6)C)OC7CC(C(C(O7)C)O)OC)OC)C)C,880.7138938519095,4.068300947599958,48,0,14,4,1,62,5,-9.065026365983504,3.107446738034649,54.32520203307742,-9.82839245376441,20.0,99.0,1.0,20.144997745316946,0.37036101347289435,50.0,0.9371214257282419,-54.81604797518545,51.9097321383656
Ivermectin_4,CCC(C)C1C(CCC2(O1)CC3CC(O2)CC=C(C(C(C=CC=C4COC5C4(C(C=C(C5O)C)C(=O)O3)O)C)OC6CC(C(C(O6)C)OC7CC(C(C(O7)C)O)OC)OC)C)C,893.2751440088357,3.810969289711699,48,0,14,4,1,62,5,-10.027020486352491,2.380239315680449,38.16838633552804,-10.736100922145585,20.0,99.0,1.0,19.994944300380155,0.33461108395902817,48.63833592067846,1.0940268441511145,-51.65472035195632,60.2893580170304
Ivermectin_5,CCC(C)C1C(CCC2(O1)CC3CC(O2)CC=C(C(C(C=CC=C4COC5C4(C(C=C(C5O)C)C(=O)O3)O)C)OC6CC(C(C(O6)C)OC7CC(C(C(O7)C)O)OC)OC)C)C,856.9939990930736,3.7959787224916672,48,0,14,4,1,62,5,-9.495893511586367,2.8874989381333895,37.4007091800535,-10.435609793636202,20.0,99.0,1.0,23.6868771670323,0.23903965906562916,40.39361705184625,0.3,-57.64001352375492,59.68197073330759
Ivermectin_6,CCC(C)C1C(CCC2(O1)CC3CC(O2)CC=C(C(C(C=CC=C4COC5C4(C(C=C(C5O)C)C(=O)O3)O)C)OC6CC(C(C(O6)C)OC7CC(C(C(O7)C)O)OC)OC)C)C,855.5226849109778,4.2735165274721085,48,0,14,4,1,62,5,-9.612915462258675,3.045839838371365,34.27190389771578,-10.847782247595086,20.0,99.0,1.0,21.213883717414507,0.30653309127806705,38.042802287244584,0.571825036903409,-53.719355483263755,57.663556917699594
Ivermectin_7,CCC(C)C1C(CCC2(O1)CC3CC(O2)CC=C(C(C(C=CC=C4COC5C4(C(C=C(C5O)C)C(=O)O3)O)C)OC6CC(C(C(O6)C)OC7CC(C(C(O7)C)O)OC)OC)C)C,872.4630557678768,3.7919755058592375,48,0,14,4,1,62,5,-9.375535267990745,2.6329452141123633,36.06664973651742,-10.344465930954284,20.0,99.0,1.0,19.812073352975396,0.29790919706465147,42.81678515666629,0.4079825510731751,-51.21880303571375,65.27456634699374
Ivermectin_8,CCC(C)C1C(CCC2(O1)CC3CC(O2)CC=C(C(C(C=CC=C4COC5C4(C(C=C(C5O)C)C(=O)O3)O)C)OC6CC(C(C(O6)C)OC7CC(C(C(O7)C)O)OC)OC)C)C,891.794479402611,4.06373173593132,48,0,14,4,1,62,5,-9.472329038798858,2.4684889082336596,59.324534500090785,-10.31416642330106,20.0,99.0,1.0,24.0,0.3405406201961848,36.19844119699018,0.7045381230879162,-58.12422998328217,56.19063278124807
Ivermectin_9,CCC(C)C1C(CCC2(O1)CC3CC(O2)CC=C(C(C(C=CC=C4COC5C4(C(C=C(C5O)C)C(=O)O3)O)C)OC6CC(C(C(O6)C)OC7CC(C(C(O7)C)O)OC)OC)C)C,887.4205899625114,3.8608310800250085,48,0,14,4,1,62,5,-8.895315357929176,2.553387141793604,42.53379609152229,-9.848720560289571,20.0,99.0,1.0,21.170567316799264,0.3756914694705707,44.44461642209511,0.844612000389936,-52.921552842435105,51.65906921077153
Azithromycin_0,CCC1C(C(C(N(CC(CC(C(C(C(C(C(=O)O1)C)OC2CC(C(C(O2)C)O)(C)OC)C)OC3C(C(CC(O3)C)N(C)C)O)(C)O)C)C)C)O)(C)O,751.9529627675577,3.966003514353013,38,2,12,4,1,52,1,-9.73884065943729,2.240633557696087,26.30750520900006,-10.72863182510526,20.0,99.0,1.0,19.78795224238357,0.3368504322120706,40.514539261338236,0.9770348847347271,-46.16776460869937,58.63707063020883
Azithromycin_1,CCC1C(C(C(N(CC(CC(C(C(C(C(C(=O)O1)C)OC2CC(C(C(O2)C)O)(C)OC)C)OC3C(C(CC(O3)C)N(C)C)O)(C)O)C)C)C)O)(C)O,743.2455664805988,4.463767649942309,38,2,12,4,1,52,1,-9.494961553038092,2.2802694767708718,32.28388524348397,-10.425008850195344,20.0,99.0,1.0,21.973665431621047,0.33100112165265605,37.352219974302585,0.3,-42.306032246534485,53.653879058808336
Azithromycin_2,CCC1C(C(C(N(CC(CC(C(C(C(C(C(=O)O1)C)OC2CC(C(C(O2)C)O)(C)OC)C)OC3C(C(CC(O3)C)N(C)C)O)(C)O)C)C)C)O)(C)O,765.0150408939039,3.718548461520563,38,2,12,4,1,52,1,-9.944220479897794,3.105375187319255,61.79201082290993,-10.97473666682216,20.0,99.0,1.0,20.02028307345408,0.41754323786319797,36.54833448205469,1.1254061423300346,-47.22438259135426,55.08685603985835
Azithromycin_3,CCC1C(C(C(N(CC(CC(C(C(C(C(C(=O)O1)C)OC2CC(C(C(O2)C)O)(C)OC)C)OC3C(C(CC(O3)C)N(C)C)O)(C)O)C)C)C)O)(C)O,729.8655729978066,3.7331473036180864,38,2,12,4,1,52,1,-9.478245255675056,2.421535576987496,64.56192477179508,-10.490945566176046,20.0,99.0,1.0,18.154440229050458,0.37762687604834605,41.09371525101477,0.8746251993970633,-49.17936094149047,52.771907319926605
Azithromycin_4,CCC1C(C(C(N(CC(CC(C(C(C(C(C(=O)O1)C)OC2CC(C(C(O2)C)O)(C)OC)C)OC3C(C(CC(O3)C)N(C)C)O)(C)O)C)C)C)O)(C)O,730.3253384877285,3.768378365277148,38,2,12,4,1,52,1,-9.675958393002313,2.712499137180536,56.28942841440767,-10.52826809070624,20.0,92.95475944320319,1.0,20.27225160132769,0.36611971406866234,40.15937154589131,1.3191291057031065,-48.073653575862586,57.85130860717634
Azithromycin_5,CCC1C(C(C(N(CC(CC(C(C(C(C(C(=O)O1)C)OC2CC(C(C(O2)C)O)(C)OC)C)OC3C(C(CC(O3)C)N(C)C)O)(C)O)C)C)C)O)(C)O,754.7682192736277,4.418191773229734,38,2,12,4,1,52,1,-9.244472534604038,1.9482387578038982,53.21626677306633,-10.308274486170653,20.0,99.0,1.0,21.834386404456207,0.26566384594050535,40.752551805370636,0.44458263797848635,-50.01416863074446,57.99030922326942
Azithromycin_6,CCC1C(C(C(N(CC(CC(C(C(C(C(C(=O)O1)C)OC2CC(C(C(O2)C)O)(C)OC)C)OC3C(C(CC(O3)C)N(C)C)O)(C)O)C)C)C)O)(C)O,762.6815513442209,4.220324277326402,38,2,12,4,1,52,1,-9.112003725683426,2.9811186378048777,48.88748119774003,-9.855796457928378,20.0,97.63106833181574,1.0,21.587084899783456,0.3898528195445224,33.729996704477145,0.8023049453016808,-39.358982658768554,51.50255767324276
Azithromycin_7,CCC1C(C(C(N(CC(CC(C(C(C(C(C(=O)O1)C)OC2CC(C(C(O2)C)O)(C)OC)C)OC3C(C(CC(O3)C)N(C)C)O)(C)O)C)C)C)O)(C)O,740.6521123482061,4.308586169429098,38,2,12,4,1,52,1,-9.784936878432976,2.1340976186596645,60.5355175862593,-10.891620808044198,20.0,99.0,1.0,17.844132907664992,0.3256023474630237,42.181989218637575,0.7869342416627031,-50.7145738032351,56.37481416037026
Azithromycin_8,CCC1C(C(C(N(CC(CC(C(C(C(C(C(=O)O1)C)OC2CC(C(C(O2)C)O)(C)OC)C)OC3C(C(CC(O3)C)N(C)C)O)(C)O)C)C)C)O)(C)O,741.7114163434745,3.8100018527823054,38,2,12,4,1,52,1,-9.920406796402307,2.4745741413248137,39.58202616422123,-10.739074005019527,20.0,99.0,1.0,20.100604097179936,0.34751670594249373,40.13627394873271,0.7911227858817832,-52.310258734658504,53.665950858556
Azithromycin_9,CCC1C(C(C(N(CC(CC(C(C(C(C(C(=O)O1)C)OC2CC(C(C(O2)C)O)(C)OC)C)OC3C(C(CC(O3)C)N(C)C)O)(C)O)C)C)C)O)(C)O,737.6346559063795,4.209390745251129,38,2,12,4,1,52,1,-9.661838381039125,2.668556010287423,60.29809823389989,-10.777414749516698,20.0,99.0,1.0,18.74008342165264,0.31211433080696294,29.56980973731458,0.7380559311093258,-45.75691668134563,51.73221946698489
Colchicine_0,CC(=O)NC1CCC2=CC(=C(C(=C2C3=CC=C(C(=O)C=C13)OC)OC)OC)OC,399.97085981770203,1.0971507044831474,22,1,6,4,1,29,8,-9.482566294586096,1.68112961509996,42.445369469578964,-10.741206673311643,35.99954331637336,73.62918927150541,2.2299515054539123,9.105515348858534,0.44458416467376555,31.06065314090178,0.6187661254328085,-45.60958468233319,57.54172025667388
Colchicine_1,CC(=O)NC1CCC2=CC(=C(C(=C2C3=CC=C(C(=O)C=C13)OC)OC)OC)OC,414.05660518099296,0.5218067931243956,22,1,6,4,1,29,8,-8.766318111060118,1.3444785673566642,36.70057184723887,-9.879468658731422,38.47659786312606,52.08951816218857,1.0,5.95105694073176,0.3858746755650405,28.413586021944088,0.9525727866966135,-42.838029387083104,55.99427038348548
Colchicine_2,CC(=O)NC1CCC2=CC(=C(C(=C2C3=CC=C(C(=O)C=C13)OC)OC)OC)OC,399.7431168747486,0.5824580779839539,22,1,6,4,1,29,8,-9.099331178660933,1.6552850285242253,24.770319774805422,-9.908845315077981,30.934664119472778,60.723464233920275,2.883118969716178,11.13873605359875,0.3797099754027654,31.610977730252507,1.0573369142751263,-41.11465275771414,56.55705929400198
Colchicine_3,CC(=O)NC1CCC2=CC(=C(C(=C2C3=CC=C(C(=O)C=C13)OC)OC)OC)OC,399.3434514956485,0.6906759467547915,22,1,6,4,1,29,8,-9.183920802584833,1.6530859041801578,56.13094149649189,-10.37403957964177,38.944617559875766,57.51014420505894,2.968522892973917,11.954973183247189,0.40460905495860644,31.743210342728737,1.017112430431102,-37.49401076146225,57.17286576472531
Colchicine_4,CC(=O)NC1CCC2=CC(=C(C(=C2C3=CC=C(C(=O)C=C13)OC)OC)OC)OC,398.5480880340314,0.6861321543680995,22,1,6,4,1,29,8,-8.909064355250047,1.444486812482549,33.5895311061722,-9.723212124788649,36.22114701669746,67.40922019879463,1.6800619513188602,9.24684783838857,0.3945782720105818,27.720923159394662,1.1375047732808359,-40.65651853537367,54.81957762634028
Colchicine_5,CC(=O)NC1CCC2=CC(=C(C(=C2C3=CC=C(C(=O)C=C13)OC)OC)OC)OC,400.79866822661614,0.6304394545333465,22,1,6,4,1,29,8,-8.5180211506611,2.0005218252631156,53.74713567532433,-9.383344896710254,44.75056333902049,61.103809056150084,1.3065668412178957,8.679492339581579,0.339079774075052,37.61812797963167,0.6451670364333022,-36.29743313230499,63.20760772248573
Colchicine_6,CC(=O)NC1CCC2=CC(=C(C(=C2C3=CC=C(C(=O)C=C13)OC)OC)OC)OC,381.3413380291867,1.244280939294164,22,1,6,4,1,29,8,-9.276348328801783,1.8980739457131472,39.085443397169115,-10.267616474001514,39.32757101877799,62.6832626093969,2.8826229803846743,8.460074099187016,0.41296497315927816,23.222771385965686,1.546682946280042,-40.07515284132957,51.17678182619036
Colchicine_7,CC(=O)NC1CCC2=CC(=C(C(=C2C3=CC=C(C(=O)C=C13)OC)OC)OC)OC,390.08829107026276,0.7332543218225485,22,1,6,4,1,29,8,-9.19914019329134,1.839421943451418,43.73335152478482,-10.352909913990825,34.52985548842514,52.40928101870461,1.255992403586863,11.216593684206412,0.3390908801615176,22.38373937487652,0.8839074292487008,-47.07015510634275,63.22392196839105
Colchicine_8,CC(=O)NC1CCC2=CC(=C(C(=C2C3=CC=C(C(=O)C=C13)OC)OC)OC)OC,417.0904469463424,0.8982564091570115,22,1,6,4,1,29,8,-8.85247360554371,1.316074595586953,24.15424198501366,-9.88056955840738,39.04399356883546,76.20456240515311,1.0,9.528833899643947,0.38033222914592485,23.59410926271273,1.4743520659350933,-45.01414357278625,56.44710925390308
Colchicine_9,CC(=O)NC1CCC2=CC(=C(C(=C2C3=CC=C(C(=O)C=C13)OC)OC)OC)OC,384.5810643960141,1.3429724020485632,22,1,6,4,1,29,8,-8.389580113372272,1.659702293255162,22.417724807647424,-9.516269439373293,41.92107638614525,64.29403966923098,1.0,11.24536743349206,0.4467662993973373,32.32344047542221,1.2616797615755293,-42.53149463852987,53.484569895249564
Fluvoxamine_0,COCCCCC(=NOCCN)C1=CC=C(C=C1)C(F)(F)F,309.13009924484777,2.452768465856956,15,2,2,2,1,19,4,-9.000355483033285,1.6689571710440303,30.018969619595737,-9.720386487674757,59.48449272097672,85.60613083052274,1.0,9.81730734172861,0.2674329982960406,29.262074267761246,0.7654862955251267,-31.266978192772733,71.53976543858676
Fluvoxamine_1,COCCCCC(=NOCCN)C1=CC=C(C=C1)C(F)(F)F,333.68109832834347,2.2084983450704385,15,2,2,2,1,19,4,-9.187455155780082,1.8299644681849032,38.21898285517196,-10.065871477376072,55.21392917425382,91.7163823538499,1.0,12.4246632504551,0.27450117480719194,17.176765753732745,0.46659560149804286,-36.75131870173098,64.33178290153464
Fluvoxamine_2,COCCCCC(=NOCCN)C1=CC=C(C=C1)C(F)(F)F,308.2907984842708,3.039197432825762,15,2,2,2,1,19,4,-8.522525425719726,2.063749600964791,55.47121470095013,-9.415726616574176,51.17984627348997,81.79391445684897,1.0,11.465294874055989,0.25865267069497805,27.77789154004779,0.3,-45.411527191919504,64.38905421215055
Fluvoxamine_3,COCCCCC(=NOCCN)C1=CC=C(C=C1)C(F)(F)F,310.37348721860855,2.2096249863300024,15,2,2,2,1,19,4,-9.093868755130224,2.597605056267459,24.17435257103702,-10.307891160271662,55.869615655187324,76.53996585262608,3.0713823843175434,9.338147424520843,0.2758351530928118,25.92655580969344,0.5817932187069428,-44.409027019403226,62.913984027004275
Fluvoxamine_4,COCCCCC(=NOCCN)C1=CC=C(C=C1)C(F)(F)F,334.9226059676491,2.4206647262228502,15,2,2,2,1,19,4,-8.614841213196238,1.93470266166617,44.1620834322912,-9.42428448502531,50.52772062129247,82.74209038732182,1.0,11.476646466671392,0.3103387245205349,28.969138067642362,0.775496231048014,-41.67378941470354,64.11024661152844
Fluvoxamine_5,COCCCCC(=NOCCN)C1=CC=C(C=C1)C(F)(F)F,309.74054647766127,2.620372216440968,15,2,2,2,1,19,4,-9.110041733398138,1.3808793635592114,16.51246811138705,-9.954214737194757,44.57436524313474,88.28996971238202,2.776453470647223,11.768786378419389,0.2235470843791392,27.247046736448812,0.308639601154203,-45.4135532500588,65.89415238511187
Fluvoxamine_6,COCCCCC(=NOCCN)C1=CC=C(C=C1)C(F)(F)F,301.4541721608365,3.0431630524604394,15,2,2,2,1,19,4,-9.158525175025751,2.4279744010886772,41.24192645819732,-10.160905441060903,49.594074468424076,79.47790269290505,1.0,11.026749777417963,0.21689709268501878,19.46790067872337,0.42810925237776987,-41.872204178973384,70.42879057151819
Fluvoxamine_7,COCCCCC(=NOCCN)C1=CC=C(C=C1)C(F)(F)F,328.6936384558411,2.8842947047887266,15,2,2,2,1,19,4,-8.02907416842629,2.648917893522671,16.378989276600237,-8.79970551139906,64.01996636686457,93.05039118280524,1.0,9.787505778747668,0.22536690445786578,32.2333784125572,0.5989190759241175,-43.50383412639231,65.06672659316486
Fluvoxamine_8,COCCCCC(=NOCCN)C1=CC=C(C=C1)C(F)(F)F,323.9688529648855,2.1606103571178137,15,2,2,2,1,19,4,-9.26404247593155,1.9309143323132831,36.61666937989307,-10.346165410223907,57.31217710684316,75.70369379876372,1.0,7.4462286944730485,0.31282811307386804,22.21452694905659,0.6591108595620561,-38.786584696309326,70.03356615043165
Fluvoxamine_9,COCCCCC(=NOCCN)C1=CC=C(C=C1)C(F)(F)F,303.77911113273797,2.281080702307941,15,2,2,2,1,19,4,-8.023495379628262,1.4235420827771166,34.63925304825279,-8.827983319024883,52.23926113007183,74.72764734732739,1.0,8.736530230789548,0.27655290820366657,23.812644951915612,0.4665689580423738,-40.42381763443276,63.3214747019994
Camostat_0,CN(C)C(=O)COC(=O)CC1=CC=C(C=C1)OC(=O)C2=CC=C(C=C2)N=C(N)N,404.2373673920375,1.0364873493077071,20,4,5,4,1,29,10,-9.027973139474959,1.7903513651368534,39.998629054886116,-10.177672284657396,34.61568950689304,66.98199108911126,2.241835155380083,8.75456016613816,0.3781896606980483,31.07473796698481,0.9369743831883481,-46.596074078737956,56.76705753238434
Camostat_1,CN(C)C(=O)COC(=O)CC1=CC=C(C=C1)OC(=O)C2=CC=C(C=C2)N=C(N)N,383.6714667453644,0.7222341928545262,20,4,5,4,1,29,10,-8.455819088396693,1.3683359469841538,31.629924676927054,-9.180224745691765,31.301473516909823,67.4032541052062,5.54113789923627,10.27825335111673,0.34016702008149285,26.684953472490022,0.7264330914084599,-36.69957824568549,56.466760893487276
Camostat_2,CN(C)C(=O)COC(=O)CC1=CC=C(C=C1)OC(=O)C2=CC=C(C=C2)N=C(N)N,406.918352622381,1.5353422813969053,20,4,5,4,1,29,10,-8.8209624824579,1.2812824783071788,40.717117665926395,-9.849980471647966,33.67166043076384,67.67308187713816,2.088608204103411,8.60268367864154,0.352165146593357,30.070166287500648,1.3168166635159886,-38.69630452074511,61.70342042459379
Camostat_3,CN(C)C(=O)COC(=O)CC1=CC=C(C=C1)OC(=O)C2=CC=C(C=C2)N=C(N)N,407.63049207413195,0.8990802116554114,20,4,5,4,1,29,10,-8.17731045675266,1.1551042515132863,20.709039503879524,-8.956514096750995,33.26690445953249,71.77673033341388,5.442695911906718,8.738421700415891,0.34639149833896227,30.518780332531797,0.3576736588926128,-41.14350207262154,57.73540547057849
Camostat_4,CN(C)C(=O)COC(=O)CC1=CC=C(C=C1)OC(=O)C2=CC=C(C=C2)N=C(N)N,384.3926514418441,1.0441590723125005,20,4,5,4,1,29,10,-8.75856126553495,1.0581666191401247,50.06993213578319,-9.719242139380516,38.447217825595736,76.45722875302569,3.415786191831382,9.426915112338285,0.31219099625299385,22.644533699239744,0.8940235571490085,-44.99772943165287,61.23787558099197
Camostat_5,CN(C)C(=O)COC(=O)CC1=CC=C(C=C1)OC(=O)C2=CC=C(C=C2)N=C(N)N,400.9487071819047,0.6768671033817549,20,4,5,4,1,29,10,-8.345294818140873,1.85985768994804,24.285854896870724,-9.102796607767228,42.229282590492886,62.900288616553084,1.0,8.902997956120092,0.42517628337019475,28.362693661963025,0.7497696513646477,-48.25925392278971,58.98079079012174
Camostat_6,CN(C)C(=O)COC(=O)CC1=CC=C(C=C1)OC(=O)C2=CC=C(C=C2)N=C(N)N,408.4033629979465,0.8044513262325301,20,4,5,4,1,29,10,-9.279836956403226,2.254658747462912,52.945775528246386,-10.374782395024088,37.71381803985724,68.49658916381559,2.771241442366379,13.393880364526371,0.41108901318459434,28.028432717462703,0.8369675493644252,-46.99364512723508,55.51572407893658
Camostat_7,CN(C)C(=O)COC(=O)CC1=CC=C(C=C1)OC(=O)C2=CC=C(C=C2)N=C(N)N,380.0426549498644,0.6715388218903765,20,4,5,4,1,29,10,-9.11140765149069,1.390564025438125,38.44111042650218,-9.851087427579898,35.73624606466839,68.97054889172055,1.0,9.720168822695527,0.4210712898270961,25.570231293833885,0.3844119907498464,-40.179539331679045,58.88562142279593
Camostat_8,CN(C)C(=O)COC(=O)CC1=CC=C(C=C1)OC(=O)C2=CC=C(C=C2)N=C(N)N,411.28731623266935,1.3786521510749095,20,4,5,4,1,29,10,-8.567577285414382,1.2158361933228852,28.56523544889624,-9.734815286238854,36.88158622979406,66.83562156575402,1.0,7.663672361000144,0.35522744947069756,29.053623282295387,0.7767321748198275,-35.72697402495102,60.434567750322664
Camostat_9,CN(C)C(=O)COC(=O)CC1=CC=C(C=C1)OC(=O)C2=CC=C(C=C2)N=C(N)N,393.2369370043626,0.7726406407802913,20,4,5,4,1,29,10,-9.414996223871698,2.2588649456898326,27.492882857109983,-10.460681487370135,30.54577071570652,69.03253407528909,1.290874045553268,6.93670752693361,0.29410570585366985,28.032642957043382,0.7593270311911685,-46.99631172209876,61.5875292883
Nafamostat_0,C1=CC(=CC=C1C(=O)OC2=CC3=C(C=C2)C=C(C=C3)C(=N)N)N=C(N)N,333.4473167734902,2.310303137333471,19,5,2,4,1,26,11,-8.398327589902557,2.483064226408795,34.38996882487564,-9.534048795061409,42.2242076824657,79.08509037169384,2.060512210141277,7.024950749827937,0.4046173151957761,22.47696908060005,1.3478383076495777,-40.337191682113314,48.966997488409575
Nafamostat_1,C1=CC(=CC=C1C(=O)OC2=CC3=C(C=C2)C=C(C=C3)C(=N)N)N=C(N)N,342.6470000386072,2.218877980394135,19,5,2,4,1,26,11,-9.159818056058185,1.893304872918265,38.458831111784384,-10.424091573256687,41.8650696465366,88.30675589898442,1.9155404263992013,7.129294529283987,0.3919361172532735,22.27370285458051,1.2640513558169804,-47.25361024922263,63.17202807959326
Nafamostat_2,C1=CC(=CC=C1C(=O)OC2=CC3=C(C=C2)C=C(C=C3)C(=N)N)N=C(N)N,348.41956920837265,1.831393087696516,19,5,2,4,1,26,11,-9.345814167978823,1.174485444382054,54.29266076921469,-10.338905086328888,51.49330237113354,80.48669007980958,4.860477110898331,10.09656210673126,0.348330783237865,25.538258334015843,1.090221261192697,-42.05735147040206,62.25196504846542
Nafamostat_3,C1=CC(=CC=C1C(=O)OC2=CC3=C(C=C2)C=C(C=C3)C(=N)N)N=C(N)N,327.5760643601514,1.5003301592594764,19,5,2,4,1,26,11,-9.490000623398997,1.6462101966660423,46.71544428926373,-10.470811543455996,51.55117124628591,64.71929614189065,5.775559897130275,10.493318257849332,0.3911161431996689,33.62938943615179,0.993728349231722,-42.45816104628318,65.14557814636302
Nafamostat_4,C1=CC(=CC=C1C(=O)OC2=CC3=C(C=C2)C=C(C=C3)C(=N)N)N=C(N)N,331.817725077646,1.9411488250468019,19,5,2,4,1,26,11,-8.728395191192822,1.2106072241747226,55.92930214649498,-9.895156086467987,43.99743616938626,76.59146480459614,1.0,11.200579135135097,0.36057980397748535,25.580899339047228,0.929507665622402,-48.58140037959849,64.0782637084015
Nafamostat_5,C1=CC(=CC=C1C(=O)OC2=CC3=C(C=C2)C=C(C=C3)C(=N)N)N=C(N)N,342.67487008937997,2.3098764150385693,19,5,2,4,1,26,11,-9.233527813400046,1.9246696481323817,45.05596131268928,-10.08607701540948,47.06116269256201,81.31919161333816,1.0,7.442173665926596,0.3566147280733349,25.982228427579578,1.15296194123137,-41.88715904130108,64.19358004686185
Nafamostat_6,C1=CC(=CC=C1C(=O)OC2=CC3=C(C=C2)C=C(C=C3)C(=N)N)N=C(N)N,341.56019772724966,2.496726401057733,19,5,2,4,1,26,11,-8.896704897466918,1.752509820307214,21.33191481340508,-9.659437709206893,54.37192611615372,66.01830727278218,5.631720059482503,11.106734341185035,0.3747009415729493,33.38484730270359,1.2585703070958385,-38.83016482989166,64.29369876859442
Nafamostat_7,C1=CC(=CC=C1C(=O)OC2=CC3=C(C=C2)C=C(C=C3)C(=N)N)N=C(N)N,337.99628773991276,1.5763933167953057,19,5,2,4,1,26,11,-8.671754040578957,1.2033637208050667,31.45267806341848,-9.895084267834651,50.656971452651796,74.01492897064853,1.0,10.615993005296925,0.3504676241316378,28.934653167122182,0.37971611398292265,-41.75379013285232,63.47442584805088
Nafamostat_8,C1=CC(=CC=C1C(=O)OC2=CC3=C(C=C2)C=C(C=C3)C(=N)N)N=C(N)N,362.5883192961621,2.4798031631041546,19,5,2,4,1,26,11,-9.187702509872777,1.2713911188950093,39.21582683283413,-10.338977166478406,50.813029912835354,80.89629835363013,4.22018117832655,10.745559211565004,0.3906007256992135,27.550077239541693,1.0468800903841093,-51.13695822015172,56.84756346950805
Nafamostat_9,C1=CC(=CC=C1C(=O)OC2=CC3=C(C=C2)C=C(C=C3)C(=N)N)N=C(N)N,329.25795269143043,1.6585415355916104,19,5,2,4,1,26,11,-8.760654237058992,1.7526276488731751,35.82551714225835,-9.549012189619832,55.509498285165456,73.70791142839441,1.4922650304459022,9.636259639995107,0.3682091413045136,24.192190139633766,1.1945696141337678,-34.426292342907665,59.831153263841294
Mavrilimumab_0,C1COCCN1CN2C3=C(C=C(C=C3)Br)C(=C2O)N=NC(=O)CN4C5=C(C=CC=N5)C=C(C4=O)C6=CC=CC=C6,616.9491091420686,4.4805661329472155,29,6,4,4,1,39,14,-8.876940564667672,2.378221078651674,35.544057031002524,-9.578035721932194,22.70505669948518,99.0,1.0,17.1791753627157,0.392200473559607,37.93849247101538,0.6696747582154112,-51.92384752842567,61.97687083050539
Mavrilimumab_1,C1COCCN1CN2C3=C(C=C(C=C3)Br)C(=C2O)N=NC(=O)CN4C5=C(C=CC=N5)C=C(C4=O)C6=CC=CC=C6,612.811786668907,4.7971413504923985,29,6,4,4,1,39,14,-9.642786045750768,2.6953846738130176,51.88290699169415,-10.384633453759735,27.541521185443568,99.0,1.0,22.59368979878628,0.3195899706532795,28.742762837614766,0.7540027328855514,-53.1285032505556,56.26021136037232
Mavrilimumab_2,C1COCCN1CN2C3=C(C=C(C=C3)Br)C(=C2O)N=NC(=O)CN4C5=C(C=CC=N5)C=C(C4=O)C6=CC=CC=C6,605.7428689722407,4.488181001045679,29,6,4,4,1,39,14,-8.812006239915465,3.3644445442867785,61.06127559130829,-9.777293930437349,20.0,99.0,1.0,22.798193197812978,0.34644091243458186,33.44335643407878,0.6284875582328702,-48.14787511894031,59.144375689165706
Mavrilimumab_3,C1COCCN1CN2C3=C(C=C(C=C3)Br)C(=C2O)N=NC(=O)CN4C5=C(C=CC=N5)C=C(C4=O)C6=CC=CC=C6,615.6459829038376,5.009568943344587,29,6,4,4,1,39,14,-8.911844600528243,3.284690977794293,41.07731254068649,-9.619180601245969,28.32684844311649,99.0,1.0,19.009521219551456,0.3452594001170264,28.45069552438573,1.511899246490084,-51.305211297625036,51.467732420056315
Mavrilimumab_4,C1COCCN1CN2C3=C(C=C(C=C3)Br)C(=C2O)N=NC(=O)CN4C5=C(C=CC=N5)C=C(C4=O)C6=CC=CC=C6,609.8044356762485,4.156209557866222,29,6,4,4,1,39,14,-8.954492494669383,2.4539781256936983,27.66133710612049,-9.8442335998027,26.559009253678276,99.0,1.0,21.441021826680448,0.3373294286301661,34.48978858042897,0.9073116432082007,-42.47122350150404,54.076784213012324
Mavrilimumab_5,C1COCCN1CN2C3=C(C=C(C=C3)Br)C(=C2O)N=NC(=O)CN4C5=C(C=CC=N5)C=C(C4=O)C6=CC=CC=C6,586.6422297368666,4.8166624181336966,29,6,4,4,1,39,14,-9.227604265235115,3.1803077507188693,53.16857179410229,-10.065537273896943,24.57605479671421,99.0,1.0,16.547152643328513,0.4301070494825145,23.051015413484265,0.8124752690376168,-40.95593717518909,44.582892900600086
Mavrilimumab_6,C1COCCN1CN2C3=C(C=C(C=C3)Br)C(=C2O)N=NC(=O)CN4C5=C(C=CC=N5)C=C(C4=O)C6=CC=CC=C6,593.5109436942677,4.3003603040034495,29,6,4,4,1,39,14,-9.750888185707181,3.2401714050362784,56.42867011638182,-10.83510613979978,24.61528462942575,91.75315305692509,1.0,20.66817146977752,0.3891138025763165,41.17539943295428,1.3172498689186303,-50.46477839356268,62.43292105829044
Mavrilimumab_7,C1COCCN1CN2C3=C(C=C(C=C3)Br)C(=C2O)N=NC(=O)CN4C5=C(C=CC=N5)C=C(C4=O)C6=CC=CC=C6,582.2099751916037,4.81928780015228,29,6,4,4,1,39,14,-9.0938553051121,2.693661792789836,37.632528537357324,-9.990314988055326,23.747398349259555,99.0,1.0,16.796793895715773,0.27891156510310855,33.3414267277495,0.748983405906621,-48.067477425392276,57.051775078857574
Mavrilimumab_8,C1COCCN1CN2C3=C(C=C(C=C3)Br)C(=C2O)N=NC(=O)CN4C5=C(C=CC=N5)C=C(C4=O)C6=CC=CC=C6,612.9939163394139,4.271635017415373,29,6,4,4,1,39,14,-8.938788248524,3.2135283969301973,58.96704151273535,-9.879208015114177,26.395714632563745,99.0,1.0,19.812579640338107,0.31024909979112775,39.23701318604318,1.2825372591380333,-49.11905427131847,55.30861790719419
Mavrilimumab_9,C1COCCN1CN2C3=C(C=C(C=C3)Br)C(=C2O)N=NC(=O)CN4C5=C(C=CC=N5)C=C(C4=O)C6=CC=CC=C6,613.9220482857323,4.944805667036,29,6,4,4,1,39,14,-8.59793863538696,2.8313853635834185,29.09016768971362,-9.516941593254407,26.83639128335516,99.0,1.0,18.39492913267771,0.4352806123389954,36.16838372897253,0.5462608923582886,-49.216337395543256,48.85658797216889
Sarilumab_0,C1COCCN1CN2C3=C(C=C(C=C3)Br)C(=C2O)N=NC(=O)CN4C5=C(C=CC=N5)C=C(C4=O)C6=CC=CC=C6,596.1430677535254,4.515197639141909,29,6,4,4,1,39,14,-8.667928156965713,2.5218004987581724,31.477878708604585,-9.422898628542955,34.41107943723868,99.0,1.0,16.37673280379132,0.2880060196885813,29.702516612755005,1.2233425265877542,-35.64120467939519,52.752470081397476
Sarilumab_1,C1COCCN1CN2C3=C(C=C(C=C3)Br)C(=C2O)N=NC(=O)CN4C5=C(C=CC=N5)C=C(C4=O)C6=CC=CC=C6,589.3032377740191,4.106488083780526,29,6,4,4,1,39,14,-9.223026500136907,3.405126478788629,23.475391901317003,-10.3768298926118,21.32216985120221,99.0,1.0,21.997413363657323,0.341498829764193,36.317362842123046,0.4024802534197374,-47.59473194864781,56.285663865051454
Sarilumab_2,C1COCCN1CN2C3=C(C=C(C=C3)Br)C(=C2O)N=NC(=O)CN4C5=C(C=CC=N5)C=C(C4=O)C6=CC=CC=C6,595.2008266644186,4.622289473311172,29,6,4,4,1,39,14,-9.340266536143647,3.4395341150539496,29.505413801667054,-10.258100390887519,24.6118630271983,99.0,1.0,18.862190434638364,0.30300602797099674,28.911658134421252,0.3,-43.0233935953481,59.46882840248049
Sarilumab_3,C1COCCN1CN2C3=C(C=C(C=C3)Br)C(=C2O)N=NC(=O)CN4C5=C(C=CC=N5)C=C(C4=O)C6=CC=CC=C6,595.8489094093715,4.360487579057349,29,6,4,4,1,39,14,-8.819960277265004,2.0573879333793017,44.52595765085675,-10.045703877614597,27.8427514561106,99.0,1.0,19.455334405816494,0.3672492520509289,34.66593900506259,0.667282386287145,-40.11978617845207,52.29719696779973
Sarilumab_4,C1COCCN1CN2C3=C(C=C(C=C3)Br)C(=C2O)N=NC(=O)CN4C5=C(C=CC=N5)C=C(C4=O)C6=CC=CC=C6,602.57022163803,5.04894013128426,29,6,4,4,1,39,14,-9.56632969064987,2.5953129708132248,22.701332794422456,-10.632156230146268,20.0,99.0,1.0,18.517444282117328,0.4406758205107599,36.21791046705437,0.3332073011529543,-56.86286994436184,52.16191599072917
Sarilumab_5,C1COCCN1CN2C3=C(C=C(C=C3)Br)C(=C2O)N=NC(=O)CN4C5=C(C=CC=N5)C=C(C4=O)C6=CC=CC=C6,597.9221739181359,4.582475444417832,29,6,4,4,1,39,14,-8.38984725641585,2.933135293065904,43.08794109312965,-9.380107397654353,20.0,99.0,1.0,18.912334686128627,0.3536823234946132,30.85457527192596,0.5550172409350644,-48.98737535329102,51.708826490712106
Sarilumab_6,C1COCCN1CN2C3=C(C=C(C=C3)Br)C(=C2O)N=NC(=O)CN4C5=C(C=CC=N5)C=C(C4=O)C6=CC=CC=C6,609.726067509624,4.878674664894156,29,6,4,4,1,39,14,-8.968856087046136,3.494244483333506,23.848169511611843,-9.698275175174697,30.35836500700573,99.0,1.0,14.25814671854004,0.3306930474497698,31.682427460082536,1.1345049559477434,-45.669779009632414,57.37430541471861
Sarilumab_7,C1COCCN1CN2C3=C(C=C(C=C3)Br)C(=C2O)N=NC(=O)CN4C5=C(C=CC=N5)C=C(C4=O)C6=CC=CC=C6,592.1775396299237,4.69872334105673,29,6,4,4,1,39,14,-9.125886686881444,2.6370161007517874,60.70863955195892,-10.059088234899733,20.0,99.0,1.0,16.345795341522262,0.4082712675853639,37.46528704649183,0.5514554372042613,-36.3366787504129,52.54626741649983
Sarilumab_8,C1COCCN1CN2C3=C(C=C(C=C3)Br)C(=C2O)N=NC(=O)CN4C5=C(C=CC=N5)C=C(C4=O)C6=CC=CC=C6,587.6733479958544,4.7925773793969055,29,6,4,4,1,39,14,-8.945900474554668,2.928773763601625,33.66318928976877,-9.816629896365193,20.530055985761585,99.0,1.0,16.1749315017718,0.42119027511951634,38.36277912338992,0.571318953618799,-37.54036393026312,46.67019084319496
Sarilumab_9,C1COCCN1CN2C3=C(C=C(C=C3)Br)C(=C2O)N=NC(=O)CN4C5=C(C=CC=N5)C=C(C4=O)C6=CC=CC=C6,583.1287974901983,4.937825719923601,29,6,4,4,1,39,14,-8.419783178958468,3.4400217635135055,55.09545214685805,-9.205279734984115,20.501137086111925,99.0,1.0,18.260778414684722,0.3782437201073569,38.768744652808756,1.1162167040598288,-39.49904626176283,45.99037278115442
Vancomycin_0,CC1C(C(CC(O1)OC2C(C(C(OC2OC3=C4C=C5C=C3OC6=C(C=C(C=C6)C(C(C(=O)NC(C(=O)NC5C(=O)NC7C8=CC(=C(C=C8)O)C9=C(C=C(C=C9O)O)C(NC(=O)C(C(C1=CC(=C(O4)C=C1)Cl)O)NC7=O)C(=O)O)CC(=O)N)NC(=O)C(CC(C)C)NC)O)Cl)CO)O)O)(C)N)O,1432.4880635792774,-2.771642214866981,68,9,24,6,1,101,23,-9.774436139547358,0.6793704335839892,47.963220049309136,-11.033364237891732,20.0,52.410349229720254,1.0,16.496235437679957,0.5,50.0,0.8127874311495653,-60.0,57.364576767240145
Vancomycin_1,CC1C(C(CC(O1)OC2C(C(C(OC2OC3=C4C=C5C=C3OC6=C(C=C(C=C6)C(C(C(=O)NC(C(=O)NC5C(=O)NC7C8=CC(=C(C=C8)O)C9=C(C=C(C=C9O)O)C(NC(=O)C(C(C1=CC(=C(O4)C=C1)Cl)O)NC7=O)C(=O)O)CC(=O)N)NC(=O)C(CC(C)C)NC)O)Cl)CO)O)O)(C)N)O,1433.0821652393352,-2.6673398923092835,68,9,24,6,1,101,23,-10.156565150520816,0.4473222565381848,53.880947847000286,-10.982618130387133,20.0,52.35912791909769,1.0,18.00077621107824,0.438451075159737,50.0,1.2004033380319583,-60.0,58.31674428586333
Vancomycin_2,CC1C(C(CC(O1)OC2C(C(C(OC2OC3=C4C=C5C=C3OC6=C(C=C(C=C6)C(C(C(=O)NC(C(=O)NC5C(=O)NC7C8=CC(=C(C=C8)O)C9=C(C=C(C=C9O)O)C(NC(=O)C(C(C1=CC(=C(O4)C=C1)Cl)O)NC7=O)C(=O)O)CC(=O)N)NC(=O)C(CC(C)C)NC)O)Cl)CO)O)O)(C)N)O,1464.3906775163828,-2.6596870242480946,68,9,24,6,1,101,23,-10.027173657489344,-0.18273783598050902,50.82868522447636,-10.79531202427611,20.0,45.00193773872516,1.0,18.76769081144227,0.46710209361672445,50.0,0.5260251345939838,-59.98317736091268,61.86981590769681
Vancomycin_3,CC1C(C(CC(O1)OC2C(C(C(OC2OC3=C4C=C5C=C3OC6=C(C=C(C=C6)C(C(C(=O)NC(C(=O)NC5C(=O)NC7C8=CC(=C(C=C8)O)C9=C(C=C(C=C9O)O)C(NC(=O)C(C(C1=CC(=C(O4)C=C1)Cl)O)NC7=O)C(=O)O)CC(=O)N)NC(=O)C(CC(C)C)NC)O)Cl)CO)O)O)(C)N)O,1451.3782091146657,-2.468067037148556,68,9,24,6,1,101,23,-10.457812482614395,0.36894887503854124,73.88666073431854,-11.429651571145468,20.0,59.42591886323525,1.0,13.741058027959076,0.5,50.0,0.8553335614313222,-60.0,63.31705268169895
Vancomycin_4,CC1C(C(CC(O1)OC2C(C(C(OC2OC3=C4C=C5C=C3OC6=C(C=C(C=C6)C(C(C(=O)NC(C(=O)NC5C(=O)NC7C8=CC(=C(C=C8)O)C9=C(C=C(C=C9O)O)C(NC(=O)C(C(C1=CC(=C(O4)C=C1)Cl)O)NC7=O)C(=O)O)CC(=O)N)NC(=O)C(CC(C)C)NC)O)Cl)CO)O)O)(C)N)O,1430.2513908935043,-2.6493789520697244,68,9,24,6,1,101,23,-10.178673661423959,0.6536320185591893,43.32325030265663,-10.901906116003527,20.0,63.69215606865018,1.0,13.943819775909985,0.5,50.0,0.6387273071320889,-58.324786777498275,62.44339622514204
Vancomycin_5,CC1C(C(CC(O1)OC2C(C(C(OC2OC3=C4C=C5C=C3OC6=C(C=C(C=C6)C(C(C(=O)NC(C(=O)NC5C(=O)NC7C8=CC(=C(C=C8)O)C9=C(C=C(C=C9O)O)C(NC(=O)C(C(C1=CC(=C(O4)C=C1)Cl)O)NC7=O)C(=O)O)CC(=O)N)NC(=O)C(CC(C)C)NC)O)Cl)CO)O)O)(C)N)O,1461.8234792206308,-2.472554390183058,68,9,24,6,1,101,23,-10.657832842700186,0.4525500390283992,65.0430435171628,-11.64782700713698,20.0,45.80046411487816,1.0,14.168882664672172,0.4457429228418833,50.0,1.1423071483631229,-60.0,69.97737803948343
Vancomycin_6,CC1C(C(CC(O1)OC2C(C(C(OC2OC3=C4C=C5C=C3OC6=C(C=C(C=C6)C(C(C(=O)NC(C(=O)NC5C(=O)NC7C8=CC(=C(C=C8)O)C9=C(C=C(C=C9O)O)C(NC(=O)C(C(C1=CC(=C(O4)C=C1)Cl)O)NC7=O)C(=O)O)CC(=O)N)NC(=O)C(CC(C)C)NC)O)Cl)CO)O)O)(C)N)O,1457.1439314690815,-2.557053415428159,68,9,24,6,1,101,23,-9.520378681735842,0.7780949117479414,68.85792485184473,-10.514545058395953,20.0,57.2326810478076,1.0,13.817389954445666,0.5,50.0,1.2835086062285197,-60.0,55.71882661604247
Vancomycin_7,CC1C(C(CC(O1)OC2C(C(C(OC2OC3=C4C=C5C=C3OC6=C(C=C(C=C6)C(C(C(=O)NC(C(=O)NC5C(=O)NC7C8=CC(=C(C=C8)O)C9=C(C=C(C=C9O)O)C(NC(=O)C(C(C1=CC(=C(O4)C=C1)Cl)O)NC7=O)C(=O)O)CC(=O)N)NC(=O)C(CC(C)C)NC)O)Cl)CO)O)O)(C)N)O,1455.28455914495,-3.0472166494843087,68,9,24,6,1,101,23,-10.519971198548916,0.8601444287190421,53.95748251840785,-11.31076999317769,20.0,48.91787883133344,1.0,14.664426754461127,0.478899705164546,50.0,0.8814044147678974,-60.0,67.9559603849638
Vancomycin_8,CC1C(C(CC(O1)OC2C(C(C(OC2OC3=C4C=C5C=C3OC6=C(C=C(C=C6)C(C(C(=O)NC(C(=O)NC5C(=O)NC7C8=CC(=C(C=C8)O)C9=C(C=C(C=C9O)O)C(NC(=O)C(C(C1=CC(=C(O4)C=C1)Cl)O)NC7=O)C(=O)O)CC(=O)N)NC(=O)C(CC(C)C)NC)O)Cl)CO)O)O)(C)N)O,1438.4851440841244,-3.052387621572512,68,9,24,6,1,101,23,-9.790407304027564,0.5737551161959658,64.63867276901209,-10.625926508803108,20.0,47.5502245022552,1.0,14.993711509988394,0.5,50.0,1.0937305484062885,-60.0,59.66792195564754
Vancomycin_9,CC1C(C(CC(O1)OC2C(C(C(OC2OC3=C4C=C5C=C3OC6=C(C=C(C=C6)C(C(C(=O)NC(C(=O)NC5C(=O)NC7C8=CC(=C(C=C8)O)C9=C(C=C(C=C9O)O)C(NC(=O)C(C(C1=CC(=C(O4)C=C1)Cl)O)NC7=O)C(=O)O)CC(=O)N)NC(=O)C(CC(C)C)NC)O)Cl)CO)O)O)(C)N)O,1451.8662431040825,-2.8284010764196026,68,9,24,6,1,101,23,-10.378848180846532,0.13711480712458157,46.261656069937345,-11.484486841199711,20.0,63.150764968604385,1.0,16.65918039106757,0.4916878963839585,50.0,0.849703432789735,-58.04291497658669,58.97997104562508
Valdecoxib_0,CC1=C(C(=NO1)C2=CC=CC=C2)C3=CC=C(C=C3)S(=O)(=O)N,332.2846601294551,2.458532683369844,16,2,3,4,1,21,10,-8.13830929698397,2.2758532499911333,35.85519846188145,-9.380723878966302,55.24873907623991,62.52269373696479,4.08336435757141,10.141004052370043,0.3000792924467578,29.747123348664864,0.8859991413252647,-31.722408304024604,66.15548788918487
Valdecoxib_1,CC1=C(C(=NO1)C2=CC=CC=C2)C3=CC=C(C=C3)S(=O)(=O)N,329.16188409907267,2.7433243136757883,16,2,3,4,1,21,10,-8.130868692994623,1.8551667650838077,17.507330412455524,-9.418407960968388,53.49242748525977,87.16727298123715,1.0,11.197135296138011,0.42113565847439705,25.527350711914178,0.897966743012806,-40.77172232923315,56.24966313175638
Valdecoxib_2,CC1=C(C(=NO1)C2=CC=CC=C2)C3=CC=C(C=C3)S(=O)(=O)N,331.61923278319466,2.726301094773866,16,2,3,4,1,21,10,-8.26412801477357,1.6032471422915413,41.39298803692212,-9.023625826604176,48.968909369036524,92.740432541876,1.0,12.698569506527502,0.3034060648667568,33.52601120879925,0.4234136811896345,-32.54525879973054,61.03622413505551
Valdecoxib_3,CC1=C(C(=NO1)C2=CC=CC=C2)C3=CC=C(C=C3)S(=O)(=O)N,325.70483156308035,2.763810105250283,16,2,3,4,1,21,10,-8.045933554606352,2.6941570867592057,27.042993973660593,-9.199671858756716,51.66698715080628,87.48483892090309,1.0,9.961541813615828,0.5,22.110805284500017,1.2420441597976082,-40.36348806199447,50.74097090535123
Valdecoxib_4,CC1=C(C(=NO1)C2=CC=CC=C2)C3=CC=C(C=C3)S(=O)(=O)N,332.62621700966133,3.027069116051185,16,2,3,4,1,21,10,-8.94481246432138,2.0889967623575565,42.96806130723459,-10.196934236385706,54.72638466108804,73.31225504040468,1.0,11.453026998476814,0.34506061451019565,35.74655300468328,0.6011722747040718,-35.13212751658338,68.43155317980373
Valdecoxib_5,CC1=C(C(=NO1)C2=CC=CC=C2)C3=CC=C(C=C3)S(=O)(=O)N,317.52562695048476,2.1525868602143774,16,2,3,4,1,21,10,-8.31367210044576,1.7153702269918119,28.19458023717257,-9.348885433012684,53.430689327478646,74.26027659360567,1.0,13.821750006355433,0.39758978628607755,29.126753538318983,1.0609659804402962,-37.669850285112226,62.92689412863987
Valdecoxib_6,CC1=C(C(=NO1)C2=CC=CC=C2)C3=CC=C(C=C3)S(=O)(=O)N,326.7247501994128,2.7120009375568683,16,2,3,4,1,21,10,-8.302970701756907,2.3241981239948832,50.65527560442705,-9.052780663448065,68.98294448071275,82.51652610222068,1.3499683517267793,13.643756063349842,0.41241443331717786,26.13516922044298,0.9238902963415673,-45.982625461767526,58.75859416682879
Valdecoxib_7,CC1=C(C(=NO1)C2=CC=CC=C2)C3=CC=C(C=C3)S(=O)(=O)N,315.4949315988336,2.340684909223341,16,2,3,4,1,21,10,-8.209853987227302,2.0766979356658686,43.56420665843086,-9.129542246697175,56.0860510807948,89.47395658284984,1.0,13.218772103753157,0.5,26.443466400619045,0.49598629296509755,-41.02084119666996,55.741814882272095
Valdecoxib_8,CC1=C(C(=NO1)C2=CC=CC=C2)C3=CC=C(C=C3)S(=O)(=O)N,297.3424411591086,2.5984418404349947,16,2,3,4,1,21,10,-9.059542496699867,2.2131784184763927,50.527034415805744,-9.822807694973438,60.050974280271504,89.20467833401416,1.0,12.972106256095849,0.401942335969679,27.00663465117053,0.32795623732136103,-45.372039532734775,58.54064703517223
Valdecoxib_9,CC1=C(C(=NO1)C2=CC=CC=C2)C3=CC=C(C=C3)S(=O)(=O)N,327.52434037073226,2.8915410063332003,16,2,3,4,1,21,10,-8.66147137207509,2.2493324081274517,30.80080121885326,-9.593606814501737,43.42495780246455,78.04728331196104,1.214693628102945,9.313692102784659,0.3455566324264294,25.111053517882986,0.7967540357627773,-30.620292623123625,59.81233854698527
Plerixafor_0,C1CNCCNCCCN(CCNC1)CC2=CC=C(C=C2)CN3CCCNCCNCCCNCC3,503.6749189105959,0.3174476505069532,28,8,0,4,1,36,3,-9.543908435593263,1.9508819337874277,37.61882458967759,-10.273707155592229,20.54626814260577,61.390528476146216,3.3584118467404163,10.537476376872768,0.35464674288224607,34.43708906438673,0.7644291793084366,-47.00628099519683,58.29259375957276
Plerixafor_1,C1CNCCNCCCN(CCNC1)CC2=CC=C(C=C2)CN3CCCNCCNCCCNCC3,505.7350715200623,0.338502525323637,28,8,0,4,1,36,3,-8.529664038193603,1.2911615683366677,28.216345460430684,-9.757250957485859,21.24177430546883,53.42285211645276,1.0,7.4266354195446915,0.37066645942884574,31.851726324990025,0.5867904907435266,-45.11216506519036,57.70584930712836
Plerixafor_2,C1CNCCNCCCN(CCNC1)CC2=CC=C(C=C2)CN3CCCNCCNCCCNCC3,511.049126798319,0.49391198823178206,28,8,0,4,1,36,3,-9.303474265940931,0.696777655881198,43.7549859025446,-10.200122765896403,24.887632652178098,65.86072140385858,4.2078621242858905,10.43625358803532,0.39500468572254954,35.640283164074624,0.5103309578237352,-53.72522332546513,59.35128471338717
Plerixafor_3,C1CNCCNCCCN(CCNC1)CC2=CC=C(C=C2)CN3CCCNCCNCCCNCC3,491.3488461128807,0.16689527087034228,28,8,0,4,1,36,3,-9.251317358292496,0.5515445438252916,53.13639526587694,-10.380539411128906,22.49340354825269,45.15309130839011,1.0,7.3150889102447705,0.28485157741169365,37.3446383147915,0.4296737514863783,-48.94696971970841,68.97089726730016
Plerixafor_4,C1CNCCNCCCN(CCNC1)CC2=CC=C(C=C2)CN3CCCNCCNCCCNCC3,504.3767277101387,-0.07269395676551005,28,8,0,4,1,36,3,-9.225480098746173,1.8516968589292577,20.693827458132436,-10.013655701476267,33.81517781055734,63.287523328546435,1.0,6.571996085761155,0.32945449831888807,28.062637903841654,1.250055639236268,-45.81207081990234,61.60034313874532
Plerixafor_5,C1CNCCNCCCN(CCNC1)CC2=CC=C(C=C2)CN3CCCNCCNCCCNCC3,500.7635182867431,-0.14416962133233913,28,8,0,4,1,36,3,-9.67906496034208,1.34028883135135,30.214655932488885,-10.841010485118057,29.721237999904435,63.9667671185039,7.041793400994406,10.291626625629803,0.42994281273759366,30.597709204668607,0.6359854846072075,-51.620284599263286,57.20954585520932
Plerixafor_6,C1CNCCNCCCN(CCNC1)CC2=CC=C(C=C2)CN3CCCNCCNCCCNCC3,499.8027269446403,0.42478590971401364,28,8,0,4,1,36,3,-9.243339565058987,1.9496522151264795,34.57605799930246,-10.506005061467642,22.80875054873646,62.95560694900488,1.0,7.122113827314486,0.2684987345033906,29.064479852107112,0.5460978304409492,-43.64302451884293,64.96934796890739
Plerixafor_7,C1CNCCNCCCN(CCNC1)CC2=CC=C(C=C2)CN3CCCNCCNCCCNCC3,511.9700789251366,-0.4642890509718569,28,8,0,4,1,36,3,-8.470466823343516,0.9010063436174964,22.584973570025348,-9.293196248436963,26.842855335299696,47.99600866718599,2.863561101523571,7.935577924140051,0.3043496519856229,28.05974878287335,0.6163846219030586,-42.66674486829843,64.50846482779585
Plerixafor_8,C1CNCCNCCCN(CCNC1)CC2=CC=C(C=C2)CN3CCCNCCNCCCNCC3,512.3972500588163,0.161821597989107,28,8,0,4,1,36,3,-8.767745033517043,1.2187540210931627,27.51267420840739,-9.99563010864972,21.02539884532239,55.03631066819438,1.0,8.417282230298003,0.3654251509603343,33.01627973148615,0.7326629013797918,-46.50390848257144,61.988548317026655
Plerixafor_9,C1CNCCNCCCN(CCNC1)CC2=CC=C(C=C2)CN3CCCNCCNCCCNCC3,492.56957872352706,0.4035829853016417,28,8,0,4,1,36,3,-9.460915432307909,1.5281099345604816,41.416092229899974,-10.618741614755015,24.94677704857718,58.59425230548538,4.921052272699426,10.1402910636066,0.33514440712700766,32.85689091983111,0.8772586284193766,-44.57200456347049,58.01518177594259
Abacavir_0,C1CC1NC2=C3C(=NC(=N2)N)N(C=N3)C4CC(C=C4)CO,294.46940441986266,0.5367550236133876,14,6,1,4,1,21,5,-8.069249121384923,1.784242709667316,47.3700288611212,-9.156298417166099,46.6510122082992,56.90456479166362,6.142056228353267,5.83534424962809,0.3224152350535267,25.601161027690324,0.4450177868596425,-42.566807660107884,69.23733262678248
Abacavir_1,C1CC1NC2=C3C(=NC(=N2)N)N(C=N3)C4CC(C=C4)CO,294.6321342367728,1.1340042545436844,14,6,1,4,1,21,5,-9.139421552916932,1.8178130446861385,51.28959666986878,-10.169819917255673,54.20612529484505,48.41902780094262,3.127875608572742,7.70686780347291,0.3831483433070562,21.533727992182577,0.9208549197331011,-44.92688745510403,63.787359996683094
Abacavir_2,C1CC1NC2=C3C(=NC(=N2)N)N(C=N3)C4CC(C=C4)CO,285.6702829831066,1.2327230977971464,14,6,1,4,1,21,5,-8.348186580430726,1.2465079690194556,34.48231942035135,-9.635113210573373,48.6192575571263,73.05173954239734,7.338969525125667,8.191295219748858,0.30333972521941804,29.850020012392264,0.3,-34.47246906247606,66.8809634059282
Abacavir_3,C1CC1NC2=C3C(=NC(=N2)N)N(C=N3)C4CC(C=C4)CO,287.3773124041944,0.5370626959741795,14,6,1,4,1,21,5,-8.077827711212736,1.0115371829005038,54.81941220451907,-9.025166633649082,49.746744063610194,90.21919929448845,10.330101724249014,8.781387401425835,0.3210264423366069,25.75521644477511,0.6521713862854474,-33.450756608436876,58.69477115711132
Abacavir_4,C1CC1NC2=C3C(=NC(=N2)N)N(C=N3)C4CC(C=C4)CO,288.17365301185566,1.357813182753358,14,6,1,4,1,21,5,-8.779129888872244,0.9369914665479986,23.87835341199687,-10.060464738359794,47.61336341817372,64.94650106688651,8.548209585805285,7.273021016149787,0.3471222533080472,25.993962027086994,1.0701982917942439,-45.90243590489778,62.02729845902415
Abacavir_5,C1CC1NC2=C3C(=NC(=N2)N)N(C=N3)C4CC(C=C4)CO,284.6385620599293,1.0428236882754316,14,6,1,4,1,21,5,-9.041466918895159,2.0751783020841676,29.88642278178667,-10.008848494398112,58.496454095087,52.298950930693884,9.311287448449711,4.3685666476771186,0.3867435984526269,23.772658518727976,0.5490698803764431,-39.66761888984327,66.96132698305523
Abacavir_6,C1CC1NC2=C3C(=NC(=N2)N)N(C=N3)C4CC(C=C4)CO,299.58812936981417,1.24961118651108,14,6,1,4,1,21,5,-8.074555696462651,2.156695637828493,38.47076854279737,-8.906352747887556,48.603640592286446,71.12057166013797,7.994015513361855,7.450811589716098,0.3799814344886978,22.792909018675015,0.6485360776005155,-33.75101191673769,57.23221071435109
Abacavir_7,C1CC1NC2=C3C(=NC(=N2)N)N(C=N3)C4CC(C=C4)CO,292.36874287629877,0.7983553219659091,14,6,1,4,1,21,5,-8.869065464949289,1.328791776895777,18.79904110559682,-9.717230899000343,51.50833500875454,68.17336804135797,7.0064265808445905,8.913250378979404,0.3935658502742137,28.05224205884221,1.2618448984707904,-36.30813911494229,59.43848101907771
Abacavir_8,C1CC1NC2=C3C(=NC(=N2)N)N(C=N3)C4CC(C=C4)CO,297.1363809234461,0.6229774747876814,14,6,1,4,1,21,5,-8.045203942772936,1.236057283856573,37.47566939320659,-9.17982272076322,52.65318301976885,52.60568051000416,7.656622126399529,6.382741158597121,0.5,22.90341237449367,0.7671818032020152,-41.80469689236358,60.265094867445
Abacavir_9,C1CC1NC2=C3C(=NC(=N2)N)N(C=N3)C4CC(C=C4)CO,295.64730488070086,0.6341686861966425,14,6,1,4,1,21,5,-8.844268622410512,1.1651845366579965,55.25648622760981,-9.57299429553199,50.04487102767624,78.97779773280686,7.996623498505268,8.65492163251985,0.4101696775120408,32.019689257559214,1.2207547568852057,-38.42872587827693,60.836996394217095
"2',3'-Dideoxy-3'-thiacytidine_0",C1C(OC(S1)CO)N2C=CC(=NC2=O)N,245.19090657970213,-0.42901594212312943,8,3,3,4,1,14,3,-8.336900386172607,0.42095201856783954,34.81581769339222,-9.363463945764458,50.423139944458235,54.4743617216357,14.25017783181621,5.313941789403251,0.31248683943303973,27.703829862924245,1.5149118840003677,-33.026810045030956,64.80796502772593
"2',3'-Dideoxy-3'-thiacytidine_1",C1C(OC(S1)CO)N2C=CC(=NC2=O)N,227.72115834160206,-1.0947356983925642,8,3,3,4,1,14,3,-8.781142009010484,1.657871195188527,47.88432000127636,-9.918642724806508,54.49048838197467,33.53653671678345,11.826334625237552,0.5,0.3314838478009125,26.118466081859957,1.0125609124156147,-38.36999955836457,69.03590686014374
"2',3'-Dideoxy-3'-thiacytidine_2",C1C(OC(S1)CO)N2C=CC(=NC2=O)N,231.92406870161957,-0.6760321262264831,8,3,3,4,1,14,3,-8.11347731382134,0.5193889257239018,30.95277498879195,-8.818405500648582,56.64039313906876,38.70114138795752,11.265557449617768,0.5,0.35196050764785813,19.198935523431235,0.9180870129158262,-40.709449488997684,64.7100625104044
"2',3'-Dideoxy-3'-thiacytidine_3",C1C(OC(S1)CO)N2C=CC(=NC2=O)N,237.04489149761906,-1.0181609034388734,8,3,3,4,1,14,3,-8.407774579979026,0.7722369398633409,18.513555561954544,-9.393461215753334,52.919071196288286,21.838252558113183,17.12823894150123,4.506198033810816,0.39271551034125524,21.120993532402053,1.0079143023040276,-40.652899941020515,65.94778950776202
"2',3'-Dideoxy-3'-thiacytidine_4",C1C(OC(S1)CO)N2C=CC(=NC2=O)N,238.4083699390141,-0.6387884848345261,8,3,3,4,1,14,3,-7.97874843439943,1.4930762854641917,39.1455335615575,-9.065913453630912,53.83707914008665,41.66946403726408,13.580608765087216,4.5324460143563625,0.4350040035013865,24.802857806819844,0.6338537527013454,-35.13684311876877,67.04304077158815
"2',3'-Dideoxy-3'-thiacytidine_5",C1C(OC(S1)CO)N2C=CC(=NC2=O)N,226.32501493905576,-1.0651721484446495,8,3,3,4,1,14,3,-8.936159032315912,1.195166590458449,23.217647456746327,-9.993617578812223,60.380890427563116,46.13722800589649,10.626855239666927,0.9557084892456316,0.33065273783727006,33.49154141242046,0.8940294386069577,-37.4350969474587,66.8081277222447
"2',3'-Dideoxy-3'-thiacytidine_6",C1C(OC(S1)CO)N2C=CC(=NC2=O)N,228.95690757594377,-0.5436466511864914,8,3,3,4,1,14,3,-8.628450177156257,1.3735746398353255,15.507311337808405,-9.346810109616545,56.63547545722196,51.493728313616494,11.305551860605167,5.841681167946735,0.3350262867055575,29.175215151335927,1.0012681379827895,-46.95902647985664,64.17256279103242
"2',3'-Dideoxy-3'-thiacytidine_7",C1C(OC(S1)CO)N2C=CC(=NC2=O)N,222.2261761184869,-0.8981018195973354,8,3,3,4,1,14,3,-8.56478838041304,0.7436897729218408,24.494646561404632,-9.619582793137722,44.71780733563948,59.00892669574958,13.401457598289737,2.4788871953733755,0.34669542761736577,17.497167837654626,0.4803959111041152,-31.334569597276744,59.6311261205853
"2',3'-Dideoxy-3'-thiacytidine_8",C1C(OC(S1)CO)N2C=CC(=NC2=O)N,226.59277960931587,-0.8526222465002538,8,3,3,4,1,14,3,-8.715860549286845,0.5482678252754076,43.333015485901555,-9.687593757443876,60.35728165815613,43.73951222012141,14.498460694139814,2.4325431141938525,0.4694071575985991,28.146344498495314,0.9151124997929831,-37.36146827276562,67.81313368760594
"2',3'-Dideoxy-3'-thiacytidine_9",C1C(OC(S1)CO)N2C=CC(=NC2=O)N,229.20497853065132,-0.7915089134363832,8,3,3,4,1,14,3,-7.873105205062767,0.33478687700007026,47.76221616745328,-9.13730221165327,56.540389235569236,49.275026091990384,11.533295405955846,6.578505975255985,0.4439866010261581,23.68162895069094,1.3670340333901712,-26.07684822028854,58.00646066385179
Emtricitabine_0,C1C(OC(S1)CO)N2C=C(C(=NC2=O)N)F,234.04985186992005,-0.19486612515581425,8,3,3,4,1,14,3,-9.126661102382577,0.902176511418558,30.350002836768887,-10.424531707263714,50.52479634428843,49.62771820635915,15.838303272152729,3.9290627044345405,0.28191577701790127,25.5335632656825,0.6347788711651527,-35.68028862305758,71.36974581161465
Emtricitabine_1,C1C(OC(S1)CO)N2C=C(C(=NC2=O)N)F,252.60893633761768,-0.9853521969778235,8,3,3,4,1,14,3,-8.080965524435793,1.7843806112110048,15.237419546197632,-9.222875498150051,59.65075174083261,56.20525840634158,14.880732850974194,2.5524314797245733,0.4068659914611918,31.938090871726875,0.6893567511871803,-26.825170639107682,61.89186815256741
Emtricitabine_2,C1C(OC(S1)CO)N2C=C(C(=NC2=O)N)F,235.40277974866046,-0.7754357157445236,8,3,3,4,1,14,3,-8.951564681615451,1.3810145386387773,41.17837550469621,-10.15850851785285,48.86597714258248,37.033621951435386,8.823791053401646,2.3888242680883636,0.392746424684292,28.67314036656039,0.4104597769566475,-37.54645335542153,63.642622309882185
Emtricitabine_3,C1C(OC(S1)CO)N2C=C(C(=NC2=O)N)F,252.1493327611615,-0.6240169451394529,8,3,3,4,1,14,3,-7.790695030331509,1.3225477051242518,25.691711385113102,-8.601585090955858,55.439177045070004,46.41728838917842,4.95003273733087,5.7837277228469475,0.407712092725122,24.08611709141097,0.4521909660766969,-28.615934229652222,60.27193242382455
Emtricitabine_4,C1C(OC(S1)CO)N2C=C(C(=NC2=O)N)F,238.92638455161375,-0.6103099578391185,8,3,3,4,1,14,3,-8.949044897571579,0.6527333550126255,45.089875223374364,-9.729820310315883,53.703752712772555,51.9561084951136,12.425821772821621,3.786788282447878,0.4422308228722038,18.8136434710886,1.158985186326034,-35.184468096848555,61.7850657855385
Emtricitabine_5,C1C(OC(S1)CO)N2C=C(C(=NC2=O)N)F,233.15573970548635,-1.073661298251448,8,3,3,4,1,14,3,-7.945651556963075,1.0073805996887288,24.697954104016194,-9.036193365066625,57.87864713820065,45.12624113244932,9.820128918049651,0.5,0.4016777622307811,32.94557314630524,1.084588580200733,-36.29722601052344,63.280149971237364
Emtricitabine_6,C1C(OC(S1)CO)N2C=C(C(=NC2=O)N)F,263.10941090569986,-0.9531281241667926,8,3,3,4,1,14,3,-9.264884713631092,0.7183062734868346,51.88671027744904,-9.967352948175263,50.18882065993412,49.66533267093567,11.498975717780299,2.208528139203411,0.45081108611405823,18.11566877144663,1.0522552272767194,-41.06552699111203,65.67772773590495
Emtricitabine_7,C1C(OC(S1)CO)N2C=C(C(=NC2=O)N)F,229.8462678485868,-0.711838552039683,8,3,3,4,1,14,3,-8.124601981177793,0.46097799071102263,20.530535969196492,-9.117051601017254,53.998072996241106,42.81004379905671,6.255168092424427,2.044671203251812,0.3713619907496891,25.264985911423796,0.3,-36.68446643993217,67.34056502749874
Emtricitabine_8,C1C(OC(S1)CO)N2C=C(C(=NC2=O)N)F,254.86573354374735,-0.9545771409045601,8,3,3,4,1,14,3,-7.998611763810967,0.6449844199371679,39.66862492659962,-9.258157444088758,63.83219113867726,42.995400664758535,10.655572102015718,3.7872291212495366,0.33229894494875195,28.45722892837942,0.3,-38.149742907137245,72.35900217307412
Emtricitabine_9,C1C(OC(S1)CO)N2C=C(C(=NC2=O)N)F,246.42784914948024,-0.1656243203595792,8,3,3,4,1,14,3,-8.666732506934109,1.6383462899233072,42.94636163859422,-9.877521871520091,50.82327845805683,45.72860559780168,13.845560645681482,6.857142769713182,0.23638782888224,24.508555607068242,0.3459431935690064,-25.957987101087582,69.7354066818184
CID 50599_0,C1CC(OC1CO)N2C=NC3=C2NC=NC3=O,243.01983229702554,-0.7587783649047094,10,4,3,4,1,17,4,-8.20082327232188,0.5110370410577287,51.55411742772225,-9.454779564074727,59.79964586550379,50.37210448142649,19.38155226213269,2.663781670315398,0.38106264772896664,22.680662308807417,0.8038341754494033,-42.26272775167436,63.86277548500547
CID 50599_1,C1CC(OC1CO)N2C=NC3=C2NC=NC3=O,251.58673585737114,-1.1912597105698581,10,4,3,4,1,17,4,-8.949004293844002,0.9116543746812267,52.02928068681335,-9.961942191019476,47.92501702556901,59.13667571268465,17.470651207885144,4.859214396909689,0.35133225589064165,24.668000793699758,0.45706689769881736,-37.55144517055393,65.13789991131465
CID 50599_2,C1CC(OC1CO)N2C=NC3=C2NC=NC3=O,250.50935222845501,-1.1538454087928036,10,4,3,4,1,17,4,-8.804742176745012,0.6913566041939516,33.451710515208006,-9.560982701201183,51.12760206091303,46.56948972198876,18.11335369619134,2.7560904373800215,0.37386821176562796,23.821902481932057,1.3943701249731912,-41.31338422166517,62.283932400491764
CID 50599_3,C1CC(OC1CO)N2C=NC3=C2NC=NC3=O,238.36959722001734,-1.6115442593144635,10,4,3,4,1,17,4,-8.457476195202448,0.26173551077792057,30.461143054016965,-9.317114322362478,59.18842827130497,41.51420768184234,14.320855692674437,0.5745659640140264,0.3459761607355718,24.199975298731133,0.891130710488466,-31.678144676624115,71.59728901434913
CID 50599_4,C1CC(OC1CO)N2C=NC3=C2NC=NC3=O,220.45468181046942,-0.9677597497941108,10,4,3,4,1,17,4,-8.934255739644076,1.0030743153240262,41.18367075425148,-9.694969083827623,55.20396265991315,48.11475067469008,10.767657123146895,2.9384725850125375,0.43962471637610123,22.920001496652553,0.8921212057820295,-41.199605206206414,55.47024108756607
CID 50599_5,C1CC(OC1CO)N2C=NC3=C2NC=NC3=O,223.53555902807193,-1.583754247310062,10,4,3,4,1,17,4,-8.32152971582635,0.4979861050970008,40.81736806214204,-9.286123180268245,51.97420088617339,53.78406672724346,9.517761985508345,4.262129621101406,0.33350854787620215,21.42036032139346,0.7453308348172973,-34.005784114028245,66.22758352245594
CID 50599_6,C1CC(OC1CO)N2C=NC3=C2NC=NC3=O,246.48935396399665,-1.33108562664638,10,4,3,4,1,17,4,-9.097598632730039,1.2648977232950323,27.814894947986566,-10.002680187802019,51.971386699020144,34.18040499287058,13.397973162809791,2.1005244246384778,0.3643291939715315,20.550457018986442,0.3989331304012695,-51.11258216449467,67.9721879048185
CID 50599_7,C1CC(OC1CO)N2C=NC3=C2NC=NC3=O,246.08224677950437,-1.2031226083132043,10,4,3,4,1,17,4,-8.91275792891437,0.6542180854505999,31.654177659607456,-9.87442266121681,49.7162444708353,43.46365167199176,12.351710527492028,0.5,0.29443460401324595,26.849172999862468,1.460121879367661,-35.38764100216124,67.34406207940923
CID 50599_8,C1CC(OC1CO)N2C=NC3=C2NC=NC3=O,238.9456219322162,-0.8648738366567958,10,4,3,4,1,17,4,-8.532796688500254,1.059402622769674,32.95285137681189,-9.558129077740869,58.48065496079901,42.34813167380491,14.100525731376155,0.5,0.32900722102724334,22.567505315825443,0.9357116805842086,-40.37414694856981,63.9885287465204
CID 50599_9,C1CC(OC1CO)N2C=NC3=C2NC=NC3=O,216.97898855177561,-0.9887727185294976,10,4,3,4,1,17,4,-8.128778307729696,1.164104154578997,17.180863325644864,-8.877417461863399,47.948415036987384,19.094012116795007,11.981487079346511,0.8197338911490066,0.3841172800980706,36.89232342615594,1.102110889898992,-23.085312434001345,68.55571646591342
Stavudine_0,CC1=CN(C(=O)NC1=O)C2C=CC(O2)CO,210.4807774934001,-0.44709291227458514,10,2,4,4,1,16,4,-8.888591452929482,0.4065379961001652,37.29377769783203,-9.847574743468018,51.697063159784605,48.50966956559439,8.743799360986564,4.85196224938286,0.44433440161946136,23.565197816464064,0.6553552110454876,-37.753711055330115,63.32111293634767
Stavudine_1,CC1=CN(C(=O)NC1=O)C2C=CC(O2)CO,235.60348999130542,-1.187886351661804,10,2,4,4,1,16,4,-8.873822120830665,1.3943383026979728,25.76253308570582,-10.001088763202759,54.9794691592481,44.449204663787505,15.242111372315538,3.498739827781629,0.3345091461605339,24.45207438690332,0.7570657381017851,-35.092856182202006,68.68462482855706
Stavudine_2,CC1=CN(C(=O)NC1=O)C2C=CC(O2)CO,240.22621274260268,-0.9929175869166589,10,2,4,4,1,16,4,-8.391606014651634,1.3951737082052142,31.17785893065303,-9.108186723783646,56.7086684193105,41.24768046723416,13.362606299478127,5.418271564833601,0.31981631760436124,18.088379586699673,0.4929830299213291,-43.41973670960748,69.13254938913644
Stavudine_3,CC1=CN(C(=O)NC1=O)C2C=CC(O2)CO,230.53370243758673,-0.8672935507512963,10,2,4,4,1,16,4,-8.100041446192119,1.4911998328904708,44.15553323558813,-8.841539227256172,47.54445157067267,44.69027235561451,12.399095844036259,7.673479869513921,0.4071322118632317,33.32860367004857,0.7459089878142438,-36.82499876920921,58.3803880488387
Stavudine_4,CC1=CN(C(=O)NC1=O)C2C=CC(O2)CO,227.19812815677952,-0.8844400055628578,10,2,4,4,1,16,4,-8.839171003724896,0.9101202541640927,27.828183233691092,-9.95700797547264,52.867593894882894,45.97420062656658,15.800861877350387,4.104165834372532,0.34585090379946526,22.872736773927574,0.7623225738783451,-43.929952691528236,63.37382853765131
Stavudine_5,CC1=CN(C(=O)NC1=O)C2C=CC(O2)CO,232.54491984090907,-0.4712557342715231,10,2,4,4,1,16,4,-7.996645988414928,0.7287638520714987,43.47902022856267,-8.92944365001606,59.71316945716705,55.42525953283166,14.53715614807967,5.376351979443672,0.28084178780947333,21.318677834047406,0.6268166825718002,-29.863390297583834,65.39468245536469
Stavudine_6,CC1=CN(C(=O)NC1=O)C2C=CC(O2)CO,213.90591505007558,-1.0223805003806117,10,2,4,4,1,16,4,-8.248488004374325,0.5109964289751012,53.360427306066825,-9.118091332149802,61.042838454073625,40.2803388105247,13.406202830586436,1.6375424273471098,0.3509690573208736,23.22135222412011,0.6527156466920363,-41.79618678741671,68.25273214507729
Stavudine_7,CC1=CN(C(=O)NC1=O)C2C=CC(O2)CO,212.54190892338767,-0.5930030363695818,10,2,4,4,1,16,4,-9.16735789730022,0.9340179723730426,30.169325878770895,-10.033035274311391,50.35006295604411,63.686686346649694,10.017485417879612,5.369722046655739,0.3305818439658945,19.922306920519958,0.6182052580996724,-40.93167008744648,65.97700642381771
Stavudine_8,CC1=CN(C(=O)NC1=O)C2C=CC(O2)CO,231.28066164958562,-0.8693264285175449,10,2,4,4,1,16,4,-8.246630485855688,0.6342037959399118,49.65416172311139,-9.449142993829545,54.01697798807244,44.802955166473005,10.181073613790614,3.741832388126488,0.47979510708343254,21.387138152659393,0.7576149293461556,-34.18821409180091,57.40748405377791
Stavudine_9,CC1=CN(C(=O)NC1=O)C2C=CC(O2)CO,206.35608656038764,-0.8707441254041631,10,2,4,4,1,16,4,-7.992021863568006,1.3047285275661065,23.194704741960713,-9.186047807953251,57.91857240859091,57.46619732999099,9.22534697719615,1.8667416590809904,0.3385836388203953,23.343248132972246,0.8190659990275614,-43.424226611224334,62.0313951195868
Gemcitabine_0,C1=CN(C(=O)N=C1N)C2C(C(C(O2)CO)O)(F)F,259.4696954876524,-1.4522842918207641,9,3,4,4,1,16,3,-9.002307666607447,1.0729231969907655,49.6957955944068,-10.296558053979552,47.20806650135304,42.10833269480583,6.738832007952189,1.4477944556763365,0.41690775125456225,22.826253667282888,0.6287061137520393,-28.62078603627513,68.7431749289611
Gemcitabine_1,C1=CN(C(=O)N=C1N)C2C(C(C(O2)CO)O)(F)F,262.846126972418,-1.5807630585026398,9,3,4,4,1,16,3,-9.23386659783933,0.24962915689740411,26.958903373210184,-10.442630761172511,49.937874562410784,38.376159209064426,11.752167937078113,0.5,0.38596789760209466,26.694616513122426,1.3188763075850278,-44.87701271523214,62.32310811934526
Gemcitabine_2,C1=CN(C(=O)N=C1N)C2C(C(C(O2)CO)O)(F)F,249.13640493530548,-1.3202913707209047,9,3,4,4,1,16,3,-8.256843992346896,1.2112673944577232,34.52251670549539,-9.16393515491342,48.33496142144278,29.359175355347247,14.08366103552584,0.5,0.4013515644173239,27.41771270494165,1.2949452276836082,-42.12721956322603,63.04507825600824
Gemcitabine_3,C1=CN(C(=O)N=C1N)C2C(C(C(O2)CO)O)(F)F,249.94406764950207,-1.9814444609301396,9,3,4,4,1,16,3,-7.977356579523967,1.3081656131895407,35.93041983207761,-9.04627213773702,50.41908279693252,39.04400257352064,11.52198822111568,3.8178907274309326,0.364420689758945,19.2432197889288,0.32169648429493525,-41.5542426437617,71.0587716891888
Gemcitabine_4,C1=CN(C(=O)N=C1N)C2C(C(C(O2)CO)O)(F)F,273.3970734655078,-1.482844029511042,9,3,4,4,1,16,3,-8.734717486968053,1.3812098805117183,19.518565321086626,-9.908145855416402,53.435979916795475,36.33923406477254,14.952761232052879,1.5931440994168118,0.4636744982584198,27.489154030313216,1.236931170056685,-41.860918821313405,65.11441764362633
Gemcitabine_5,C1=CN(C(=O)N=C1N)C2C(C(C(O2)CO)O)(F)F,259.4804316894929,-1.4260885939666021,9,3,4,4,1,16,3,-8.67820662074803,0.19483923944813314,48.891260344703284,-9.506030810969513,46.03711287302655,36.657724055252274,19.480792302424245,0.5,0.4396109360982901,29.380262422366556,1.436356305843704,-46.65396197653122,57.94250569627312
Gemcitabine_6,C1=CN(C(=O)N=C1N)C2C(C(C(O2)CO)O)(F)F,276.8972320860179,-1.598770000388308,9,3,4,4,1,16,3,-8.462202267066642,0.3953617323020758,45.70253271043235,-9.443321769492194,46.67367042534821,35.39808681548368,14.156169813089283,3.2291929665888017,0.3887286577751802,23.80805516819462,0.3,-42.43688901379823,69.21858936364853
Gemcitabine_7,C1=CN(C(=O)N=C1N)C2C(C(C(O2)CO)O)(F)F,261.6767717364255,-1.8513006817024518,9,3,4,4,1,16,3,-8.464768615559526,0.22226659549421052,17.16590435524654,-9.380039621418511,48.535344689883,41.07010258321279,12.658918205734706,0.5,0.37574056076061946,19.20659283394853,0.9264461067510404,-30.98839534148756,61.24809948703404
Gemcitabine_8,C1=CN(C(=O)N=C1N)C2C(C(C(O2)CO)O)(F)F,270.8812278061245,-1.1784601390743479,9,3,4,4,1,16,3,-8.905743022734418,0.28015262440501326,44.80599497480438,-9.918131649204918,53.41494797838669,39.039355964148776,15.368827203919274,1.5035271816743092,0.36836451092492506,23.07426321459875,1.0846496368181917,-32.45803070738978,67.87578070627983
Gemcitabine_9,C1=CN(C(=O)N=C1N)C2C(C(C(O2)CO)O)(F)F,251.52186617065075,-1.1238602153159927,9,3,4,4,1,16,3,-8.788536002674308,0.6036277413854731,34.14036439658351,-9.658501133065437,52.20968300642678,37.29841667827054,15.059234958746126,3.39162567036701,0.3565693632290157,19.519897377649585,0.9522835570912178,-36.3969613198195,67.46765612473733
Dacarbazine_0,CN(C)N=NC1=C(NC=N1)C(=O)N,190.2002798271552,-0.8469155967785731,6,6,1,2,1,13,4,-8.54868326530332,1.6339350331079334,26.836713176995172,-9.811452633722059,51.697654837625095,46.18566540657169,16.278109559624006,3.7568160442784606,0.30936654198239266,20.15324320108004,0.7687597856508289,-33.48103217968442,72.76463906127691
Dacarbazine_1,CN(C)N=NC1=C(NC=N1)C(=O)N,196.15034505998585,-0.9614525575553057,6,6,1,2,1,13,4,-8.974368891372476,1.72548680845091,32.25317260719744,-9.85372858150655,61.1513274555882,54.37225230885132,17.89898416568676,5.111381087940307,0.23961125945701223,18.41124782429027,0.5768976910273005,-36.85447329610175,73.9545751471152
Dacarbazine_2,CN(C)N=NC1=C(NC=N1)C(=O)N,170.2868762522922,-0.43247118177583044,6,6,1,2,1,13,4,-7.806129410764575,1.701561810573752,19.55273223402297,-8.620338011522303,63.20439828074885,54.52428054194256,15.35163016924344,1.4048757709233504,0.22426303159747385,24.996425962792724,0.3,-44.94040775501409,75.5938582002812
Dacarbazine_3,CN(C)N=NC1=C(NC=N1)C(=O)N,195.19747662419994,-0.6494028708964001,6,6,1,2,1,13,4,-8.734599273136086,1.6518131037624186,46.87530891356297,-9.471519395565428,62.9845762751094,34.96897937721282,18.48565024282157,3.394616647237458,0.2135291350293699,19.693183873201985,0.3,-35.22171409438752,76.88763797680646
Dacarbazine_4,CN(C)N=NC1=C(NC=N1)C(=O)N,166.6535921936645,-0.7866721678486844,6,6,1,2,1,13,4,-8.34167473616957,0.6596696082660712,28.54067004703873,-9.57504690379443,60.76485012628612,51.08370819049084,13.171879640684647,1.3225385296902128,0.31763368082185556,30.85170362429713,0.6759022647561292,-40.400600779782614,73.1920288474316
Dacarbazine_5,CN(C)N=NC1=C(NC=N1)C(=O)N,197.05655955034547,-0.12737225860358103,6,6,1,2,1,13,4,-8.386641007436813,0.5391901466801508,33.88655593866841,-9.635512555295751,53.193714468357676,47.861017341379714,12.348804829434062,2.336223286812261,0.2217908849381478,24.444527101620565,0.5861391293089038,-32.67305532581676,72.10011091395872
Dacarbazine_6,CN(C)N=NC1=C(NC=N1)C(=O)N,175.84204927420421,-0.7906923345147023,6,6,1,2,1,13,4,-8.904869860271258,1.2126118829092196,28.260635212089888,-10.095883918336629,69.24399400149785,45.58506799528586,5.767428930282451,2.6713133137042298,0.24008030984149584,10.736690387418014,1.0049371989528215,-42.43804176041304,72.36787224810561
Dacarbazine_7,CN(C)N=NC1=C(NC=N1)C(=O)N,174.9370286172756,-0.6678327448260141,6,6,1,2,1,13,4,-8.850134086097354,0.7570445101294342,15.762256224388404,-9.925963422711169,59.29759227327969,40.16672869927815,17.80125066457838,6.005652545047175,0.29257052826866736,23.174892213759524,0.6944423082563458,-44.730225434268924,70.22968325940448
Dacarbazine_8,CN(C)N=NC1=C(NC=N1)C(=O)N,189.9224982388188,-0.17526043480053644,6,6,1,2,1,13,4,-8.83083720399217,0.3196831883424503,26.275015337595157,-9.66293165538058,66.40720953717654,54.6975712060801,15.882953929900257,4.3030181435263675,0.20256763922964796,28.636543462305518,0.6213957690863063,-37.06369039037516,73.49573320764621
Dacarbazine_9,CN(C)N=NC1=C(NC=N1)C(=O)N,171.196084590752,-0.8596772315081331,6,6,1,2,1,13,4,-8.028080193808846,0.42351974361867956,48.904841921680244,-8.778913406461145,55.7716736961152,41.32878107277938,9.897519843673788,0.537403825344906,0.2931400191878887,18.75212759854257,0.5469234266068076,-28.11061948144007,63.663136823582796
Indinavir_0,CC(C)(C)NC(=O)C1CN(CCN1CC(CC(CC2=CC=CC=C2)C(=O)NC3C(CC4=CC=CC=C34)O)O)CC5=CN=CC=C5,605.1062261102937,2.4839120512328248,36,5,4,4,1,45,11,-9.262063804301363,2.2742977210523123,53.025169120483255,-10.107375820884803,20.0,99.0,1.0,16.97872052889948,0.3613904197281189,33.46501250783241,1.335809487663767,-45.599636818513915,55.0750052163444
Indinavir_1,CC(C)(C)NC(=O)C1CN(CCN1CC(CC(CC2=CC=CC=C2)C(=O)NC3C(CC4=CC=CC=C34)O)O)CC5=CN=CC=C5,600.686705818578,2.786285572351346,36,5,4,4,1,45,11,-8.480875025684655,2.2933039501906163,49.819980827019805,-9.585185195413038,20.0,85.9170394334119,1.0,15.864767179771208,0.3372590104006382,40.34034072237781,0.5408137203543835,-43.865373784834766,56.068417608440676
Indinavir_2,CC(C)(C)NC(=O)C1CN(CCN1CC(CC(CC2=CC=CC=C2)C(=O)NC3C(CC4=CC=CC=C34)O)O)CC5=CN=CC=C5,617.5071226365498,2.6584022386938164,36,5,4,4,1,45,11,-9.50089008544873,2.5943042277336987,53.6630392291551,-10.66398968482038,20.0,80.03110283711113,1.0,17.549062889779158,0.3821374759237692,32.27993107390035,0.567412728375771,-51.83052933237203,54.44367765772314
Indinavir_3,CC(C)(C)NC(=O)C1CN(CCN1CC(CC(CC2=CC=CC=C2)C(=O)NC3C(CC4=CC=CC=C34)O)O)CC5=CN=CC=C5,624.4346394775523,2.6057588231556985,36,5,4,4,1,45,11,-8.430992777390149,1.5786959853500497,33.89612988794477,-9.335170088101894,20.0,91.36649036450933,1.0,14.749365553546928,0.3494283376729838,32.82580599427136,1.4793344863533784,-47.17559953294155,46.820126039716925
Indinavir_4,CC(C)(C)NC(=O)C1CN(CCN1CC(CC(CC2=CC=CC=C2)C(=O)NC3C(CC4=CC=CC=C34)O)O)CC5=CN=CC=C5,621.2018070283448,2.9715335290546285,36,5,4,4,1,45,11,-9.012628061248039,1.8857386827790799,25.484971672041198,-9.748967887510327,23.909114200557674,92.22788950398117,1.0,19.536792920287404,0.3789840643140916,31.704398211704525,0.7647454798746935,-52.977673790145,56.58115589852839
Indinavir_5,CC(C)(C)NC(=O)C1CN(CCN1CC(CC(CC2=CC=CC=C2)C(=O)NC3C(CC4=CC=CC=C34)O)O)CC5=CN=CC=C5,608.6759196229976,2.7610533305271883,36,5,4,4,1,45,11,-8.623563313762812,1.952526143440715,23.992490906407767,-9.491877177856933,20.0,89.86229510953562,1.0,15.602413750818048,0.4232715107084011,33.86458427294618,0.9138203612841812,-46.21348133616808,51.595516947477115
Indinavir_6,CC(C)(C)NC(=O)C1CN(CCN1CC(CC(CC2=CC=CC=C2)C(=O)NC3C(CC4=CC=CC=C34)O)O)CC5=CN=CC=C5,612.9696950015732,2.587379915255568,36,5,4,4,1,45,11,-9.65185793530642,2.4225528507635117,24.645938095989102,-10.377295312636718,20.0,85.15415603625588,1.0,16.26149506356064,0.37374061431340033,34.033972346509536,1.3641461061328162,-54.59143221213234,58.81757767351978
Indinavir_7,CC(C)(C)NC(=O)C1CN(CCN1CC(CC(CC2=CC=CC=C2)C(=O)NC3C(CC4=CC=CC=C34)O)O)CC5=CN=CC=C5,617.7207345934654,2.471816178301277,36,5,4,4,1,45,11,-8.945075056494744,2.721949875008847,40.99738771690908,-10.117005457147979,20.0,83.41862100886635,1.0,16.819299632135223,0.3138531462792613,31.713926636680256,1.0797389867073441,-51.32452161747377,51.265487131144745
Indinavir_8,CC(C)(C)NC(=O)C1CN(CCN1CC(CC(CC2=CC=CC=C2)C(=O)NC3C(CC4=CC=CC=C34)O)O)CC5=CN=CC=C5,626.2050654004784,3.0676060194582315,36,5,4,4,1,45,11,-8.556364798327166,2.451629466961603,53.439917591726804,-9.555807155677263,20.0,74.6620591279164,1.0,15.051697672196822,0.33116541232591157,37.14546380656249,1.1239493034842787,-56.516849292709125,52.947970387794676
Indinavir_9,CC(C)(C)NC(=O)C1CN(CCN1CC(CC(CC2=CC=CC=C2)C(=O)NC3C(CC4=CC=CC=C34)O)O)CC5=CN=CC=C5,606.7135111092523,2.4689440914515846,36,5,4,4,1,45,11,-9.15773687794225,2.714977413505929,52.319581217695436,-9.990587768709865,28.26258115598428,94.58833197402207,1.0,15.616617844732517,0.3372485884513277,34.588400075408835,0.49156588847310745,-51.83406746813377,56.292853516396356
Ritonavir_0,CC(C)C1=NC(=CS1)CN(C)C(=O)NC(C(C)C)C(=O)NC(CC2=CC=CC=C2)CC(C(CC3=CC=CC=C3)NC(=O)OCC4=CN=CS4)O,716.0341441304764,6.262038463389075,37,6,5,4,1,48,13,-9.87254224725249,2.980007328642022,37.7761409315756,-10.668627445212739,20.0,99.0,1.0,23.31854825859324,0.3826227087600937,42.34534745980838,1.1734467855651576,-44.81543534709174,54.14427909372921
Ritonavir_1,CC(C)C1=NC(=CS1)CN(C)C(=O)NC(C(C)C)C(=O)NC(CC2=CC=CC=C2)CC(C(CC3=CC=CC=C3)NC(=O)OCC4=CN=CS4)O,740.3439405392079,6.089443220604249,37,6,5,4,1,48,13,-9.246778413983716,2.5197441571478465,53.867503868604715,-10.107447877952,20.0,99.0,1.0,23.503617888591936,0.3207508598002466,31.637398038581967,0.4584996110806993,-47.35520861670706,58.94256050352043
Ritonavir_2,CC(C)C1=NC(=CS1)CN(C)C(=O)NC(C(C)C)C(=O)NC(CC2=CC=CC=C2)CC(C(CC3=CC=CC=C3)NC(=O)OCC4=CN=CS4)O,709.7128411484971,5.894113383512728,37,6,5,4,1,48,13,-8.543068701221937,2.5759679896655894,59.74411945487328,-9.338340213915306,20.0,99.0,1.0,22.98807043136236,0.39496953960826997,35.66320722352759,0.6274653778109586,-45.469730283459725,54.96908867467405
Ritonavir_3,CC(C)C1=NC(=CS1)CN(C)C(=O)NC(C(C)C)C(=O)NC(CC2=CC=CC=C2)CC(C(CC3=CC=CC=C3)NC(=O)OCC4=CN=CS4)O,714.0605045513573,5.942027608430424,37,6,5,4,1,48,13,-9.35775512107752,3.061158605974758,39.415908689546555,-10.577903137573841,20.0,99.0,1.0,24.0,0.35398464397204155,33.0028095961879,0.7579069658014501,-53.04400439131747,54.46054436763413
Ritonavir_4,CC(C)C1=NC(=CS1)CN(C)C(=O)NC(C(C)C)C(=O)NC(CC2=CC=CC=C2)CC(C(CC3=CC=CC=C3)NC(=O)OCC4=CN=CS4)O,725.5821698441683,5.635382043309456,37,6,5,4,1,48,13,-8.748348006790597,3.1749393645529143,30.704512919669998,-9.712944083399062,20.0,99.0,1.0,23.51211056600209,0.4006810249525545,32.96540805821763,0.8432633374730578,-60.0,49.89200674738385
Ritonavir_5,CC(C)C1=NC(=CS1)CN(C)C(=O)NC(C(C)C)C(=O)NC(CC2=CC=CC=C2)CC(C(CC3=CC=CC=C3)NC(=O)OCC4=CN=CS4)O,723.5476434958963,5.76190989187539,37,6,5,4,1,48,13,-9.020999050538395,3.7156148991025453,47.15220183946482,-10.255809783058636,20.0,99.0,1.0,24.0,0.36977562815728104,30.07927500135819,0.3098525532892601,-47.2735677389197,54.992156909051104
Ritonavir_6,CC(C)C1=NC(=CS1)CN(C)C(=O)NC(C(C)C)C(=O)NC(CC2=CC=CC=C2)CC(C(CC3=CC=CC=C3)NC(=O)OCC4=CN=CS4)O,721.573938252317,6.389226891584987,37,6,5,4,1,48,13,-9.37158412175569,3.3638657011260946,40.29205881367456,-10.077166782216182,20.0,99.0,1.0,24.0,0.33789215601186057,33.86325822344269,0.7548589535803282,-41.92796941609561,60.6296594001774
Ritonavir_7,CC(C)C1=NC(=CS1)CN(C)C(=O)NC(C(C)C)C(=O)NC(CC2=CC=CC=C2)CC(C(CC3=CC=CC=C3)NC(=O)OCC4=CN=CS4)O,704.4293730114254,5.9107817429094345,37,6,5,4,1,48,13,-9.94434492274371,2.6737519875120546,29.61619616307684,-11.166150454607637,20.0,99.0,1.0,21.766995039287224,0.44344320533526077,42.79130817621919,0.9869936330499769,-42.63250590970307,59.21062751278849
Ritonavir_8,CC(C)C1=NC(=CS1)CN(C)C(=O)NC(C(C)C)C(=O)NC(CC2=CC=CC=C2)CC(C(CC3=CC=CC=C3)NC(=O)OCC4=CN=CS4)O,713.4364234487849,6.402453539205521,37,6,5,4,1,48,13,-9.278665729837407,3.1929712384996147,60.44928000753702,-10.034747350565713,20.0,99.0,1.0,24.0,0.33166078707589597,32.83026632267348,0.7735147842220046,-51.77354142415781,55.496135713321365
Ritonavir_9,CC(C)C1=NC(=CS1)CN(C)C(=O)NC(C(C)C)C(=O)NC(CC2=CC=CC=C2)CC(C(CC3=CC=CC=C3)NC(=O)OCC4=CN=CS4)O,714.2950517391813,6.178179293412066,37,6,5,4,1,48,13,-8.803287413735246,2.786453346638874,45.177818257286596,-9.699780592156802,20.0,99.0,1.0,23.20498206495175,0.4589366507291856,41.71193772070245,0.5833202783686633,-35.121370887078726,49.50690173387883
Bleomycin_0,CC1=C(N=C(N=C1N)C(CC(=O)N)NCC(C(=O)N)N)C(=O)NC(C(C2=CN=CN2)OC3C(C(C(C(O3)CO)O)O)OC4C(C(C(C(O4)CO)O)OC(=O)N)O)C(=O)NC(C)C(C(C)C(=O)NC(C(C)O)C(=O)NCCC5=NC(=CS5)C6=NC(=CS6)C(=O)NCCC[S+](C)C)O,1401.1536657019194,-7.118787267534486,55,17,21,4,1,93,17,-10.05507522879948,-1.3435214529133666,72.53070116464421,-11.324973922700266,20.0,20.208714618023265,1.0,2.8457119631039376,0.3892978681656727,50.0,0.9835262572442235,-57.42264390951657,67.41381945051225
Bleomycin_1,CC1=C(N=C(N=C1N)C(CC(=O)N)NCC(C(=O)N)N)C(=O)NC(C(C2=CN=CN2)OC3C(C(C(C(O3)CO)O)O)OC4C(C(C(C(O4)CO)O)OC(=O)N)O)C(=O)NC(C)C(C(C)C(=O)NC(C(C)O)C(=O)NCCC5=NC(=CS5)C6=NC(=CS6)C(=O)NCCC[S+](C)C)O,1401.009146164722,-7.685199173865963,55,17,21,4,1,93,17,-10.484431733345463,-0.8636948198041561,64.40226071094176,-11.480205611183438,20.0,10.0,1.0,5.531182855013204,0.33291977382099175,50.0,0.5258759365808949,-60.0,80.55610571871124
Bleomycin_2,CC1=C(N=C(N=C1N)C(CC(=O)N)NCC(C(=O)N)N)C(=O)NC(C(C2=CN=CN2)OC3C(C(C(C(O3)CO)O)O)OC4C(C(C(C(O4)CO)O)OC(=O)N)O)C(=O)NC(C)C(C(C)C(=O)NC(C(C)O)C(=O)NCCC5=NC(=CS5)C6=NC(=CS6)C(=O)NCCC[S+](C)C)O,1425.1169574991538,-7.074548407721467,55,17,21,4,1,93,17,-9.840139663613327,-0.9494223002850599,42.86172077654897,-10.642698475883673,20.0,10.0,1.0,7.13595278216215,0.3293055750556424,50.0,0.6681605569560798,-60.0,76.23063247897086
Bleomycin_3,CC1=C(N=C(N=C1N)C(CC(=O)N)NCC(C(=O)N)N)C(=O)NC(C(C2=CN=CN2)OC3C(C(C(C(O3)CO)O)O)OC4C(C(C(C(O4)CO)O)OC(=O)N)O)C(=O)NC(C)C(C(C)C(=O)NC(C(C)O)C(=O)NCCC5=NC(=CS5)C6=NC(=CS6)C(=O)NCCC[S+](C)C)O,1432.8349237165808,-7.469311858937556,55,17,21,4,1,93,17,-9.447944338647922,-1.9826655784787217,66.27755318803196,-10.580371841171422,20.0,10.0,1.0,5.249842222474687,0.3280179949583356,50.0,0.39398283203337653,-60.0,73.49591076379781
Bleomycin_4,CC1=C(N=C(N=C1N)C(CC(=O)N)NCC(C(=O)N)N)C(=O)NC(C(C2=CN=CN2)OC3C(C(C(C(O3)CO)O)O)OC4C(C(C(C(O4)CO)O)OC(=O)N)O)C(=O)NC(C)C(C(C)C(=O)NC(C(C)O)C(=O)NCCC5=NC(=CS5)C6=NC(=CS6)C(=O)NCCC[S+](C)C)O,1433.9821365719959,-7.267314308603199,55,17,21,4,1,93,17,-10.744391647760953,-1.6884048766973327,62.4945065841695,-11.80205937736679,20.0,14.189745704007166,1.0,4.671779771089914,0.3024567561211086,50.0,1.2396494174707255,-59.3003776827619,72.01547817762395
Bleomycin_5,CC1=C(N=C(N=C1N)C(CC(=O)N)NCC(C(=O)N)N)C(=O)NC(C(C2=CN=CN2)OC3C(C(C(C(O3)CO)O)O)OC4C(C(C(C(O4)CO)O)OC(=O)N)O)C(=O)NC(C)C(C(C)C(=O)NC(C(C)O)C(=O)NCCC5=NC(=CS5)C6=NC(=CS6)C(=O)NCCC[S+](C)C)O,1428.6871482663205,-7.16713095820201,55,17,21,4,1,93,17,-9.525902627223864,-1.6818048936940835,77.33506537742235,-10.390023294947746,20.0,10.0,1.0,6.447425158643327,0.41618164402164287,50.0,0.3,-60.0,76.34271147145344
Bleomycin_6,CC1=C(N=C(N=C1N)C(CC(=O)N)NCC(C(=O)N)N)C(=O)NC(C(C2=CN=CN2)OC3C(C(C(C(O3)CO)O)O)OC4C(C(C(C(O4)CO)O)OC(=O)N)O)C(=O)NC(C)C(C(C)C(=O)NC(C(C)O)C(=O)NCCC5=NC(=CS5)C6=NC(=CS6)C(=O)NCCC[S+](C)C)O,1429.1669124204118,-7.240837518836619,55,17,21,4,1,93,17,-10.635900822452335,-0.7948646463527558,57.835339087885785,-11.707037843562931,20.0,13.563963194027297,1.0,1.401977226796118,0.38817112447525426,50.0,0.403169266552958,-60.0,74.62987814305976
Bleomycin_7,CC1=C(N=C(N=C1N)C(CC(=O)N)NCC(C(=O)N)N)C(=O)NC(C(C2=CN=CN2)OC3C(C(C(C(O3)CO)O)O)OC4C(C(C(C(O4)CO)O)OC(=O)N)O)C(=O)NC(C)C(C(C)C(=O)NC(C(C)O)C(=O)NCCC5=NC(=CS5)C6=NC(=CS6)C(=O)NCCC[S+](C)C)O,1434.240483845104,-7.052968603076573,55,17,21,4,1,93,17,-10.258160556200425,-0.5583133972224239,45.97579798737692,-10.992132724803573,20.0,10.0,1.0,4.917176702609667,0.31442041493555406,50.0,0.7429453806249207,-60.0,69.70596484633461
Bleomycin_8,CC1=C(N=C(N=C1N)C(CC(=O)N)NCC(C(=O)N)N)C(=O)NC(C(C2=CN=CN2)OC3C(C(C(C(O3)CO)O)O)OC4C(C(C(C(O4)CO)O)OC(=O)N)O)C(=O)NC(C)C(C(C)C(=O)NC(C(C)O)C(=O)NCCC5=NC(=CS5)C6=NC(=CS6)C(=O)NCCC[S+](C)C)O,1414.1733949444153,-7.602184404877741,55,17,21,4,1,93,17,-10.38560231673214,-0.8032785161704101,45.36906786409605,-11.252607187041646,20.0,10.0,1.0,5.564785925354677,0.2586210365283305,50.0,1.3197459237913405,-60.0,75.41319340335171
Bleomycin_9,CC1=C(N=C(N=C1N)C(CC(=O)N)NCC(C(=O)N)N)C(=O)NC(C(C2=CN=CN2)OC3C(C(C(C(O3)CO)O)O)OC4C(C(C(C(O4)CO)O)OC(=O)N)O)C(=O)NC(C)C(C(C)C(=O)NC(C(C)O)C(=O)NCCC5=NC(=CS5)C6=NC(=CS6)C(=O)NCCC[S+](C)C)O,1434.2822161291324,-7.5391187233070385,55,17,21,4,1,93,17,-10.652864922456569,-1.5037222926910325,48.686632846699794,-11.506875626263406,20.0,11.295634577140394,1.0,7.118279251298334,0.31503453176056373,50.0,0.6203065592642035,-60.0,74.0268361297969
Amprenavir_0,CC(C)CN(CC(C(CC1=CC=CC=C1)NC(=O)OC2CCOC2)O)S(=O)(=O)C3=CC=C(C=C3)N,505.60249306360834,3.2890360441332014,25,3,6,4,1,34,9,-9.417254415730637,2.5162087181027144,58.80743950654773,-10.230589307124943,31.55562388422333,85.76600867776135,1.0,14.171344630415225,0.37914629047038584,30.857027694320543,0.8348983055031323,-53.75528696578308,58.50039333831915
Amprenavir_1,CC(C)CN(CC(C(CC1=CC=CC=C1)NC(=O)OC2CCOC2)O)S(=O)(=O)C3=CC=C(C=C3)N,516.4727284841057,2.6174168342552564,25,3,6,4,1,34,9,-8.861097884498019,1.8825041777994902,56.76851672401711,-9.928336839090697,31.405561444447144,72.54981164389284,1.0,15.147350431586613,0.33359227240259065,31.74422632498168,0.6688341530301457,-47.59225620409403,58.10265990975353
Amprenavir_2,CC(C)CN(CC(C(CC1=CC=CC=C1)NC(=O)OC2CCOC2)O)S(=O)(=O)C3=CC=C(C=C3)N,515.56419845599,2.971737311160322,25,3,6,4,1,34,9,-8.515512818082408,1.8792818443735513,43.5826705531211,-9.41971325906796,21.192433196703995,82.99385368117973,1.0,14.767510134462988,0.292142023379822,36.07997625700358,1.1217916848503673,-40.15254311212794,59.25676287342257
Amprenavir_3,CC(C)CN(CC(C(CC1=CC=CC=C1)NC(=O)OC2CCOC2)O)S(=O)(=O)C3=CC=C(C=C3)N,491.3664024155348,3.334896448517574,25,3,6,4,1,34,9,-8.648274825232265,2.5853399036685745,28.38385465430426,-9.480581817349345,32.761449962854584,93.14523640760221,1.0,11.353065375088029,0.36057438610111486,32.506742380035895,0.7366992014401397,-41.519549588975266,57.20380386343543
Amprenavir_4,CC(C)CN(CC(C(CC1=CC=CC=C1)NC(=O)OC2CCOC2)O)S(=O)(=O)C3=CC=C(C=C3)N,525.0326042325406,2.656341728347258,25,3,6,4,1,34,9,-9.66365302180898,2.11673458156905,43.90501157095085,-10.497315909807984,31.504121448372366,81.4473649628691,1.0,14.780299898783879,0.43085363835173707,31.633228458927533,0.3,-55.65521643137723,59.94942713208489
Amprenavir_5,CC(C)CN(CC(C(CC1=CC=CC=C1)NC(=O)OC2CCOC2)O)S(=O)(=O)C3=CC=C(C=C3)N,523.7562399770915,2.678562713449735,25,3,6,4,1,34,9,-8.264197382031607,2.6899803227951775,44.92120210139025,-8.988378101701004,27.64903201150923,87.77728265844863,1.0,12.389220989909548,0.3658777822216831,29.107740554536694,0.7751131748607082,-43.175034751672236,51.460904179679666
Amprenavir_6,CC(C)CN(CC(C(CC1=CC=CC=C1)NC(=O)OC2CCOC2)O)S(=O)(=O)C3=CC=C(C=C3)N,487.20671255802324,2.797515751541235,25,3,6,4,1,34,9,-8.845846378988847,2.814584378118,47.20486351845898,-9.775023890651783,34.77472325528075,93.38774828054808,1.0,15.85071741810014,0.3711347035964786,35.38399366954308,1.041939422637463,-45.682587819857325,57.66888953027086
Amprenavir_7,CC(C)CN(CC(C(CC1=CC=CC=C1)NC(=O)OC2CCOC2)O)S(=O)(=O)C3=CC=C(C=C3)N,500.9951784353726,3.1827348413570276,25,3,6,4,1,34,9,-9.601707527543702,1.841141805804121,57.77344984153971,-10.329366050866152,30.95740002988784,90.44015078299657,1.0,15.897880011186075,0.38433635653961445,33.84428884861443,1.2014236610795823,-47.656661566029115,52.022847933269325
Amprenavir_8,CC(C)CN(CC(C(CC1=CC=CC=C1)NC(=O)OC2CCOC2)O)S(=O)(=O)C3=CC=C(C=C3)N,521.1333850711504,3.309499042940716,25,3,6,4,1,34,9,-8.420921039703805,2.9308094353338996,32.71463501043657,-9.463566815059709,33.356415265821475,76.14037900358223,1.0,15.296473589030118,0.40276272928708523,28.838897692841353,0.8387079499170883,-46.54665679084599,52.39719692229047
Amprenavir_9,CC(C)CN(CC(C(CC1=CC=CC=C1)NC(=O)OC2CCOC2)O)S(=O)(=O)C3=CC=C(C=C3)N,505.51960511019075,2.9421956448860733,25,3,6,4,1,34,9,-8.337485562687702,2.9527653212303315,32.01318213581956,-9.587024560008738,31.831076300764533,77.39434654705946,1.0,15.140133186342133,0.4063119352585267,36.60741558418174,0.6355618592019001,-43.64191466589092,49.627036854270976
Valdecoxib_0,CC1=C(C(=NO1)C2=CC=CC=C2)C3=CC=C(C=C3)S(=O)(=O)N,314.93560294112723,2.3497690128593156,16,2,3,4,1,21,10,-8.370940359807973,2.36755613564019,42.091380141193184,-9.324247456045004,53.19859625486009,74.20094802728319,1.0,6.676476950085546,0.36477233161557454,29.266725700109127,0.8707256886975472,-40.15445921267673,62.22506520045626
Valdecoxib_1,CC1=C(C(=NO1)C2=CC=CC=C2)C3=CC=C(C=C3)S(=O)(=O)N,321.7031254836033,2.146641450925811,16,2,3,4,1,21,10,-8.617632994371817,2.212219995793954,56.28285753096536,-9.53112614027019,56.52012423474776,81.60464933733546,6.74923836615511,13.33835031308735,0.34099683262786357,26.80739866134756,0.8684848462859621,-43.460890999095604,61.346133258257915
Valdecoxib_2,CC1=C(C(=NO1)C2=CC=CC=C2)C3=CC=C(C=C3)S(=O)(=O)N,295.7528656687679,2.5475006976174512,16,2,3,4,1,21,10,-8.295752395327055,1.8972740458365216,45.867343424853104,-9.299210839482488,53.91101463131398,79.63524976854764,3.1862574151154965,10.813360774809242,0.46006831291462214,25.967207105676827,1.0953614991810963,-42.20603149327459,56.06849504581767
Valdecoxib_3,CC1=C(C(=NO1)C2=CC=CC=C2)C3=CC=C(C=C3)S(=O)(=O)N,304.7598429319853,3.0016691456322935,16,2,3,4,1,21,10,-8.938733104109446,1.5094125167869892,32.7121626859565,-9.673445142269728,54.87546738471877,84.58614343296634,1.0,11.327052049810774,0.3566444175328054,26.054747460330375,1.6624754818397556,-39.44676092240066,60.18662337014421
Valdecoxib_4,CC1=C(C(=NO1)C2=CC=CC=C2)C3=CC=C(C=C3)S(=O)(=O)N,321.80644802456743,2.804263286820346,16,2,3,4,1,21,10,-8.56394237679152,2.588007658776273,31.841460681896,-9.353383880331576,48.70013740427979,85.21116966588954,1.0,12.201280450033217,0.3069587338621008,24.70682502096573,0.4422839722030016,-25.384934460152433,56.31204309507791
Valdecoxib_5,CC1=C(C(=NO1)C2=CC=CC=C2)C3=CC=C(C=C3)S(=O)(=O)N,309.9838099375451,2.1151074455877046,16,2,3,4,1,21,10,-8.456951738339498,2.6884217993779282,42.04892866542191,-9.32912817318432,53.54906870198202,83.98639694128381,1.6457422731797775,10.522154704769253,0.3211840653750147,30.931461044772007,1.2708148111634847,-43.4983526585076,59.80168757729172
Valdecoxib_6,CC1=C(C(=NO1)C2=CC=CC=C2)C3=CC=C(C=C3)S(=O)(=O)N,299.8144984704103,2.242887934192267,16,2,3,4,1,21,10,-9.267409597665191,2.1572326619096884,50.28009043209414,-10.531466777063173,49.76391345756628,75.51722406789872,4.6338592264289264,10.204710516237402,0.3035148989878133,24.042337374457663,0.7376136995435403,-34.54482475203194,66.89926136789974
Valdecoxib_7,CC1=C(C(=NO1)C2=CC=CC=C2)C3=CC=C(C=C3)S(=O)(=O)N,299.58342920039934,2.102080639176286,16,2,3,4,1,21,10,-9.053013023151202,2.4485691068947926,31.409230674972413,-10.306559665151498,59.23760308316121,74.36867749581161,1.0,12.498209981869481,0.37339583090727896,31.22878041869832,0.5049246111742742,-38.96086033911361,61.69507062046515
Valdecoxib_8,CC1=C(C(=NO1)C2=CC=CC=C2)C3=CC=C(C=C3)S(=O)(=O)N,302.47584224531556,2.508164664901555,16,2,3,4,1,21,10,-9.317297702114368,2.199008230929481,53.365626511281576,-10.416998787893125,48.70133832583533,68.97848017442894,2.5950888674634105,14.618020468151464,0.316864419658172,30.871633863284323,0.8471621375392049,-49.19764841692285,62.06181595211375
Valdecoxib_9,CC1=C(C(=NO1)C2=CC=CC=C2)C3=CC=C(C=C3)S(=O)(=O)N,296.3410380630677,2.288280348897322,16,2,3,4,1,21,10,-8.533217118588473,1.8430038760961938,22.229806060399238,-9.830592911127885,53.57892386680325,83.83847206664895,1.0,10.127524084999843,0.37676102638124076,30.142964022307893,0.9915770972008208,-39.989411831301794,61.85572229099351
Kaletra_0,CC1=C(C(=CC=C1)C)OCC(=O)NC(CC2=CC=CC=C2)C(CC(CC3=CC=CC=C3)NC(=O)C(C(C)C)N4CCCNC4=O)O.CC(C)C1=NC(=CS1)CN(C)C(=O)NC(C(C)C)C(=O)NC(CC2=CC=CC=C2)CC(C(CC3=CC=CC=C3)NC(=O)OCC4=CN=CS4)O,1366.653864967708,0.13548301554648823,74,10,10,8,1,94,25,-9.479857920953652,0.783109768547761,53.415317058235075,-10.70893983464466,20.0,67.09837393245724,1.0,14.721330638209395,0.5,50.0,1.801841343378711,-60.0,54.06327225819788
Kaletra_1,CC1=C(C(=CC=C1)C)OCC(=O)NC(CC2=CC=CC=C2)C(CC(CC3=CC=CC=C3)NC(=O)C(C(C)C)N4CCCNC4=O)O.CC(C)C1=NC(=CS1)CN(C)C(=O)NC(C(C)C)C(=O)NC(CC2=CC=CC=C2)CC(C(CC3=CC=CC=C3)NC(=O)OCC4=CN=CS4)O,1366.6581963929973,-0.3388900948141669,74,10,10,8,1,94,25,-9.538818532210703,1.8429422212345083,68.69350909480285,-10.388291866302009,20.0,74.04733831968659,1.0,15.682897349464792,0.5,50.0,1.8078535773648439,-60.0,49.18373693873727
Kaletra_2,CC1=C(C(=CC=C1)C)OCC(=O)NC(CC2=CC=CC=C2)C(CC(CC3=CC=CC=C3)NC(=O)C(C(C)C)N4CCCNC4=O)O.CC(C)C1=NC(=CS1)CN(C)C(=O)NC(C(C)C)C(=O)NC(CC2=CC=CC=C2)CC(C(CC3=CC=CC=C3)NC(=O)OCC4=CN=CS4)O,1340.7393213468476,-0.31995010003321456,74,10,10,8,1,94,25,-10.27559303141433,1.012798057905041,55.37846687094416,-11.403392923966948,20.0,76.43835889719185,1.0,19.14754511273515,0.5,50.0,0.6173476761957204,-60.0,55.637824204934304
Kaletra_3,CC1=C(C(=CC=C1)C)OCC(=O)NC(CC2=CC=CC=C2)C(CC(CC3=CC=CC=C3)NC(=O)C(C(C)C)N4CCCNC4=O)O.CC(C)C1=NC(=CS1)CN(C)C(=O)NC(C(C)C)C(=O)NC(CC2=CC=CC=C2)CC(C(CC3=CC=CC=C3)NC(=O)OCC4=CN=CS4)O,1341.8998207321074,0.11791825683799106,74,10,10,8,1,94,25,-10.21490884727044,1.7641481542254516,43.107127109035694,-11.495268242907908,20.0,79.74955955480465,1.0,18.67896142415102,0.5,50.0,0.9033137095656543,-56.99471750093261,51.410341569826365
Kaletra_4,CC1=C(C(=CC=C1)C)OCC(=O)NC(CC2=CC=CC=C2)C(CC(CC3=CC=CC=C3)NC(=O)C(C(C)C)N4CCCNC4=O)O.CC(C)C1=NC(=CS1)CN(C)C(=O)NC(C(C)C)C(=O)NC(CC2=CC=CC=C2)CC(C(CC3=CC=CC=C3)NC(=O)OCC4=CN=CS4)O,1368.040744327257,-0.23385005307026863,74,10,10,8,1,94,25,-9.793619390877554,0.5764581032283349,73.47943607692733,-10.563696269753477,20.0,91.88931902520139,1.0,18.358538714293708,0.5,50.0,1.8558026415789688,-60.0,48.45094298892705
Kaletra_5,CC1=C(C(=CC=C1)C)OCC(=O)NC(CC2=CC=CC=C2)C(CC(CC3=CC=CC=C3)NC(=O)C(C(C)C)N4CCCNC4=O)O.CC(C)C1=NC(=CS1)CN(C)C(=O)NC(C(C)C)C(=O)NC(CC2=CC=CC=C2)CC(C(CC3=CC=CC=C3)NC(=O)OCC4=CN=CS4)O,1332.450824078846,0.2921057794149581,74,10,10,8,1,94,25,-9.824782580586717,0.7963960772616192,42.15694661227318,-10.98482799571432,20.0,71.72859780690317,1.0,16.81105984702102,0.5,50.0,1.497793269645784,-60.0,53.000306123030136
Kaletra_6,CC1=C(C(=CC=C1)C)OCC(=O)NC(CC2=CC=CC=C2)C(CC(CC3=CC=CC=C3)NC(=O)C(C(C)C)N4CCCNC4=O)O.CC(C)C1=NC(=CS1)CN(C)C(=O)NC(C(C)C)C(=O)NC(CC2=CC=CC=C2)CC(C(CC3=CC=CC=C3)NC(=O)OCC4=CN=CS4)O,1337.3061545165044,0.1770406851477173,74,10,10,8,1,94,25,-10.485904524688555,1.852982141439734,46.45015835812458,-11.512126994811876,20.0,67.82159869034034,1.0,18.937696477033917,0.5,50.0,1.114482860094428,-60.0,58.487410976846704
Kaletra_7,CC1=C(C(=CC=C1)C)OCC(=O)NC(CC2=CC=CC=C2)C(CC(CC3=CC=CC=C3)NC(=O)C(C(C)C)N4CCCNC4=O)O.CC(C)C1=NC(=CS1)CN(C)C(=O)NC(C(C)C)C(=O)NC(CC2=CC=CC=C2)CC(C(CC3=CC=CC=C3)NC(=O)OCC4=CN=CS4)O,1331.1167589312347,0.2459169379985563,74,10,10,8,1,94,25,-10.449129503089896,1.9780777104018585,58.64605265025287,-11.586308094074862,20.0,72.76639201679687,1.0,16.336094590933843,0.5,50.0,1.1549418211336928,-60.0,56.27582458565173
Kaletra_8,CC1=C(C(=CC=C1)C)OCC(=O)NC(CC2=CC=CC=C2)C(CC(CC3=CC=CC=C3)NC(=O)C(C(C)C)N4CCCNC4=O)O.CC(C)C1=NC(=CS1)CN(C)C(=O)NC(C(C)C)C(=O)NC(CC2=CC=CC=C2)CC(C(CC3=CC=CC=C3)NC(=O)OCC4=CN=CS4)O,1344.1711013775493,-0.31363476906948273,74,10,10,8,1,94,25,-10.344119051950418,0.8742827863792284,57.28674002718596,-11.566386809294121,20.0,84.13861947652553,1.0,19.65298981560392,0.5,50.0,0.3,-54.41598334971213,59.063235032851125
Kaletra_9,CC1=C(C(=CC=C1)C)OCC(=O)NC(CC2=CC=CC=C2)C(CC(CC3=CC=CC=C3)NC(=O)C(C(C)C)N4CCCNC4=O)O.CC(C)C1=NC(=CS1)CN(C)C(=O)NC(C(C)C)C(=O)NC(CC2=CC=CC=C2)CC(C(CC3=CC=CC=C3)NC(=O)OCC4=CN=CS4)O,1342.4867788493837,-0.03675585451619201,74,10,10,8,1,94,25,-9.877975091814932,1.3454880494525228,66.05283728721773,-10.88884056018044,20.0,67.92242931225756,1.0,23.277869630515514,0.5,50.0,1.458092181881954,-60.0,58.484147461576626
Lomitapide_0,C1CN(CCC1NC(=O)C2=CC=CC=C2C3=CC=C(C=C3)C(F)(F)F)CCCCC4(C5=CC=CC=C5C6=CC=CC=C64)C(=O)NCC(F)(F)F,675.5044398208158,8.507862963425662,39,3,2,4,1,44,14,-8.600311769453242,3.9022658747966257,58.17869999073115,-9.877541477696713,22.681529939012844,99.0,1.0,24.0,0.3798299410454365,36.80821835466962,0.5523270088699397,-56.30712326614135,52.28815382684129
Lomitapide_1,C1CN(CCC1NC(=O)C2=CC=CC=C2C3=CC=C(C=C3)C(F)(F)F)CCCCC4(C5=CC=CC=C5C6=CC=CC=C64)C(=O)NCC(F)(F)F,711.7562206284064,8.251133999848893,39,3,2,4,1,44,14,-9.004735618553605,4.814903074323344,47.84188364084433,-9.923344975858242,28.060706017868284,99.0,1.0,24.0,0.39981635176929664,38.3253038305863,1.0316906375896688,-44.55589504014916,53.771109027051914
Lomitapide_2,C1CN(CCC1NC(=O)C2=CC=CC=C2C3=CC=C(C=C3)C(F)(F)F)CCCCC4(C5=CC=CC=C5C6=CC=CC=C64)C(=O)NCC(F)(F)F,682.4990832261608,8.437548813100324,39,3,2,4,1,44,14,-9.126591064717102,4.237517202052848,37.04502916889831,-9.922949058380398,28.04070791943835,99.0,1.0,24.0,0.32245286484864577,34.871116233327115,0.9073844725711918,-43.1023299914473,56.12973248204464
Lomitapide_3,C1CN(CCC1NC(=O)C2=CC=CC=C2C3=CC=C(C=C3)C(F)(F)F)CCCCC4(C5=CC=CC=C5C6=CC=CC=C64)C(=O)NCC(F)(F)F,677.2237140284756,8.959528621113057,39,3,2,4,1,44,14,-8.952308263710322,4.82606888542222,24.0993311352553,-9.660908649895617,30.51629518255282,99.0,1.0,24.0,0.3629197880804805,36.93539557917274,0.7608901968599848,-47.824893286458426,53.75920551222382
Lomitapide_4,C1CN(CCC1NC(=O)C2=CC=CC=C2C3=CC=C(C=C3)C(F)(F)F)CCCCC4(C5=CC=CC=C5C6=CC=CC=C64)C(=O)NCC(F)(F)F,681.6859207672534,8.68332047824377,39,3,2,4,1,44,14,-9.26660606447156,4.719826365244137,51.408127981609134,-9.9839885857245,35.37126236084382,99.0,1.0,24.0,0.3873479855523834,40.78049914757127,1.0143005917371695,-44.9513691113975,57.680774372644734
Lomitapide_5,C1CN(CCC1NC(=O)C2=CC=CC=C2C3=CC=C(C=C3)C(F)(F)F)CCCCC4(C5=CC=CC=C5C6=CC=CC=C64)C(=O)NCC(F)(F)F,676.0261211195941,8.952132719619385,39,3,2,4,1,44,14,-9.396152026669451,4.862519274048047,25.095679125989538,-10.64140659020122,20.0,99.0,1.0,24.0,0.38337297903357836,38.74458356306075,0.9163813704912537,-51.6187348156098,51.91483859491816
Lomitapide_6,C1CN(CCC1NC(=O)C2=CC=CC=C2C3=CC=C(C=C3)C(F)(F)F)CCCCC4(C5=CC=CC=C5C6=CC=CC=C64)C(=O)NCC(F)(F)F,697.265592635109,8.11272728168992,39,3,2,4,1,44,14,-9.475654441530537,4.414589625683348,37.46105354182676,-10.5477113283596,20.45305308397643,99.0,1.0,24.0,0.38203213435348354,44.157725332560354,0.9508107210955734,-41.79510133995668,57.06729692788916
Lomitapide_7,C1CN(CCC1NC(=O)C2=CC=CC=C2C3=CC=C(C=C3)C(F)(F)F)CCCCC4(C5=CC=CC=C5C6=CC=CC=C64)C(=O)NCC(F)(F)F,713.5362656154538,8.695550701232486,39,3,2,4,1,44,14,-9.732466266655464,4.185132094153137,58.61909061918127,-10.502824163266117,20.0,99.0,1.0,24.0,0.25729762091786446,37.52146096262134,0.8855229815075552,-48.51374027356827,55.73125808094038
Lomitapide_8,C1CN(CCC1NC(=O)C2=CC=CC=C2C3=CC=C(C=C3)C(F)(F)F)CCCCC4(C5=CC=CC=C5C6=CC=CC=C64)C(=O)NCC(F)(F)F,696.4345103539038,8.153465724125628,39,3,2,4,1,44,14,-9.558807438389659,4.520258876738423,37.88670103489314,-10.635697856767283,24.086841568865303,99.0,1.0,24.0,0.3301668330876628,40.36737063795434,0.6863323486378047,-53.07276493692768,50.99525852114433
Lomitapide_9,C1CN(CCC1NC(=O)C2=CC=CC=C2C3=CC=C(C=C3)C(F)(F)F)CCCCC4(C5=CC=CC=C5C6=CC=CC=C64)C(=O)NCC(F)(F)F,674.0247522814799,8.543257341359334,39,3,2,4,1,44,14,-9.144625617420651,3.9186440270732286,45.2606701957153,-10.191105604489666,24.599410991738257,99.0,1.0,24.0,0.31776295353348905,37.10950206245957,1.0812009306670682,-60.0,53.49943569009274
Empagliflozin_0,C1COCC1OC2=CC=C(C=C2)CC3=C(C=CC(=C3)C4C(C(C(C(O4)CO)O)O)O)Cl,437.41745755876184,1.720645944678957,24,0,7,4,1,31,6,-8.673544634573895,2.1713647583285898,56.55119114306074,-9.922069981616673,31.531703782773857,63.69104778953241,1.4948599538194385,11.143669714782401,0.3447462222648313,29.672926413614285,1.0571935168004025,-40.707361520714954,65.91431332445148
Empagliflozin_1,C1COCC1OC2=CC=C(C=C2)CC3=C(C=CC(=C3)C4C(C(C(C(O4)CO)O)O)O)Cl,434.0561309033833,1.5244143148222222,24,0,7,4,1,31,6,-8.472755358686918,1.8127796289886096,56.14380883582569,-9.459684498657985,36.90717944201887,74.11109119501411,1.0,14.668140292588468,0.29534250883560836,21.611583636947934,0.5304916489714393,-49.343185020369155,60.42738632702089
Empagliflozin_2,C1COCC1OC2=CC=C(C=C2)CC3=C(C=CC(=C3)C4C(C(C(C(O4)CO)O)O)O)Cl,443.67201281307024,1.5746794328167097,24,0,7,4,1,31,6,-8.496888745200689,1.3040547178833695,32.47162554083067,-9.333128620984835,38.51294705872821,91.10858239362562,1.0,13.110295711112627,0.35457577104021765,33.5792496582203,0.40370880646708374,-49.965116206429485,56.46593556499606
Empagliflozin_3,C1COCC1OC2=CC=C(C=C2)CC3=C(C=CC(=C3)C4C(C(C(C(O4)CO)O)O)O)Cl,447.0394990112202,1.7423056836664212,24,0,7,4,1,31,6,-8.348390195167815,1.2339541709447452,30.71417974242054,-9.12839604075047,30.19287595470115,72.4271095150153,1.0,10.097959440386765,0.3199663915635309,23.430789888549263,0.9034239251079329,-43.987089313656526,58.50424859610596
Empagliflozin_4,C1COCC1OC2=CC=C(C=C2)CC3=C(C=CC(=C3)C4C(C(C(C(O4)CO)O)O)O)Cl,464.71007183028723,1.5096725388469192,24,0,7,4,1,31,6,-9.456136950513486,2.5385040831989034,35.77282648984189,-10.362217108571684,33.45483373951938,69.29124813739705,1.0,14.730871966175357,0.375218641298524,30.417572495807633,0.3182982819394592,-43.78084086151243,64.82447247788126
Empagliflozin_5,C1COCC1OC2=CC=C(C=C2)CC3=C(C=CC(=C3)C4C(C(C(C(O4)CO)O)O)O)Cl,462.5196942499332,1.7143082621618317,24,0,7,4,1,31,6,-8.450370410647057,2.1649676669216875,54.82382947298271,-9.339167141494244,40.38488530414265,64.66245131928879,1.0,13.412564643486883,0.4104689555002631,23.68852500837157,1.115987917248399,-41.07496464682014,57.68997878140743
Empagliflozin_6,C1COCC1OC2=CC=C(C=C2)CC3=C(C=CC(=C3)C4C(C(C(C(O4)CO)O)O)O)Cl,454.7780558504726,1.5107389817979824,24,0,7,4,1,31,6,-8.636061182922091,2.47853594124768,21.022281197598737,-9.628671996168094,42.8956947434294,78.05582448539387,1.0,10.2045981722505,0.3730051967237723,32.89618182996999,0.4674488873087389,-33.05594471697612,60.9506249833287
Empagliflozin_7,C1COCC1OC2=CC=C(C=C2)CC3=C(C=CC(=C3)C4C(C(C(C(O4)CO)O)O)O)Cl,444.0282467428569,2.3919699127756053,24,0,7,4,1,31,6,-9.439692811240189,1.8336678729247409,56.28110612074306,-10.442369403527668,36.96977986484706,75.54721981317942,1.0,10.028409311521159,0.4274930782941435,26.54786817998068,0.7305215261595928,-47.08357330723448,55.9423650152992
Empagliflozin_8,C1COCC1OC2=CC=C(C=C2)CC3=C(C=CC(=C3)C4C(C(C(C(O4)CO)O)O)O)Cl,459.6563926130084,1.9900906912143614,24,0,7,4,1,31,6,-8.67239035734512,2.2532107265114942,22.327900155594858,-9.617731077781926,36.74236391265734,78.89040218418585,1.0,14.013199933007048,0.3339495731139115,32.228917773329144,0.6356925083303063,-41.876135428578614,55.75130134024317
Empagliflozin_9,C1COCC1OC2=CC=C(C=C2)CC3=C(C=CC(=C3)C4C(C(C(C(O4)CO)O)O)O)Cl,439.07927801002313,1.5585071514494364,24,0,7,4,1,31,6,-9.246605718272015,1.9396098231138348,22.47737768606554,-10.105385128432498,31.3249142684663,91.33285218080555,1.0,10.350806812234573,0.3901952396366815,28.7124781432267,0.3,-40.05655707675997,59.29060610491565
"(1S,2R)-1-benzyl-3-(dimethylamino)-2-methyl-1-phenylpropyl propanoate hydrochloride_0",[H+].CCC(=O)OC(CC1=CC=CC=C1)(C2=CC=CC=C2)C(C)CN(C)C.[Cl-],387.77970495916287,0.29839614900299094,23,1,2,4,1,26,7,-8.83901012730038,1.5504583884717142,57.44807160745024,-9.923843495931678,36.76888287958734,64.19791541902869,7.513461095956719,9.975312366272844,0.36443528551334453,27.077684109729624,0.6433861677074229,-39.16873007557551,55.12828362663856
"(1S,2R)-1-benzyl-3-(dimethylamino)-2-methyl-1-phenylpropyl propanoate hydrochloride_1",[H+].CCC(=O)OC(CC1=CC=CC=C1)(C2=CC=CC=C2)C(C)CN(C)C.[Cl-],392.3467833806008,0.007730964012238162,23,1,2,4,1,26,7,-9.183121772449635,1.2872502707020652,28.900668403194068,-9.997455346122454,41.89293686431282,52.80456760241883,2.32497855975609,7.801316665551175,0.3166597206046688,32.07356857433341,1.2377359038811813,-47.627568434550795,64.16780733369505
"(1S,2R)-1-benzyl-3-(dimethylamino)-2-methyl-1-phenylpropyl propanoate hydrochloride_2",[H+].CCC(=O)OC(CC1=CC=CC=C1)(C2=CC=CC=C2)C(C)CN(C)C.[Cl-],367.78597274755964,-0.017638583535260488,23,1,2,4,1,26,7,-8.630458292366637,1.3832373398724398,25.229617432764233,-9.850929024903712,31.009150725567263,53.63711984556751,6.247306833051834,6.141392194320885,0.28943560823629594,39.23633079203965,0.9483304449429223,-40.463362518933174,60.41305583826847
"(1S,2R)-1-benzyl-3-(dimethylamino)-2-methyl-1-phenylpropyl propanoate hydrochloride_3",[H+].CCC(=O)OC(CC1=CC=CC=C1)(C2=CC=CC=C2)C(C)CN(C)C.[Cl-],362.71990087151573,0.3521479838520092,23,1,2,4,1,26,7,-9.056765716866135,0.8639105254301783,38.91315261870359,-9.945962740416618,39.31603080985638,66.34266622634694,4.49673407425037,6.525657678638794,0.4212156180476399,34.39110915671788,1.2374907221963798,-48.05887824438864,57.751656283614764
"(1S,2R)-1-benzyl-3-(dimethylamino)-2-methyl-1-phenylpropyl propanoate hydrochloride_4",[H+].CCC(=O)OC(CC1=CC=CC=C1)(C2=CC=CC=C2)C(C)CN(C)C.[Cl-],374.14972103385173,-0.08979499471646768,23,1,2,4,1,26,7,-9.321866697608892,1.5108478067910802,44.08671889115529,-10.263257420792208,36.36529447637583,46.60573468128549,6.038703782043359,10.466372062369604,0.34281787366896366,30.48738790825488,1.0426304028613482,-42.83025655371252,63.99616563154689
"(1S,2R)-1-benzyl-3-(dimethylamino)-2-methyl-1-phenylpropyl propanoate hydrochloride_5",[H+].CCC(=O)OC(CC1=CC=CC=C1)(C2=CC=CC=C2)C(C)CN(C)C.[Cl-],383.29473360107386,-0.033386377197874295,23,1,2,4,1,26,7,-9.273382913339386,1.070969220046186,20.064533329640305,-10.533880268040805,33.39535397139304,56.692975501189,3.406922843245555,4.916779116093139,0.39950695809214065,33.173428665722426,1.1553615708932687,-40.562783154565196,55.0414048416872
"(1S,2R)-1-benzyl-3-(dimethylamino)-2-methyl-1-phenylpropyl propanoate hydrochloride_6",[H+].CCC(=O)OC(CC1=CC=CC=C1)(C2=CC=CC=C2)C(C)CN(C)C.[Cl-],356.8717081359912,0.3244750462445021,23,1,2,4,1,26,7,-8.525074895920142,1.428727327361491,56.631883493122274,-9.568970050298756,34.2017076848689,39.04436782872921,5.260472135049295,5.123233484759121,0.32747457971243243,26.32127856027697,0.8336434808075495,-40.645713554159,60.00348765876853
"(1S,2R)-1-benzyl-3-(dimethylamino)-2-methyl-1-phenylpropyl propanoate hydrochloride_7",[H+].CCC(=O)OC(CC1=CC=CC=C1)(C2=CC=CC=C2)C(C)CN(C)C.[Cl-],375.796455179657,-0.06297592390132711,23,1,2,4,1,26,7,-9.394373204923951,0.8115119725386599,39.08993055337045,-10.527598310645361,36.91145235182962,34.667796693270745,4.095529758699142,8.537122307353906,0.3136996323029253,30.605720814629603,1.1770011533900702,-60.0,66.40654618085343
"(1S,2R)-1-benzyl-3-(dimethylamino)-2-methyl-1-phenylpropyl propanoate hydrochloride_8",[H+].CCC(=O)OC(CC1=CC=CC=C1)(C2=CC=CC=C2)C(C)CN(C)C.[Cl-],394.73968594095254,0.13573677825526909,23,1,2,4,1,26,7,-8.609338443746768,1.2495359043291805,38.65860684639042,-9.494197055296596,33.76738283958983,69.24103541998815,1.0,4.240407932963365,0.2516938904831717,34.94418078615734,0.9692369892542627,-37.6403448257446,63.477000003618684
"(1S,2R)-1-benzyl-3-(dimethylamino)-2-methyl-1-phenylpropyl propanoate hydrochloride_9",[H+].CCC(=O)OC(CC1=CC=CC=C1)(C2=CC=CC=C2)C(C)CN(C)C.[Cl-],368.9689473257839,-0.1284587755504114,23,1,2,4,1,26,7,-9.465325207244582,0.7372548356141391,19.617107233176156,-10.417850096122267,40.881338805722926,57.14500187828265,5.784783719785033,6.919848239104261,0.2927780612790008,22.360053325566366,1.1515861698126884,-45.896271058395335,65.72100373044086
Bimatoprost_0,CCNC(=O)CCCC=CCC1C(CC(C1C=CC(CCC2=CC=CC=C2)O)O)O,412.66276018846145,2.3722862325503167,25,1,4,4,1,30,6,-8.691829167590468,1.5838125821232523,48.79051355557157,-9.772625609424047,42.347616507687306,99.0,1.0,7.969898364160378,0.41946874698959435,22.836079224405896,0.9345686417838783,-46.140736958681096,57.91376189243694
Bimatoprost_1,CCNC(=O)CCCC=CCC1C(CC(C1C=CC(CCC2=CC=CC=C2)O)O)O,433.46033513167765,2.3717479642257135,25,1,4,4,1,30,6,-9.440014429206286,2.3504795441751662,22.940531982758785,-10.433456083249798,48.64798963715067,80.57153088639957,1.0,15.263913957529383,0.38805855969346886,25.780626007825653,1.0225111118526227,-47.19498191121595,62.292947520491424
Bimatoprost_2,CCNC(=O)CCCC=CCC1C(CC(C1C=CC(CCC2=CC=CC=C2)O)O)O,415.53630170852824,2.6965785613115774,25,1,4,4,1,30,6,-8.829313032779764,2.3290198990996567,28.21800393898419,-9.666484919547628,40.88868116404351,86.54849829497681,1.0,17.721027377550048,0.35133701293274755,31.221691869425186,0.3,-40.657269314271005,63.34485627873553
Bimatoprost_3,CCNC(=O)CCCC=CCC1C(CC(C1C=CC(CCC2=CC=CC=C2)O)O)O,408.3481559611287,2.4604764763170417,25,1,4,4,1,30,6,-9.507632778148155,2.1989403664118803,37.00842001029859,-10.404172136970748,38.81201328710474,79.46169501071776,1.0,13.191157234063198,0.39063437960759173,26.691664136835378,1.0582231848103292,-43.20361072849674,57.621889500576636
Bimatoprost_4,CCNC(=O)CCCC=CCC1C(CC(C1C=CC(CCC2=CC=CC=C2)O)O)O,406.5327727982857,3.096037154863562,25,1,4,4,1,30,6,-8.866329012336996,2.0150649664206473,24.695089311468543,-9.633198182714976,41.58170644373717,87.81983192871589,1.0,13.566642972864447,0.3611475076343649,29.068957886936726,0.4353886243742994,-45.883919277795115,58.88944787712003
Bimatoprost_5,CCNC(=O)CCCC=CCC1C(CC(C1C=CC(CCC2=CC=CC=C2)O)O)O,423.79938553910324,2.3823817390784106,25,1,4,4,1,30,6,-8.112078932437921,2.6971239102647484,56.50214715783828,-8.982397894545779,37.77073212043819,88.04244328998652,1.0,14.28755518722082,0.41170622536808177,31.650416158157473,0.3,-33.97757498968605,59.01631222341736
Bimatoprost_6,CCNC(=O)CCCC=CCC1C(CC(C1C=CC(CCC2=CC=CC=C2)O)O)O,401.8037708344284,2.315216529690977,25,1,4,4,1,30,6,-8.633472649247544,2.084333358226549,28.73717191499866,-9.82989628708601,39.67574634324092,78.64068727995209,1.0,12.772987356743185,0.32815531751115956,31.048383044485828,1.0728245629568547,-30.13195186616773,61.907673269858364
Bimatoprost_7,CCNC(=O)CCCC=CCC1C(CC(C1C=CC(CCC2=CC=CC=C2)O)O)O,408.43460180095883,3.006560814322998,25,1,4,4,1,30,6,-9.135350000121784,1.5808005236891893,22.92934559934037,-9.988541564267067,42.665515291642066,92.58185117402302,1.0,12.306200328924978,0.39445958963253697,27.72394912391733,0.7812061789651294,-44.73032930644854,53.840733068040734
Bimatoprost_8,CCNC(=O)CCCC=CCC1C(CC(C1C=CC(CCC2=CC=CC=C2)O)O)O,433.7128024713433,2.5620938971799534,25,1,4,4,1,30,6,-9.405362487370503,2.61049313804691,39.537490266626094,-10.643897217630911,36.901839136276486,97.44033980044756,1.0,11.487205811536072,0.3054554162488876,23.443490806815507,1.3070964628961628,-42.4075765799192,56.35986985496885
Bimatoprost_9,CCNC(=O)CCCC=CCC1C(CC(C1C=CC(CCC2=CC=CC=C2)O)O)O,399.2785826927006,2.875381703609942,25,1,4,4,1,30,6,-9.463240821145401,2.8585858444779735,29.07814563884359,-10.310719701614191,38.16711518326539,92.66111435464082,1.0,11.505984596248656,0.4045807859725627,32.32959509090878,1.0060798391117582,-50.60133386336558,54.62124162446133
Cilastatin_0,CC1(CC1C(=O)NC(=CCCCCSCC(C(=O)O)N)C(=O)O)C,355.0720164732398,-0.9978719042143751,16,2,5,2,1,23,4,-9.42714717897357,1.4010921466999908,34.60358555738212,-10.405174637260595,33.29380242315423,43.09346797704135,1.0,1.6887917395276184,0.2645978089604368,26.363991689068996,1.0505834476641924,-35.732456486470184,67.62695223581393
Cilastatin_1,CC1(CC1C(=O)NC(=CCCCCSCC(C(=O)O)N)C(=O)O)C,369.0317421023579,-0.6314243679625462,16,2,5,2,1,23,4,-8.743125713743414,0.45780847560107446,44.749566253078285,-9.50133967957294,38.75369124500356,40.03028025827474,10.972218847408488,7.446138057509273,0.28023281334790034,30.201254461219023,0.4450759749262661,-35.34283224146966,68.69788560696313
Cilastatin_2,CC1(CC1C(=O)NC(=CCCCCSCC(C(=O)O)N)C(=O)O)C,342.08062799179544,-1.0073357741694713,16,2,5,2,1,23,4,-7.990242073176841,0.5319260577745588,20.77031761783755,-9.02499226286323,36.77681668222977,55.06409293986258,6.835572584061271,6.267944525216292,0.27018686686421695,25.04710755477782,1.0671279274270309,-39.48870164866089,65.07881078190992
Cilastatin_3,CC1(CC1C(=O)NC(=CCCCCSCC(C(=O)O)N)C(=O)O)C,376.94831604891436,-1.3834533122848025,16,2,5,2,1,23,4,-9.311557746601036,1.4822246102316237,19.042558289369104,-10.429338665123668,39.358134907704866,37.10362891799276,7.507153731846999,2.8736436398058287,0.26263292178227243,31.46797904576995,0.3,-34.43469234456953,71.6112884637381
Cilastatin_4,CC1(CC1C(=O)NC(=CCCCCSCC(C(=O)O)N)C(=O)O)C,359.73231712361667,-1.1145758219133557,16,2,5,2,1,23,4,-9.024351574597091,0.5121829001148385,33.749069096302776,-10.304633939120007,35.1661087789396,40.636096545080804,10.331991097205712,3.9086471942116257,0.16150074372437104,28.447097639720873,0.3,-47.61370716176466,76.57637583066533
Cilastatin_5,CC1(CC1C(=O)NC(=CCCCCSCC(C(=O)O)N)C(=O)O)C,366.8751172123956,-1.2107283062755219,16,2,5,2,1,23,4,-8.183634653093074,0.19987541107988555,25.923387103507707,-9.419151810711865,31.20580050394894,44.6539968531984,8.85500981705618,2.9758115161938643,0.3071390770616216,20.337935221619546,0.7742807423484832,-35.27393359298938,57.576387428817334
Cilastatin_6,CC1(CC1C(=O)NC(=CCCCCSCC(C(=O)O)N)C(=O)O)C,368.32455620704974,-0.7269681012942828,16,2,5,2,1,23,4,-8.053037313029174,1.4537837750040825,29.717905522796105,-9.235609264072215,41.624044812298735,47.447929868312194,2.768568997112686,7.9753682891070286,0.20683279539433502,24.63182798323147,0.7240834100464509,-34.83676526709633,72.57068894984117
Cilastatin_7,CC1(CC1C(=O)NC(=CCCCCSCC(C(=O)O)N)C(=O)O)C,345.109515608416,-1.0853122903505685,16,2,5,2,1,23,4,-9.339841271228448,0.8069308500101007,28.906436400775803,-10.256042711154542,28.887159252971518,61.16813204704664,3.4837132405855744,2.210617437522454,0.2202439496521285,33.94261919560537,0.49053094751256165,-43.26903453516784,71.70599232624565
Cilastatin_8,CC1(CC1C(=O)NC(=CCCCCSCC(C(=O)O)N)C(=O)O)C,363.7675914890625,-0.9230547573560397,16,2,5,2,1,23,4,-9.139440893262547,0.785955572592276,45.03123174416889,-10.135112684255693,40.87717463131077,42.01152850885214,8.313228913395236,2.7748137637162413,0.19991168180089483,44.15919414696017,0.898615308347016,-38.00227362801682,72.30633331156284
Cilastatin_9,CC1(CC1C(=O)NC(=CCCCCSCC(C(=O)O)N)C(=O)O)C,361.1771980871874,-0.9120577616117355,16,2,5,2,1,23,4,-8.59234263417538,1.0624857079456564,55.059915068250504,-9.776606387966552,45.0354203314054,38.29128408584074,5.148636553609091,2.593368713335126,0.24950595154635286,23.97564333447387,1.2421624305199868,-30.59597112629333,66.94715476023829
Isotretinoin_0,CC1=C(C(CCC1)(C)C)C=CC(=CC=CC(=CC(=O)O)C)C,292.81240526173957,5.849846874114454,20,0,2,2,1,22,6,-8.436464104156208,3.293126906937345,19.132857231589767,-9.522054889157452,67.38252812572915,99.0,1.0,19.40236948275833,0.17270723597914941,26.228298253135975,0.49629194888708783,-38.245945417306395,71.86031759476842
Isotretinoin_1,CC1=C(C(CCC1)(C)C)C=CC(=CC=CC(=CC(=O)O)C)C,306.4796341546342,6.4011294099302685,20,0,2,2,1,22,6,-9.187805614026447,3.0654950107018446,18.532208994347137,-10.442932715324728,60.22800113389485,99.0,1.0,16.93516173409587,0.2879361039052734,22.613080693208275,0.7286233365637446,-32.37269694995541,63.12238939171953
Isotretinoin_2,CC1=C(C(CCC1)(C)C)C=CC(=CC=CC(=CC(=O)O)C)C,307.3896690975235,6.582904143584559,20,0,2,2,1,22,6,-9.327232402896755,2.9427877215601166,35.756768178484215,-10.09683687285331,69.56053879499306,99.0,1.0,17.145649636736163,0.34536393934204745,21.332519085836076,0.33539535447661345,-48.02853451283194,66.53522892179407
Isotretinoin_3,CC1=C(C(CCC1)(C)C)C=CC(=CC=CC(=CC(=O)O)C)C,316.881210258055,6.7723287103103935,20,0,2,2,1,22,6,-8.490215142133204,3.0083815390766993,34.178709728104906,-9.3059354449062,67.06310696334441,99.0,1.0,16.41968714342296,0.21817029444999803,20.71065796065836,0.45582341417261274,-38.456232035706584,67.81714587189916
Isotretinoin_4,CC1=C(C(CCC1)(C)C)C=CC(=CC=CC(=CC(=O)O)C)C,299.90064179338987,5.946470760078316,20,0,2,2,1,22,6,-8.685647365516054,2.9514786620720397,23.75715144786357,-9.85189604850455,67.01342309566537,99.0,1.0,20.73112375250212,0.29242474803043533,22.603216360895935,0.32696798124840065,-39.83243981512364,64.24301285173948
Isotretinoin_5,CC1=C(C(CCC1)(C)C)C=CC(=CC=CC(=CC(=O)O)C)C,311.7947324797555,6.77627160043704,20,0,2,2,1,22,6,-9.241563421674316,3.0262244673350662,47.3283415975264,-10.138966732457327,63.30588418788317,99.0,1.0,16.900068587532655,0.1723126227927791,22.868448195062303,0.9085333229566694,-44.32784545454969,73.05026560931681
Isotretinoin_6,CC1=C(C(CCC1)(C)C)C=CC(=CC=CC(=CC(=O)O)C)C,291.8078170513768,6.592864987102471,20,0,2,2,1,22,6,-8.29976233708637,3.8935124179458143,40.880963452230986,-9.109385780133177,61.68720305776647,99.0,1.0,18.392592383970985,0.19055669983805254,29.301010213288095,0.7901945113540734,-35.55285844686928,64.55244608974536
Isotretinoin_7,CC1=C(C(CCC1)(C)C)C=CC(=CC=CC(=CC(=O)O)C)C,298.0053081847068,6.415488419342657,20,0,2,2,1,22,6,-9.346606204843134,3.7687058851964,40.23114708123046,-10.501003394644052,70.52050285955033,99.0,1.0,17.460509790425387,0.2942665938727794,23.011481579788313,0.9148515813589846,-45.457472041187664,68.6020446344457
Isotretinoin_8,CC1=C(C(CCC1)(C)C)C=CC(=CC=CC(=CC(=O)O)C)C,304.1390479941722,6.797344549283498,20,0,2,2,1,22,6,-8.045431421044878,4.022310592723197,38.952231444952126,-9.040739412230396,66.6829441345146,99.0,1.0,18.43716172818951,0.1479720336048057,29.112006642212897,0.3,-39.765683939871224,73.48282752848357
Isotretinoin_9,CC1=C(C(CCC1)(C)C)C=CC(=CC=CC(=CC(=O)O)C)C,297.2204143230613,6.634595738628317,20,0,2,2,1,22,6,-9.120318796731445,3.01049938115274,26.581804709067846,-10.218779834661241,64.56728785678607,99.0,1.0,15.867653771622317,0.2651809603330768,26.44080756516608,0.48605755518173827,-43.43793521755051,68.12468782952267
"(4R)-4-[(4R,5S)-2,2-dimethyl-5-[(1R,2R)-2-methyl-1-triethylsilyloxybut-3-enyl]-1,3-dioxolan-4-yl]-4-methoxybutanal_0",CC[Si](CC)(CC)OC(C1C(OC(O1)(C)C)C(CCC=O)OC)C(C)C=C,395.3500085802248,-0.28458929473785977,21,0,5,2,1,26,2,-9.176511157914828,1.7208741598491266,38.74792763151875,-9.929581728931725,30.363372429668207,54.312006774400245,5.004560397344942,10.644428756763187,0.20913235217351941,30.664864059823884,0.4927575069012306,-42.65370085222863,72.64491951481217
"(4R)-4-[(4R,5S)-2,2-dimethyl-5-[(1R,2R)-2-methyl-1-triethylsilyloxybut-3-enyl]-1,3-dioxolan-4-yl]-4-methoxybutanal_1",CC[Si](CC)(CC)OC(C1C(OC(O1)(C)C)C(CCC=O)OC)C(C)C=C,385.4964322674627,0.25911909558426005,21,0,5,2,1,26,2,-8.826446014905317,1.7497862066534697,30.95389433186603,-9.974964436392549,38.74646290710216,63.63994818168938,6.95923084365289,7.043210602964349,0.35709902338013844,30.742323739536843,0.5356333783648641,-45.884314300117985,58.774367848473254
"(4R)-4-[(4R,5S)-2,2-dimethyl-5-[(1R,2R)-2-methyl-1-triethylsilyloxybut-3-enyl]-1,3-dioxolan-4-yl]-4-methoxybutanal_2",CC[Si](CC)(CC)OC(C1C(OC(O1)(C)C)C(CCC=O)OC)C(C)C=C,396.0040271576207,-0.38722944151084693,21,0,5,2,1,26,2,-8.913323920608779,1.4135992538817475,26.750817240778545,-9.822622887132528,31.563905637237973,68.0574202059288,2.286801400614693,9.251783467839049,0.2570635294850714,27.652585824967037,0.39348396008892883,-42.62451490005887,63.927641790165325
"(4R)-4-[(4R,5S)-2,2-dimethyl-5-[(1R,2R)-2-methyl-1-triethylsilyloxybut-3-enyl]-1,3-dioxolan-4-yl]-4-methoxybutanal_3",CC[Si](CC)(CC)OC(C1C(OC(O1)(C)C)C(CCC=O)OC)C(C)C=C,418.03251033930906,0.011794994275418635,21,0,5,2,1,26,2,-9.440150928245334,1.2953285717314906,29.329117163316155,-10.530021850166428,40.0876944915056,63.4037212136804,1.0,9.577459429524337,0.22553702845918794,21.255589956616504,0.43386638776668507,-42.36498554763515,66.01713052329558
"(4R)-4-[(4R,5S)-2,2-dimethyl-5-[(1R,2R)-2-methyl-1-triethylsilyloxybut-3-enyl]-1,3-dioxolan-4-yl]-4-methoxybutanal_4",CC[Si](CC)(CC)OC(C1C(OC(O1)(C)C)C(CCC=O)OC)C(C)C=C,392.4050417602431,-0.1388624828942755,21,0,5,2,1,26,2,-8.02378264255423,1.0625884161696595,22.474759695393082,-9.074070045994011,33.430080013140795,69.33072109167408,9.03119303599955,2.96764765211545,0.28788472879290716,28.446305149855714,0.9260056716083336,-41.34757187155506,52.811655544919404
"(4R)-4-[(4R,5S)-2,2-dimethyl-5-[(1R,2R)-2-methyl-1-triethylsilyloxybut-3-enyl]-1,3-dioxolan-4-yl]-4-methoxybutanal_5",CC[Si](CC)(CC)OC(C1C(OC(O1)(C)C)C(CCC=O)OC)C(C)C=C,410.07025381325695,-0.15089588455041902,21,0,5,2,1,26,2,-8.954039863929962,0.8462175970399237,54.825342466890696,-9.909092313423223,37.84744394323731,63.36460203597092,2.7131993062487014,6.866552852245089,0.20776145689420636,26.604403194252324,0.3121215854091822,-40.36373798634817,71.01466959753378
"(4R)-4-[(4R,5S)-2,2-dimethyl-5-[(1R,2R)-2-methyl-1-triethylsilyloxybut-3-enyl]-1,3-dioxolan-4-yl]-4-methoxybutanal_6",CC[Si](CC)(CC)OC(C1C(OC(O1)(C)C)C(CCC=O)OC)C(C)C=C,412.3575482612783,0.4481628050203058,21,0,5,2,1,26,2,-9.436596542515211,1.5638931406692502,34.88395277138123,-10.480717662378979,35.64558181389841,64.32985699705605,1.9618586690651418,10.34768780116618,0.2700801320460491,23.812349278882348,0.5874247729902916,-31.861740501443784,60.845196520362904
"(4R)-4-[(4R,5S)-2,2-dimethyl-5-[(1R,2R)-2-methyl-1-triethylsilyloxybut-3-enyl]-1,3-dioxolan-4-yl]-4-methoxybutanal_7",CC[Si](CC)(CC)OC(C1C(OC(O1)(C)C)C(CCC=O)OC)C(C)C=C,399.3424550453365,0.345386947592462,21,0,5,2,1,26,2,-9.356654716251553,0.9821536179605257,34.25223093128304,-10.171613336373015,37.56634969457552,66.96329817365739,10.639610182815883,7.14004947468847,0.2725777677080426,25.08395120490119,0.5879450568967861,-44.809994328547425,66.96172729966165
"(4R)-4-[(4R,5S)-2,2-dimethyl-5-[(1R,2R)-2-methyl-1-triethylsilyloxybut-3-enyl]-1,3-dioxolan-4-yl]-4-methoxybutanal_8",CC[Si](CC)(CC)OC(C1C(OC(O1)(C)C)C(CCC=O)OC)C(C)C=C,405.6009199572597,0.12281892285819729,21,0,5,2,1,26,2,-8.933869465563667,1.4142523945858716,29.8733771741925,-9.733524441208957,31.865855916300482,51.51294916247969,6.823498210714481,4.583963585021271,0.2671752160388837,23.121276894417836,0.8503703626744088,-42.14937994860187,67.1447245487205
"(4R)-4-[(4R,5S)-2,2-dimethyl-5-[(1R,2R)-2-methyl-1-triethylsilyloxybut-3-enyl]-1,3-dioxolan-4-yl]-4-methoxybutanal_9",CC[Si](CC)(CC)OC(C1C(OC(O1)(C)C)C(CCC=O)OC)C(C)C=C,395.96922152157396,-0.3841320058086142,21,0,5,2,1,26,2,-8.240680517601376,1.315608434245893,33.45471733806903,-9.275158188135,40.632272891606355,49.34267333257525,4.182470973113946,5.888191638349676,0.22432655311284078,29.416575963559893,0.5467463967002039,-45.071866072468424,67.4067728523268
{2-[(4-Octylphenyl)sulfanyl]phenyl}methanol_0,CCCCCCCCC1=CC=C(C=C1)SC2=CC=CC=C2CO,339.8998469356888,6.929644677990147,21,0,1,4,1,22,6,-8.240323995626753,2.9780447704247672,34.099099781964,-9.056342322591597,74.39228776673872,99.0,1.0,18.28400246716845,0.364038958570657,30.99902533930184,0.7409265283500559,-33.92084449119631,66.2628555265071
{2-[(4-Octylphenyl)sulfanyl]phenyl}methanol_1,CCCCCCCCC1=CC=C(C=C1)SC2=CC=CC=C2CO,325.5527866721726,7.412544265286593,21,0,1,4,1,22,6,-9.399306987232858,3.026735156367243,19.310118524085237,-10.342004458061197,61.667371748186966,99.0,1.0,17.376541150089082,0.4049488219908014,24.470945529957522,0.3,-43.2165827904787,59.23628634842424
{2-[(4-Octylphenyl)sulfanyl]phenyl}methanol_2,CCCCCCCCC1=CC=C(C=C1)SC2=CC=CC=C2CO,313.79827163467513,7.465588237643682,21,0,1,4,1,22,6,-8.908498866818517,3.1778235772258414,24.815556728415878,-10.057895159553894,68.08500691412202,99.0,1.0,23.958246004188677,0.39564160354669886,25.328877145736826,0.8535318937484934,-38.60467367669329,63.211765652610744
{2-[(4-Octylphenyl)sulfanyl]phenyl}methanol_3,CCCCCCCCC1=CC=C(C=C1)SC2=CC=CC=C2CO,311.33653243143965,7.033418001446017,21,0,1,4,1,22,6,-9.168422561467008,3.087355916940751,55.64445875186255,-9.87711518723392,61.757623543424934,99.0,1.0,21.48042311823119,0.29125820619805776,20.95442145745252,0.7306638664988618,-33.030563933658904,60.64490789465777
{2-[(4-Octylphenyl)sulfanyl]phenyl}methanol_4,CCCCCCCCC1=CC=C(C=C1)SC2=CC=CC=C2CO,312.5563258495012,6.832952270765967,21,0,1,4,1,22,6,-7.966692335019238,4.024243258192513,42.197650704668035,-9.22908905419806,72.54138638097825,99.0,1.0,24.0,0.3705953277147229,24.076830460185832,1.325294295652315,-39.71212242979605,62.74806989653848
{2-[(4-Octylphenyl)sulfanyl]phenyl}methanol_5,CCCCCCCCC1=CC=C(C=C1)SC2=CC=CC=C2CO,309.02101121251695,7.296196446722493,21,0,1,4,1,22,6,-8.149565285973738,2.968288249699615,38.22315437079215,-8.973184650347557,61.18428604516666,99.0,1.0,18.241035418957495,0.43045525770458276,20.75009866801267,0.5783664291268447,-42.115308442857135,56.40959860607621
{2-[(4-Octylphenyl)sulfanyl]phenyl}methanol_6,CCCCCCCCC1=CC=C(C=C1)SC2=CC=CC=C2CO,342.9146893868773,7.215374330744675,21,0,1,4,1,22,6,-9.35357204710131,3.814111875494457,47.886866117635805,-10.249897621421692,74.6376740638372,99.0,1.0,21.73332225837038,0.3094539258534356,23.67089775726784,1.1321356815627714,-43.53493006249376,61.82779419429601
{2-[(4-Octylphenyl)sulfanyl]phenyl}methanol_7,CCCCCCCCC1=CC=C(C=C1)SC2=CC=CC=C2CO,323.06778805167534,7.200666640222719,21,0,1,4,1,22,6,-8.743173499471151,4.191201804998319,36.19106948101893,-9.634238978693514,58.08848467317412,99.0,1.0,19.61152410167757,0.40926741841209135,32.6415596331531,0.6137709349262571,-38.161432351419364,62.15399083740295
{2-[(4-Octylphenyl)sulfanyl]phenyl}methanol_8,CCCCCCCCC1=CC=C(C=C1)SC2=CC=CC=C2CO,342.28039673069145,7.3005462390010365,21,0,1,4,1,22,6,-9.297713224468652,3.84736716421863,32.49597135737321,-10.52551723003013,59.76001978935617,99.0,1.0,20.498752932396297,0.4465504165019158,29.815003053338994,0.7288514102769328,-43.10675619839665,60.35315604272357
{2-[(4-Octylphenyl)sulfanyl]phenyl}methanol_9,CCCCCCCCC1=CC=C(C=C1)SC2=CC=CC=C2CO,323.47531138858477,6.908267821267569,21,0,1,4,1,22,6,-8.141554420838036,3.4868272475621316,55.4217964789175,-9.230871732680642,70.37191708377871,99.0,1.0,21.401022592946855,0.34634882409814544,25.722350663066276,0.7850144792478513,-30.463213174536083,64.62672825250505
Elvitegravir_0,CC(C)C(CO)N1C=C(C(=O)C2=C1C=C(C(=C2)CC3=C(C(=CC=C3)Cl)F)OC)C(=O)O,431.0084790275556,5.2010693106567825,24,1,5,4,1,30,9,-9.18048031992905,3.4833434757777093,24.50205992392807,-10.188382663166596,41.499799769232276,99.0,1.0,21.606204309394474,0.33232265492726026,25.693001866921897,0.8084000409551646,-39.0632263771459,52.87676937492319
Elvitegravir_1,CC(C)C(CO)N1C=C(C(=O)C2=C1C=C(C(=C2)CC3=C(C(=CC=C3)Cl)F)OC)C(=O)O,438.89964519159673,5.323041334614873,24,1,5,4,1,30,9,-8.990971129810717,2.6973830728188637,52.876022989096626,-10.200311034305958,52.18067075437474,99.0,1.0,17.225587507290523,0.3616370113977563,27.118933551639618,0.3901971553032978,-29.821385792759834,55.73551740608664
Elvitegravir_2,CC(C)C(CO)N1C=C(C(=O)C2=C1C=C(C(=C2)CC3=C(C(=CC=C3)Cl)F)OC)C(=O)O,444.1781512989702,5.7062752395893535,24,1,5,4,1,30,9,-8.863506932343089,2.740933742980979,52.166013226259125,-9.83612225638695,46.91023420507853,99.0,1.0,21.1967741364671,0.41310922896917784,24.81182494614916,0.8682137718460362,-42.23376657173987,52.97506830279116
Elvitegravir_3,CC(C)C(CO)N1C=C(C(=O)C2=C1C=C(C(=C2)CC3=C(C(=CC=C3)Cl)F)OC)C(=O)O,432.2741573341989,5.204917713368806,24,1,5,4,1,30,9,-9.235300052936728,3.738782147218525,49.948568389289676,-10.266190628605788,48.771752429033974,99.0,1.0,14.940331921839894,0.38386667198191843,32.58947671681353,0.3,-43.18185297015678,58.96199076976744
Elvitegravir_4,CC(C)C(CO)N1C=C(C(=O)C2=C1C=C(C(=C2)CC3=C(C(=CC=C3)Cl)F)OC)C(=O)O,446.0021864779427,4.836746876623554,24,1,5,4,1,30,9,-9.306933662310607,2.968022209086612,52.63862078874032,-10.401804869076939,40.88084390560195,99.0,1.0,18.902799657578562,0.367024329471541,32.363643786907694,0.3,-51.826861216530276,60.33400903587814
Elvitegravir_5,CC(C)C(CO)N1C=C(C(=O)C2=C1C=C(C(=C2)CC3=C(C(=CC=C3)Cl)F)OC)C(=O)O,448.1332774855628,4.9621319452751695,24,1,5,4,1,30,9,-8.490652850135254,2.586350866825004,53.65542409284266,-9.431330863799149,34.694808230518824,99.0,1.0,16.73622805334591,0.24559767907280272,30.363990018412895,1.155882681241785,-36.379395363961606,54.079310048677776
Elvitegravir_6,CC(C)C(CO)N1C=C(C(=O)C2=C1C=C(C(=C2)CC3=C(C(=CC=C3)Cl)F)OC)C(=O)O,461.6050879545053,5.792965001819322,24,1,5,4,1,30,9,-8.965229681386878,3.6337584718775924,52.6629046990328,-9.91314369780568,41.21681720384648,99.0,1.0,17.805127753804747,0.3032998183683381,27.11971847214168,0.5702845605642834,-41.57510579704116,56.05305475883646
Elvitegravir_7,CC(C)C(CO)N1C=C(C(=O)C2=C1C=C(C(=C2)CC3=C(C(=CC=C3)Cl)F)OC)C(=O)O,430.0188709928147,5.582195085068074,24,1,5,4,1,30,9,-8.649522277062998,2.947171437117313,47.424687079427144,-9.387230473267538,46.26767126430622,99.0,1.0,16.639661049281248,0.38674000959074395,35.87322114726678,0.8708742889987485,-39.97516362801627,55.50285114314952
Elvitegravir_8,CC(C)C(CO)N1C=C(C(=O)C2=C1C=C(C(=C2)CC3=C(C(=CC=C3)Cl)F)OC)C(=O)O,447.0153197852796,5.614701759066654,24,1,5,4,1,30,9,-9.023728349684806,2.7394656866481903,47.795301933676456,-9.85430887259411,44.00277280828791,99.0,1.0,21.439067369913417,0.4160929718990387,30.052427757277414,0.45633760588844835,-42.81662191038052,56.837251761206765
Elvitegravir_9,CC(C)C(CO)N1C=C(C(=O)C2=C1C=C(C(=C2)CC3=C(C(=CC=C3)Cl)F)OC)C(=O)O,452.65785984555265,5.102605620908704,24,1,5,4,1,30,9,-8.776329287197655,3.104646184561681,19.068039822156837,-9.85690896908061,48.45764887659152,99.0,1.0,14.384306000622395,0.3565779478517087,23.968452063459033,0.8127551662302722,-42.43147090831833,59.770412919937904
Ciprofloxacin_0,C1CC1N2C=C(C(=O)C3=CC(=C(C=C32)N4CCNCC4)F)C(=O)O,332.6453097611513,-1.3756973731750255,17,3,3,4,1,23,6,-9.410046425191481,0.556109771112568,40.181919885612174,-10.113996402127205,40.772902251398975,53.85759322887676,8.201146474906619,1.2772608264731091,0.30579170035587333,21.29962732818868,0.9728419246166226,-36.00557558969243,62.43532231014106
Ciprofloxacin_1,C1CC1N2C=C(C(=O)C3=CC(=C(C=C32)N4CCNCC4)F)C(=O)O,328.4986390274705,-0.6406648317160815,17,3,3,4,1,23,6,-8.349513183383424,1.0497609874877494,18.260141814122534,-9.067838043291,43.42817649128892,43.99573224816117,11.644151421456698,0.5,0.43343931975175376,27.881574646421335,1.0975426351460318,-41.21164912950752,53.71832307977961
Ciprofloxacin_2,C1CC1N2C=C(C(=O)C3=CC(=C(C=C32)N4CCNCC4)F)C(=O)O,341.80507891157174,-1.0986122319951162,17,3,3,4,1,23,6,-8.22296636577196,0.26769783927497687,51.851553286467606,-8.984954772068438,40.443077277161606,54.32765588159163,11.782591621587795,7.784224834179225,0.3743593781103416,23.702007391692675,0.8323266276387842,-36.56354860039481,61.669693853142064
Ciprofloxacin_3,C1CC1N2C=C(C(=O)C3=CC(=C(C=C32)N4CCNCC4)F)C(=O)O,344.55908114746495,-1.4525160252627325,17,3,3,4,1,23,6,-9.283173530791233,0.19369396574926218,53.51459354537482,-10.465388850853987,32.947330242806416,43.705129031979844,12.289435564607315,4.9279850544320105,0.4144596969929156,23.227814976457413,0.5942208224407641,-42.78133466255349,56.020357477329696
Ciprofloxacin_4,C1CC1N2C=C(C(=O)C3=CC(=C(C=C32)N4CCNCC4)F)C(=O)O,349.02802645906183,-0.9033335323363382,17,3,3,4,1,23,6,-8.78150235176852,1.2001942210377425,51.05060898863805,-9.520163015647189,43.40864235436552,54.94260677640005,6.602427233314831,3.6115846752580283,0.4879372962568613,26.150368253319108,1.195854107046236,-36.05732002120854,51.24733692784245
Ciprofloxacin_5,C1CC1N2C=C(C(=O)C3=CC(=C(C=C32)N4CCNCC4)F)C(=O)O,314.35280170178214,-0.9590356040026682,17,3,3,4,1,23,6,-8.315260055304114,0.6168160817387427,53.503906825214784,-9.082768943279712,41.83489638502967,41.81871999983319,9.203015008747393,6.311718895200632,0.457532207652947,32.05324852774986,1.1422925604693477,-44.032741532714404,57.20672726842722
Ciprofloxacin_6,C1CC1N2C=C(C(=O)C3=CC(=C(C=C32)N4CCNCC4)F)C(=O)O,324.0020319791049,-1.2662252077304346,17,3,3,4,1,23,6,-9.183004716236649,1.262273319484757,49.308391144367164,-10.083490789801923,35.759543931434635,53.089429632737584,7.409463649639412,2.059878094714229,0.3932724733759857,31.330351391653068,0.9872538101009706,-42.377998746083875,61.70027247458378
Ciprofloxacin_7,C1CC1N2C=C(C(=O)C3=CC(=C(C=C32)N4CCNCC4)F)C(=O)O,323.10118952620417,-1.228394900699144,17,3,3,4,1,23,6,-9.242086891177653,0.35811571421127486,54.463914451843024,-10.237602278379608,40.96463459033641,43.90298627068528,11.18533754571457,3.6525764653471042,0.45783461476848997,26.78971204976293,1.5401124388988205,-40.95828960925629,57.65178955829988
Ciprofloxacin_8,C1CC1N2C=C(C(=O)C3=CC(=C(C=C32)N4CCNCC4)F)C(=O)O,329.50374178417326,-1.1712492587016885,17,3,3,4,1,23,6,-8.11318554703032,1.4832831130276194,28.07128092911452,-9.25783497627149,42.25660010206089,41.4174770315185,10.057181157663495,6.505706724753372,0.36227624908492395,34.78348393672436,0.5415974285467247,-38.95565992999592,62.733468403170974
Ciprofloxacin_9,C1CC1N2C=C(C(=O)C3=CC(=C(C=C32)N4CCNCC4)F)C(=O)O,316.3081317585509,-0.6561952910082606,17,3,3,4,1,23,6,-9.11875294852706,0.8550498730272965,48.18513340041385,-10.374647982445454,44.96503303028504,47.433534672298464,5.441757637207299,1.5474168146195395,0.45031615180891427,23.98231794767218,0.5611733408387178,-34.83814899095394,64.42901763345078
Fusidic Acid_0,CC1C2CCC3(C(C2(CCC1O)C)C(CC4C3(CC(C4=C(CCC=C(C)C)C(=O)O)OC(=O)C)C)O)C,517.031457588997,5.203703291656576,31,0,6,4,1,37,4,-8.751566202785314,3.4030864778337575,41.30230875790795,-9.91791133465705,38.58813066536831,99.0,1.0,15.991215819983505,0.4096514192315549,27.37635696626787,1.1191422861189866,-46.63104833374815,48.96855622395457
Fusidic Acid_1,CC1C2CCC3(C(C2(CCC1O)C)C(CC4C3(CC(C4=C(CCC=C(C)C)C(=O)O)OC(=O)C)C)O)C,519.7307432620914,5.550962221418724,31,0,6,4,1,37,4,-9.384784806079242,2.695389290339339,48.61272719650623,-10.337702252271008,33.86298646525398,99.0,1.0,22.25894962365563,0.33528353186533183,25.809824291565015,0.890788977434556,-53.90230657038899,62.9132440455786
Fusidic Acid_2,CC1C2CCC3(C(C2(CCC1O)C)C(CC4C3(CC(C4=C(CCC=C(C)C)C(=O)O)OC(=O)C)C)O)C,502.01446993710107,5.25303154353214,31,0,6,4,1,37,4,-9.680160558752844,3.161612496735437,54.18328352499469,-10.788268386672335,30.83478393974471,94.98925448420178,1.0,16.54780304876537,0.44056300347464344,39.025566963178406,0.3951132503384246,-41.51206419740518,59.22049352492194
Fusidic Acid_3,CC1C2CCC3(C(C2(CCC1O)C)C(CC4C3(CC(C4=C(CCC=C(C)C)C(=O)O)OC(=O)C)C)O)C,536.4622382707246,5.870022527189172,31,0,6,4,1,37,4,-8.303191605429493,2.442249612227453,30.06933117042436,-9.591474037251341,29.063616576405614,99.0,1.0,19.26100474868104,0.33236994146918575,33.656221876397716,0.8198028102221465,-45.13899494141995,52.38935991593195
Fusidic Acid_4,CC1C2CCC3(C(C2(CCC1O)C)C(CC4C3(CC(C4=C(CCC=C(C)C)C(=O)O)OC(=O)C)C)O)C,503.1731464507317,5.535239336914733,31,0,6,4,1,37,4,-8.938899174951638,3.332898119621939,47.183123114266806,-10.122209836513361,36.19487665288521,99.0,1.0,18.753792108826705,0.34777319396859907,32.40219855048953,1.37209007201507,-53.40432333240153,54.839252614308215
Fusidic Acid_5,CC1C2CCC3(C(C2(CCC1O)C)C(CC4C3(CC(C4=C(CCC=C(C)C)C(=O)O)OC(=O)C)C)O)C,529.9996948022458,5.846519531877236,31,0,6,4,1,37,4,-9.609038560166624,2.356714710496379,46.039350939434186,-10.86484829940342,47.34886080896813,99.0,1.0,21.112053594864864,0.2948982253143222,25.987983664476925,0.6747078653861839,-40.49601063130019,62.17359630365177
Fusidic Acid_6,CC1C2CCC3(C(C2(CCC1O)C)C(CC4C3(CC(C4=C(CCC=C(C)C)C(=O)O)OC(=O)C)C)O)C,512.4405605065449,5.773898668966823,31,0,6,4,1,37,4,-8.747836718832469,3.5235174304069625,28.821138204356316,-9.604781658086738,46.828863279603794,99.0,1.0,20.558089626976102,0.37065608823828283,33.07026676790088,0.930802302706072,-49.69330786936707,61.6259382453321
Fusidic Acid_7,CC1C2CCC3(C(C2(CCC1O)C)C(CC4C3(CC(C4=C(CCC=C(C)C)C(=O)O)OC(=O)C)C)O)C,521.5980749796139,5.324668877893458,31,0,6,4,1,37,4,-9.701537899423833,2.7399757479531575,48.455144661517835,-10.444456707986738,41.38021102944554,99.0,1.0,19.844851605916233,0.29076911007450407,38.8815046912079,0.9817193351358501,-51.09833680465104,63.69243162190821
Fusidic Acid_8,CC1C2CCC3(C(C2(CCC1O)C)C(CC4C3(CC(C4=C(CCC=C(C)C)C(=O)O)OC(=O)C)C)O)C,499.25365515956406,5.28983546237964,31,0,6,4,1,37,4,-8.925979934316066,2.656828073059454,54.97826245218169,-9.87428973981825,37.44522338217187,99.0,1.0,19.394378098111435,0.3709405291840815,31.006625459447644,0.34772993035976607,-48.79553720574741,57.22817432848664
Fusidic Acid_9,CC1C2CCC3(C(C2(CCC1O)C)C(CC4C3(CC(C4=C(CCC=C(C)C)C(=O)O)OC(=O)C)C)O)C,531.5698550877023,5.75754935714389,31,0,6,4,1,37,4,-8.699574340738558,2.5746912592785836,40.661395331474814,-9.992552764652022,35.6668949825564,99.0,1.0,17.39943948861516,0.2967625646707275,42.15260597235804,0.5260767738837032,-46.64142236927614,61.52287703676008
Clozapine_0,CN1CCN(CC1)C2=NC3=C(C=CC(=C3)Cl)NC4=CC=CC=C42,331.2214970922693,2.710880608598485,19,4,0,4,1,23,7,-9.043975501992334,1.6635401939052863,17.40162759898339,-9.987567881447482,54.6770487088567,95.97892437400566,1.0,12.25390569271285,0.42007471841046584,30.18258429641811,1.3229821571894282,-50.70705318036722,58.94329517549873
Clozapine_1,CN1CCN(CC1)C2=NC3=C(C=CC(=C3)Cl)NC4=CC=CC=C42,324.3083858566696,2.694483875178964,19,4,0,4,1,23,7,-8.983872508213622,3.0095982976756566,52.75938338389616,-9.760871162651915,56.457900227010896,95.94497398206398,1.0,13.170124858045615,0.41023435045321754,22.053064607016907,0.8081206668557745,-40.18064814964243,54.59345531454389
Clozapine_2,CN1CCN(CC1)C2=NC3=C(C=CC(=C3)Cl)NC4=CC=CC=C42,316.7024826754706,2.6923564582392623,19,4,0,4,1,23,7,-9.070546858234142,2.7323210842212626,45.55262523145805,-10.249190331623733,49.27030111916746,74.65464161605253,1.0,14.530938743171472,0.3994646942737353,26.33085562765008,0.7214610120109758,-43.98099811351872,60.54008764421282
Clozapine_3,CN1CCN(CC1)C2=NC3=C(C=CC(=C3)Cl)NC4=CC=CC=C42,326.73960908137656,2.78731861970191,19,4,0,4,1,23,7,-8.499817018500751,1.9446447409237007,36.98017226057138,-9.212276862202634,48.10781257077086,85.06590567045293,1.0,15.438699651178434,0.3247677059327007,27.343514086189806,0.7286484226528239,-39.56787161081133,61.18851407786866
Clozapine_4,CN1CCN(CC1)C2=NC3=C(C=CC(=C3)Cl)NC4=CC=CC=C42,336.54824647933435,2.995011670013697,19,4,0,4,1,23,7,-8.910682298360937,2.4189892545017058,42.61332237903002,-10.195032326350104,64.50666514300767,96.61539425279359,1.0,11.047033098227754,0.41449413975603006,22.292994336959936,1.180783910483609,-39.721229374688704,58.862453243869
Clozapine_5,CN1CCN(CC1)C2=NC3=C(C=CC(=C3)Cl)NC4=CC=CC=C42,326.94974781498917,3.4145128796164035,19,4,0,4,1,23,7,-8.102893098438184,1.9188088270645571,54.80672868859401,-9.216675072907735,52.16633098259974,79.28939898624441,1.0,11.048935852187885,0.40893068189700904,22.793292585143302,0.3681249877506747,-47.99704520828351,53.020059737646726
Clozapine_6,CN1CCN(CC1)C2=NC3=C(C=CC(=C3)Cl)NC4=CC=CC=C42,321.14547471498304,3.5652276595056906,19,4,0,4,1,23,7,-9.188927561113033,2.7308030339783538,20.5809935646595,-10.009120279148144,58.6726321490907,88.70396731450113,3.3752924377902422,13.526659890579733,0.3357768529926152,24.348606761663113,0.6223141800080645,-36.41797013469856,62.07845939720107
Clozapine_7,CN1CCN(CC1)C2=NC3=C(C=CC(=C3)Cl)NC4=CC=CC=C42,334.2430385704868,2.6223228728977177,19,4,0,4,1,23,7,-9.006939566631885,2.3296178094329343,55.2909255473042,-9.765055722347377,49.45763601600184,94.84056644743087,1.0,9.468153231587983,0.34166854180623485,29.181327267324072,0.49834070976986083,-31.072906784875773,60.71078050667068
Clozapine_8,CN1CCN(CC1)C2=NC3=C(C=CC(=C3)Cl)NC4=CC=CC=C42,336.2688657450561,3.0065615034236592,19,4,0,4,1,23,7,-8.041059388521854,2.3323499232202085,24.17741911040308,-8.96153912723919,64.2744629455073,98.07481043721609,2.130889335591136,9.50414198842038,0.37693733018955417,31.173488449198878,1.0758786503812292,-42.924783077256286,56.10123338475418
Clozapine_9,CN1CCN(CC1)C2=NC3=C(C=CC(=C3)Cl)NC4=CC=CC=C42,327.9496404615912,3.440126159912251,19,4,0,4,1,23,7,-8.054043458329575,2.8457583205687538,38.842876188102665,-9.155386883129362,51.19031930997005,77.19757300057239,1.0,8.265533266262565,0.3392139451087233,32.38006946329971,0.9767450998229547,-43.957981568313784,63.08315636443447
Osimertinib_0,CN1C=C(C2=CC=CC=C21)C3=NC(=NC=C3)NC4=C(C=C(C(=C4)NC(=O)C=C)N(C)CCN(C)C)OC,513.3828459067427,3.2043706447860125,28,7,2,4,1,37,12,-8.34230935211409,1.8507792338136906,42.23880272199014,-9.258840275080207,37.063262536462936,90.56497034266968,1.0,16.07858255520899,0.392658116800218,28.535943237720396,0.9213141977019915,-46.703544909531146,46.19641848902151
Osimertinib_1,CN1C=C(C2=CC=CC=C21)C3=NC(=NC=C3)NC4=C(C=C(C(=C4)NC(=O)C=C)N(C)CCN(C)C)OC,483.3729638660709,3.7286558321768566,28,7,2,4,1,37,12,-9.02026910284778,2.0590636580861146,49.731944764657314,-10.294428647064123,38.641522842891916,99.0,1.0,15.078841852803501,0.3802272404306653,33.15815399342637,1.0694759895832064,-36.66386971446981,55.431391689942245
Osimertinib_2,CN1C=C(C2=CC=CC=C21)C3=NC(=NC=C3)NC4=C(C=C(C(=C4)NC(=O)C=C)N(C)CCN(C)C)OC,499.00210672381894,3.807428760921151,28,7,2,4,1,37,12,-8.676914737724669,3.192262528167793,54.27671802495607,-9.536949320224283,32.68848407859186,99.0,1.0,16.98698530417785,0.4122967823681538,34.86879718120766,0.9015075609561568,-49.157499708983934,49.993989013224706
Osimertinib_3,CN1C=C(C2=CC=CC=C21)C3=NC(=NC=C3)NC4=C(C=C(C(=C4)NC(=O)C=C)N(C)CCN(C)C)OC,492.0302643281423,3.390094089688082,28,7,2,4,1,37,12,-8.480307131593317,2.901166523200641,31.965458287574613,-9.653693285790013,36.62578661942364,80.33222418637862,1.0,11.184739494170774,0.353475255146635,26.5617741328855,0.6106705788116729,-36.28861522767993,57.28851141644603
Osimertinib_4,CN1C=C(C2=CC=CC=C21)C3=NC(=NC=C3)NC4=C(C=C(C(=C4)NC(=O)C=C)N(C)CCN(C)C)OC,508.4098160309993,3.8595199546699552,28,7,2,4,1,37,12,-8.95322570927493,1.8368849585298332,48.043160245188275,-9.94221074949377,24.068496170011464,96.71350148193639,1.0,17.538097055433568,0.38440757257558633,33.635734546745496,0.9558645703407783,-49.72285846351742,55.16820120937262
Osimertinib_5,CN1C=C(C2=CC=CC=C21)C3=NC(=NC=C3)NC4=C(C=C(C(=C4)NC(=O)C=C)N(C)CCN(C)C)OC,492.33300852225074,3.4566906738660634,28,7,2,4,1,37,12,-9.389358352619634,2.5959618921718928,30.423655420978196,-10.141932384381203,37.64252452307834,96.93916871613308,1.0,14.606217355818915,0.4482611090851777,32.459467176300386,0.8589536251188903,-44.86606213584637,62.675664752876635
Osimertinib_6,CN1C=C(C2=CC=CC=C21)C3=NC(=NC=C3)NC4=C(C=C(C(=C4)NC(=O)C=C)N(C)CCN(C)C)OC,490.0697268873241,4.124768686435901,28,7,2,4,1,37,12,-8.271477472634427,2.1427656347940403,37.9564176346101,-9.452707602805056,34.8775922166368,93.26941985327139,1.0,15.929809733256265,0.3415612754251818,32.51498902301707,1.22069643039106,-38.950757541533676,55.95801622185999
Osimertinib_7,CN1C=C(C2=CC=CC=C21)C3=NC(=NC=C3)NC4=C(C=C(C(=C4)NC(=O)C=C)N(C)CCN(C)C)OC,503.6141874203633,3.6822537385606218,28,7,2,4,1,37,12,-8.50931580619125,3.0906782505430233,32.49850173383642,-9.731217649864648,39.079592057533596,92.80251573858484,1.0,16.338565109188394,0.4015045598023817,26.63293828988511,1.3040590549627613,-45.42216508229881,47.99695989528465
Osimertinib_8,CN1C=C(C2=CC=CC=C21)C3=NC(=NC=C3)NC4=C(C=C(C(=C4)NC(=O)C=C)N(C)CCN(C)C)OC,498.1790458286936,4.017449514476301,28,7,2,4,1,37,12,-8.537990952756978,1.9442578686567593,24.921850890011626,-9.320186223857457,32.68947659685162,95.80303693254837,1.0,15.931426166412262,0.4204464120765832,32.531442976200545,0.5397508626921554,-45.12369333569645,50.650566837166295
Osimertinib_9,CN1C=C(C2=CC=CC=C21)C3=NC(=NC=C3)NC4=C(C=C(C(=C4)NC(=O)C=C)N(C)CCN(C)C)OC,497.2111668336314,3.4807754072602433,28,7,2,4,1,37,12,-9.329304181458651,2.46650695986041,54.39399518784869,-10.557085324390513,33.914697341174005,99.0,1.0,19.56126323060355,0.3911572294063673,23.32817714637563,1.0833345182911758,-54.52725901142786,53.380834177466646
(2-Chlorophenyl)-dicyclohexylphosphane_0,C1CCC(CC1)P(C2CCCCC2)C3=CC=CC=C3Cl,295.7680603470593,5.219210533073515,19,0,0,4,1,19,3,-8.064331684192084,2.8827927845848595,50.255488727390826,-9.1356832218067,59.930235439202235,99.0,1.0,16.881000847215745,0.38285862998303916,21.836743476382907,0.503267285917189,-34.54793598387389,60.070240986629784
(2-Chlorophenyl)-dicyclohexylphosphane_1,C1CCC(CC1)P(C2CCCCC2)C3=CC=CC=C3Cl,294.1302602333205,5.217552717558313,19,0,0,4,1,19,3,-8.857992710995358,2.4802473121330277,55.37360954289784,-9.792220540716029,63.10467490256314,92.95003919749028,1.0,15.569539789126294,0.3742100480922448,26.56636867734621,1.047954511055443,-38.89406209792925,56.35712587610262
(2-Chlorophenyl)-dicyclohexylphosphane_2,C1CCC(CC1)P(C2CCCCC2)C3=CC=CC=C3Cl,301.3167308262088,5.597649858323013,19,0,0,4,1,19,3,-8.825775477820997,3.372725012805192,39.523863312136626,-10.015685555204984,60.52287807378492,99.0,1.0,21.52020853264192,0.40423055192379714,27.00259608329769,0.7567648756164611,-39.14242755622811,62.54610918621361
(2-Chlorophenyl)-dicyclohexylphosphane_3,C1CCC(CC1)P(C2CCCCC2)C3=CC=CC=C3Cl,314.14529749064457,5.38747933083192,19,0,0,4,1,19,3,-8.930280081517898,3.77299010539814,19.68645897915544,-9.713393194737135,63.27645621620207,99.0,1.0,16.41644627122474,0.3599344620754269,25.75620060966537,0.7482001732826787,-39.291794997323734,64.47436079771029
(2-Chlorophenyl)-dicyclohexylphosphane_4,C1CCC(CC1)P(C2CCCCC2)C3=CC=CC=C3Cl,298.29033950538764,5.697130803484213,19,0,0,4,1,19,3,-9.122992706681629,3.7019696586596216,37.10910374852173,-9.875458043554433,65.90114630952851,99.0,1.0,17.8583669216276,0.35412728630613505,25.292130023977563,0.747231945722419,-38.88656880624208,62.64176022462383
(2-Chlorophenyl)-dicyclohexylphosphane_5,C1CCC(CC1)P(C2CCCCC2)C3=CC=CC=C3Cl,308.37780724924994,5.209923207163088,19,0,0,4,1,19,3,-8.208642234050172,3.875960337273561,50.06659935619856,-9.492898960780774,65.47272017158338,99.0,1.0,17.745191874306922,0.3369802069823795,21.040978276195098,1.0769498817657748,-38.952601718871534,58.796993324825934
(2-Chlorophenyl)-dicyclohexylphosphane_6,C1CCC(CC1)P(C2CCCCC2)C3=CC=CC=C3Cl,302.85255683287426,6.090917280564903,19,0,0,4,1,19,3,-9.33310623334212,3.5273454476653643,22.530083046386242,-10.42810180937135,65.86865830384329,99.0,1.0,18.080920443804157,0.3373260308865126,21.007314605365206,1.56117037248881,-44.72128431309561,61.991255195773824
(2-Chlorophenyl)-dicyclohexylphosphane_7,C1CCC(CC1)P(C2CCCCC2)C3=CC=CC=C3Cl,300.18428847308166,5.578881569401956,19,0,0,4,1,19,3,-8.002088087026937,3.099384081365243,47.19859353869923,-9.265564487852096,73.19731774785062,99.0,1.0,16.231148363476514,0.3145579263117444,20.53792219220238,1.1958497967899135,-36.156486703329946,60.63964870371271
(2-Chlorophenyl)-dicyclohexylphosphane_8,C1CCC(CC1)P(C2CCCCC2)C3=CC=CC=C3Cl,319.94317816540865,5.593466718740279,19,0,0,4,1,19,3,-8.179143287455934,3.8566109973987333,36.86785983560293,-8.941509274957143,68.0361733002881,99.0,1.0,18.686596353241267,0.40328407064919286,29.01311963360096,0.8024824596963944,-34.3938369615694,62.02009115230114
(2-Chlorophenyl)-dicyclohexylphosphane_9,C1CCC(CC1)P(C2CCCCC2)C3=CC=CC=C3Cl,304.7990459634857,5.705840862459059,19,0,0,4,1,19,3,-9.148587849368184,2.4704310588486025,47.45785211851961,-10.324528333707963,62.97613994159233,99.0,1.0,19.517188134957163,0.22877398518929823,17.88634487582671,1.0007696313757923,-38.70899540408216,62.5174697562108
Mycophenolate Mofetil_0,CC1=C2COC(=O)C2=C(C(=C1OC)CC=C(C)CCC(=O)OCCN3CCOCC3)O,425.20999300748025,3.6840595723854115,23,1,7,4,1,31,6,-9.087045077526676,2.9311235501266504,46.972113245608796,-10.359769542172446,42.87877088096516,90.43878781201711,1.0,18.211414469045046,0.4267067076380892,24.245935637894974,0.742106576980689,-45.27835126088691,57.95878871266544
Mycophenolate Mofetil_1,CC1=C2COC(=O)C2=C(C(=C1OC)CC=C(C)CCC(=O)OCCN3CCOCC3)O,451.7114645539798,3.0920270560789773,23,1,7,4,1,31,6,-8.55761775236175,2.2281297493362797,22.801046621276015,-9.701241844359505,29.616155323401163,91.3075525390617,1.0,12.316703217218953,0.397649501254824,31.20440524948461,1.0375386152153852,-42.86497146190121,49.541982409386726
Mycophenolate Mofetil_2,CC1=C2COC(=O)C2=C(C(=C1OC)CC=C(C)CCC(=O)OCCN3CCOCC3)O,453.36216432703526,3.645367974812003,23,1,7,4,1,31,6,-8.909313015086024,2.0995309581821995,42.51525552513047,-9.622418889703932,39.66593289064163,70.14104491254069,1.0,17.39762742215475,0.36731173144508195,28.156554931015414,0.8596062079227326,-41.613387717204056,61.17321396709647
Mycophenolate Mofetil_3,CC1=C2COC(=O)C2=C(C(=C1OC)CC=C(C)CCC(=O)OCCN3CCOCC3)O,414.76542468851727,3.626973570791768,23,1,7,4,1,31,6,-9.214129989881384,2.4038807593276497,42.29744585529008,-10.190734784426207,39.26809918421029,85.41583713318627,1.0,12.237402720154812,0.38434497400368983,32.31562040266668,0.6860603429345892,-44.166698572154154,61.18087981367808
Mycophenolate Mofetil_4,CC1=C2COC(=O)C2=C(C(=C1OC)CC=C(C)CCC(=O)OCCN3CCOCC3)O,453.4461567443551,3.6444689528115406,23,1,7,4,1,31,6,-9.173096387040928,2.187708552299708,42.60515772797986,-10.215231486376108,45.41913067399796,89.95219538937778,1.0,12.804693474417954,0.3598768846538159,29.191730839518982,1.217913054638328,-34.5991150462408,58.362942882801036
Mycophenolate Mofetil_5,CC1=C2COC(=O)C2=C(C(=C1OC)CC=C(C)CCC(=O)OCCN3CCOCC3)O,428.00947472483506,3.699656308956339,23,1,7,4,1,31,6,-8.124006490051494,2.759734133662206,32.814211049459445,-9.385815667850718,36.18435756005298,82.42902315762579,1.0,18.013004424746057,0.3817973429639793,26.0531817509929,1.138780746604739,-46.13775658424021,48.908526052534306
Mycophenolate Mofetil_6,CC1=C2COC(=O)C2=C(C(=C1OC)CC=C(C)CCC(=O)OCCN3CCOCC3)O,415.8521813555322,3.229464851971467,23,1,7,4,1,31,6,-9.286914954241137,3.029152364569712,46.394442381882286,-10.343152533252766,39.148099671108135,71.13634410478011,1.0,13.205987271675287,0.27419626637274636,28.118980333860648,0.9919554212694142,-42.8774139842997,68.7219904432421
Mycophenolate Mofetil_7,CC1=C2COC(=O)C2=C(C(=C1OC)CC=C(C)CCC(=O)OCCN3CCOCC3)O,434.1256746960313,3.626471204559658,23,1,7,4,1,31,6,-8.187471706618261,1.6104529274083688,43.186994020909566,-9.305470477181268,36.14866068715035,94.37615655318017,1.0,14.67233038651729,0.33239302403224563,25.362933936441515,0.9019206263198951,-34.693829814414975,58.03785195329148
Mycophenolate Mofetil_8,CC1=C2COC(=O)C2=C(C(=C1OC)CC=C(C)CCC(=O)OCCN3CCOCC3)O,451.9952130890816,2.8488021071284564,23,1,7,4,1,31,6,-8.901619544156024,3.0524393398419853,39.03915255392444,-10.132108321175203,33.73836591205753,89.67738219117568,1.0,15.464468445566705,0.32051070745484017,29.095998007145152,0.6046061292657775,-43.669047017510145,60.79458377039595
Mycophenolate Mofetil_9,CC1=C2COC(=O)C2=C(C(=C1OC)CC=C(C)CCC(=O)OCCN3CCOCC3)O,416.40768023675184,2.741479862894453,23,1,7,4,1,31,6,-8.918630503299955,2.4179727179697945,55.56906135123919,-9.842264518942047,43.67753969154952,89.05045460653332,1.0,16.430303156575043,0.417116240513249,28.42149742733843,0.9362491959144037,-37.21982607627579,57.73558173231502
Dasatinib_0,CC1=C(C(=CC=C1)Cl)NC(=O)C2=CN=C(S2)NC3=CC(=NC(=N3)C)N4CCN(CC4)CCO,500.71385772241723,3.1547593861103067,23,7,2,4,1,32,9,-8.292648694827049,1.8310397219962067,41.6552493387774,-9.463382302559976,33.96184237255818,99.0,1.0,17.93721565635609,0.31077194973065625,27.80641100663219,1.219592296099279,-44.128823856020425,48.0192042933137
Dasatinib_1,CC1=C(C(=CC=C1)Cl)NC(=O)C2=CN=C(S2)NC3=CC(=NC(=N3)C)N4CCN(CC4)CCO,469.9555291802074,4.002751014974078,23,7,2,4,1,32,9,-9.188775062485444,2.358651208623966,49.01161544263553,-9.932298294339388,37.46298243807033,92.80604886707395,1.0,16.01710891977964,0.3462416907588563,27.766522316435356,0.8185193305064625,-49.6433344357158,60.07303485652759
Dasatinib_2,CC1=C(C(=CC=C1)Cl)NC(=O)C2=CN=C(S2)NC3=CC(=NC(=N3)C)N4CCN(CC4)CCO,492.81355456247996,3.764659413539099,23,7,2,4,1,32,9,-8.864651638140865,2.1214415797595323,48.41546231539646,-9.633110211531326,31.21358513492165,99.0,1.0,15.25523068700638,0.39925874526568444,32.794508260829595,0.6542557146671164,-37.47113396974164,53.215134371924435
Dasatinib_3,CC1=C(C(=CC=C1)Cl)NC(=O)C2=CN=C(S2)NC3=CC(=NC(=N3)C)N4CCN(CC4)CCO,500.27246734992286,4.066310708892413,23,7,2,4,1,32,9,-8.982053525827551,2.9851458313091945,44.14807328606176,-9.737397531083268,38.514977054695755,86.0854042577727,1.0,15.812721967476932,0.39585313474275763,30.430869242003563,0.6224606566794673,-40.645683687434065,52.89945694382613
Dasatinib_4,CC1=C(C(=CC=C1)Cl)NC(=O)C2=CN=C(S2)NC3=CC(=NC(=N3)C)N4CCN(CC4)CCO,479.67904034662257,4.020613897950348,23,7,2,4,1,32,9,-8.82189416043208,2.8793273459639064,56.44206368161518,-9.71189890091055,37.75344022422095,84.48812560038613,1.0,15.906307656752547,0.3349035974387362,27.94418933907349,0.7586893673613424,-49.78128507478078,63.06135528264875
Dasatinib_5,CC1=C(C(=CC=C1)Cl)NC(=O)C2=CN=C(S2)NC3=CC(=NC(=N3)C)N4CCN(CC4)CCO,499.1549459302385,3.4747320134531217,23,7,2,4,1,32,9,-9.512649861411795,2.2881020795785587,37.13167077721188,-10.391151591317447,42.23075662571672,86.81931165901341,1.0,11.725722824831099,0.3162401262540343,29.95542557281373,0.356237466587901,-40.48985413161419,65.79747964576956
Dasatinib_6,CC1=C(C(=CC=C1)Cl)NC(=O)C2=CN=C(S2)NC3=CC(=NC(=N3)C)N4CCN(CC4)CCO,499.8882628682413,3.5381047896475764,23,7,2,4,1,32,9,-9.286953991427461,1.7097744735378129,38.841997508675284,-10.110611351347847,32.54665911215996,99.0,1.0,15.812649305937708,0.4348439639986473,32.15057968286923,0.6839661246528704,-44.747017163272076,56.01995990873329
Dasatinib_7,CC1=C(C(=CC=C1)Cl)NC(=O)C2=CN=C(S2)NC3=CC(=NC(=N3)C)N4CCN(CC4)CCO,495.251141212592,4.085801350748522,23,7,2,4,1,32,9,-9.58008741364716,2.1076906289355124,49.54268780841265,-10.628668563396683,24.839072168253928,99.0,1.0,14.162921390222,0.3522987229591849,41.601315110862885,1.3833229633976152,-45.69339479555495,52.8928071872902
Dasatinib_8,CC1=C(C(=CC=C1)Cl)NC(=O)C2=CN=C(S2)NC3=CC(=NC(=N3)C)N4CCN(CC4)CCO,503.63459828143107,3.1760340633086344,23,7,2,4,1,32,9,-9.553885321415368,2.768676147067966,40.631576449778635,-10.756970968035812,41.412021624058646,81.36514655026822,1.0,18.049595940109562,0.33863879941194824,37.71956017562137,0.6152046151947281,-44.010127976359456,62.83724934172689
Dasatinib_9,CC1=C(C(=CC=C1)Cl)NC(=O)C2=CN=C(S2)NC3=CC(=NC(=N3)C)N4CCN(CC4)CCO,476.9311650772961,3.7861915004846023,23,7,2,4,1,32,9,-9.342262559100215,2.050356347070106,38.497197619810024,-10.092688601820807,33.26501821418698,84.8802542906218,1.0,16.14402871882139,0.3558309160973453,38.41178229158038,0.3637080925747932,-56.4554687876687,58.65525889400072
Sorafenib_0,CNC(=O)C1=NC=CC(=C1)OC2=CC=C(C=C2)NC(=O)NC3=CC(=C(C=C3)Cl)C(F)(F)F,465.89146896134736,3.925614507127462,22,4,3,4,1,29,11,-9.15736303940818,2.2789943040777656,50.856433722193216,-9.944641919227172,43.10714459732764,96.89445637381692,1.0,17.629558545122848,0.2994223276276067,21.709120614405816,0.7121465959412348,-39.22508571230426,59.47249493975043
Sorafenib_1,CNC(=O)C1=NC=CC(=C1)OC2=CC=C(C=C2)NC(=O)NC3=CC(=C(C=C3)Cl)C(F)(F)F,468.4604087907601,4.210822207163926,22,4,3,4,1,29,11,-8.44556754442178,2.8027543308326894,37.171766402263046,-9.199257938462576,43.486457520615076,99.0,1.0,18.7482287353495,0.34695876184036295,23.811393142239826,0.7196350797094135,-39.64487397099979,57.95586157791631
Sorafenib_2,CNC(=O)C1=NC=CC(=C1)OC2=CC=C(C=C2)NC(=O)NC3=CC(=C(C=C3)Cl)C(F)(F)F,462.4955646842983,4.402543568976556,22,4,3,4,1,29,11,-9.1582596223085,2.3362686506355166,20.649774833320112,-9.971903725782296,41.156424785604365,95.05917583256809,1.0,14.59031468111055,0.3685212837634894,27.36136847082352,0.5336887969193433,-41.48744285032014,59.34366002044761
Sorafenib_3,CNC(=O)C1=NC=CC(=C1)OC2=CC=C(C=C2)NC(=O)NC3=CC(=C(C=C3)Cl)C(F)(F)F,453.2029982716031,3.7729108029905216,22,4,3,4,1,29,11,-9.470777117590314,3.3281854041325962,55.22888078765477,-10.580333920094933,38.26201499954193,99.0,1.0,10.969123058761868,0.3675020359035654,22.97121625011496,0.4601759728208232,-51.80972116413878,53.36032754653259
Sorafenib_4,CNC(=O)C1=NC=CC(=C1)OC2=CC=C(C=C2)NC(=O)NC3=CC(=C(C=C3)Cl)C(F)(F)F,483.2236915142472,3.765037330520083,22,4,3,4,1,29,11,-9.040609175379512,3.245758928479684,39.650065809995255,-10.161824443971526,40.791276232917134,97.66746786997632,1.0,16.39062025079411,0.40489664654844565,23.980480050149062,0.7746744296391297,-35.870756211229406,57.93749237806013
Sorafenib_5,CNC(=O)C1=NC=CC(=C1)OC2=CC=C(C=C2)NC(=O)NC3=CC(=C(C=C3)Cl)C(F)(F)F,450.9971874737889,4.135796646186944,22,4,3,4,1,29,11,-9.576073740738055,2.4549016495285096,48.22400570906215,-10.532625113954257,43.454684638878895,99.0,1.0,14.071135113423358,0.3531520507854419,42.66678205508821,0.35038941014553904,-47.906990660599305,58.74312860357083
Sorafenib_6,CNC(=O)C1=NC=CC(=C1)OC2=CC=C(C=C2)NC(=O)NC3=CC(=C(C=C3)Cl)C(F)(F)F,479.87357624300745,3.9707135636457105,22,4,3,4,1,29,11,-8.541456412150135,2.6005754466307924,28.280676658328076,-9.809191335380905,42.28810332542325,99.0,1.0,15.739739985848594,0.358496305130101,31.0036427009001,0.8614763033025649,-37.57524088644707,59.03480112545982
Sorafenib_7,CNC(=O)C1=NC=CC(=C1)OC2=CC=C(C=C2)NC(=O)NC3=CC(=C(C=C3)Cl)C(F)(F)F,469.8021429188147,3.8908599739429306,22,4,3,4,1,29,11,-8.69101562825528,2.5164039956874626,56.18892245914676,-9.575477233346682,35.12964388753908,94.51759849637125,1.0,14.4896153565182,0.3233204046994449,33.0539832824184,0.5112996724879444,-43.341676820187864,54.93545780652977
Sorafenib_8,CNC(=O)C1=NC=CC(=C1)OC2=CC=C(C=C2)NC(=O)NC3=CC(=C(C=C3)Cl)C(F)(F)F,479.9942707537062,4.544150909232817,22,4,3,4,1,29,11,-8.177911577052488,1.989402550935619,24.334671052187453,-8.976405762131595,36.6008738891323,99.0,1.0,14.526121092487045,0.4044710607014169,40.62908582338124,0.3,-40.967185284657084,56.01776973449061
Sorafenib_9,CNC(=O)C1=NC=CC(=C1)OC2=CC=C(C=C2)NC(=O)NC3=CC(=C(C=C3)Cl)C(F)(F)F,465.82344370797205,3.7174040623635998,22,4,3,4,1,29,11,-8.167928455920372,2.9765297340499908,48.356138376278494,-8.899662687433018,36.11949923380358,99.0,1.0,16.31769532043328,0.34056307144174863,35.15772433181909,0.6886942262932998,-41.681082805114066,57.634101876419685
Sunitinib_0,CCN(CC)CCNC(=O)C1=C(NC(=C1C)C=C2C3=C(C=CC(=C3)F)NC2=O)C,412.9636141109,2.1286317047336416,22,4,2,4,1,28,8,-8.685360447835215,1.9078672565554204,25.294938391380708,-9.44867327297515,44.898156379454015,76.04441992371014,1.0,13.167422804095876,0.33770735960932013,31.677082578579718,0.9304308138540586,-39.56302623171835,64.32254033119116
Sunitinib_1,CCN(CC)CCNC(=O)C1=C(NC(=C1C)C=C2C3=C(C=CC(=C3)F)NC2=O)C,404.53188566880317,2.9131846701995956,22,4,2,4,1,28,8,-9.468738848832679,1.4316747666203864,42.550747186993995,-10.352706332263491,44.586615313070325,79.78238056132435,1.4394442250638146,12.708982041805891,0.34693268123364146,29.499257066997817,1.160261104875445,-42.59972992411961,66.20769893602358
Sunitinib_2,CCN(CC)CCNC(=O)C1=C(NC(=C1C)C=C2C3=C(C=CC(=C3)F)NC2=O)C,411.4411350392499,2.940176297823004,22,4,2,4,1,28,8,-8.711341665489458,1.5534398699170973,55.56933141563306,-9.684184389141343,46.17416520636096,85.32632328174628,1.0,13.62216379015214,0.32373735538516735,35.16777756271371,0.3,-34.56831925109769,62.82712251765724
Sunitinib_3,CCN(CC)CCNC(=O)C1=C(NC(=C1C)C=C2C3=C(C=CC(=C3)F)NC2=O)C,398.0522363093977,2.8315486825385663,22,4,2,4,1,28,8,-9.296498506602873,2.4499495853801783,52.165108672303276,-10.364160758829092,48.00039907135797,75.29423501136974,1.0,13.853189848544554,0.41641754564746114,30.22886967875989,0.7171573432831357,-39.70245513456798,58.58590895082946
Sunitinib_4,CCN(CC)CCNC(=O)C1=C(NC(=C1C)C=C2C3=C(C=CC(=C3)F)NC2=O)C,397.3185993047041,3.0800927138592753,22,4,2,4,1,28,8,-8.632081494610349,1.8873775623088307,51.62438395837329,-9.910900141901907,43.20571818439794,85.08860217060843,3.468970054853287,10.104251324771548,0.3686397766318632,24.14802865738606,0.7205994693054616,-33.10846582809471,53.207391470055775
Sunitinib_5,CCN(CC)CCNC(=O)C1=C(NC(=C1C)C=C2C3=C(C=CC(=C3)F)NC2=O)C,396.8963568782064,2.756175630966417,22,4,2,4,1,28,8,-8.352930726524015,2.3213342084398025,40.993909950671814,-9.313899774749773,45.92271212033916,84.3468375820745,4.829318391840662,11.38319413690016,0.38668826635948067,34.11327054081234,0.7446521256069265,-47.31946820049325,52.92524307724925
Sunitinib_6,CCN(CC)CCNC(=O)C1=C(NC(=C1C)C=C2C3=C(C=CC(=C3)F)NC2=O)C,405.4801511506495,2.5659817820381514,22,4,2,4,1,28,8,-8.451253423974524,1.4010893108265838,23.619180983889688,-9.48718387942846,47.72919639664594,77.71752112620332,1.0,12.780290838832322,0.313464370304388,27.671385207657384,1.2981002056522546,-38.66374170831378,59.68875962328808
Sunitinib_7,CCN(CC)CCNC(=O)C1=C(NC(=C1C)C=C2C3=C(C=CC(=C3)F)NC2=O)C,404.92915880596695,2.3428443030004478,22,4,2,4,1,28,8,-8.968100200625786,1.5079123799459113,53.3269016784505,-9.941833815321855,44.06182354731932,92.79539151034912,1.0,12.7625829862261,0.38309340436236405,19.297147663431858,0.37489810922537814,-45.897719256113,54.60168472713143
Sunitinib_8,CCN(CC)CCNC(=O)C1=C(NC(=C1C)C=C2C3=C(C=CC(=C3)F)NC2=O)C,404.50689254290046,2.6535289621161335,22,4,2,4,1,28,8,-9.468157416521585,1.383027159643359,18.20013049293205,-10.465231335660226,36.70672362746306,83.6136410860417,1.0,11.855337378388318,0.36982585010705443,29.35337422300028,0.3573616001301368,-43.74854598262897,56.80124869048139
Sunitinib_9,CCN(CC)CCNC(=O)C1=C(NC(=C1C)C=C2C3=C(C=CC(=C3)F)NC2=O)C,398.48669167125763,2.406765820652952,22,4,2,4,1,28,8,-8.176961635282717,2.1564564664294297,49.61759062253199,-9.428244880790523,38.92515083853833,85.47936358007999,1.0,13.423245131745471,0.5,25.52436400933562,0.9668213622116536,-31.963256774039856,52.78088071735461
Etravirine_0,CC1=CC(=CC(=C1OC2=NC(=NC(=C2Br)N)NC3=CC=C(C=C3)C#N)C)C#N,454.3789265090208,4.749955101104078,20,6,1,4,1,27,9,-8.83761409742196,2.774452731314387,19.482622395062624,-9.968132559225461,47.60647941875409,99.0,1.0,20.8787367150617,0.4031037459899546,26.04487514960119,0.7971723852287678,-40.549523805544325,56.62346601484493
Etravirine_1,CC1=CC(=CC(=C1OC2=NC(=NC(=C2Br)N)NC3=CC=C(C=C3)C#N)C)C#N,447.8242151757811,4.337328776833592,20,6,1,4,1,27,9,-8.466871108571473,2.6299331362216787,34.07870541833487,-9.255614097743246,39.58940671227105,99.0,1.0,16.88099028474789,0.36101814286921324,30.212828764678598,0.8956145257264945,-34.38665944489617,54.996938482144095
Etravirine_2,CC1=CC(=CC(=C1OC2=NC(=NC(=C2Br)N)NC3=CC=C(C=C3)C#N)C)C#N,442.4094639832313,4.187246948938723,20,6,1,4,1,27,9,-9.486031084435842,2.032912201396346,49.45443635069657,-10.206696832977416,50.23992178179176,92.9993549854363,1.0,17.17067354641697,0.38083016417399657,33.463641383528916,0.6556055284769243,-39.92330176678875,60.21201398988262
Etravirine_3,CC1=CC(=CC(=C1OC2=NC(=NC(=C2Br)N)NC3=CC=C(C=C3)C#N)C)C#N,432.27750416003573,4.710529172649962,20,6,1,4,1,27,9,-9.060528288227836,2.591140472858101,50.529010955705274,-10.338426797965854,36.71274660144831,99.0,1.0,16.690807159354826,0.37955974753141464,24.66229544016575,1.1457086386358553,-41.09294587772592,54.14272878224608
Etravirine_4,CC1=CC(=CC(=C1OC2=NC(=NC(=C2Br)N)NC3=CC=C(C=C3)C#N)C)C#N,433.2334536583272,4.364841061238273,20,6,1,4,1,27,9,-9.341533315771713,3.463478197086907,56.800060158362214,-10.446336619713229,39.41032297270647,99.0,1.0,15.790407457254338,0.43211613715312225,23.393444609874884,1.1697547062814169,-40.81020588900683,49.81555600940068
Etravirine_5,CC1=CC(=CC(=C1OC2=NC(=NC(=C2Br)N)NC3=CC=C(C=C3)C#N)C)C#N,445.2717164665775,4.0729827147309505,20,6,1,4,1,27,9,-9.514357849289533,3.252411204820569,37.89347018481944,-10.286796673637653,39.46545715885001,99.0,1.0,17.855462320213125,0.33079173656244554,25.574842832303503,0.7921439423843204,-48.13226395375811,53.17379068648461
Etravirine_6,CC1=CC(=CC(=C1OC2=NC(=NC(=C2Br)N)NC3=CC=C(C=C3)C#N)C)C#N,433.536930948015,4.8523478009526375,20,6,1,4,1,27,9,-9.02932049263896,3.0740204613992654,44.86285479703005,-9.872918709738427,45.75056379474987,93.87444074822486,1.0,17.63483755466163,0.43953856413518844,32.18229702407012,1.2206490057496786,-48.02727142738203,53.251270256167224
Etravirine_7,CC1=CC(=CC(=C1OC2=NC(=NC(=C2Br)N)NC3=CC=C(C=C3)C#N)C)C#N,416.119138444976,4.630238157106161,20,6,1,4,1,27,9,-9.275868191184943,3.3378912171890835,56.32267170530105,-10.307574017121887,46.23425356830635,94.699033382839,1.0,14.68297781378463,0.27073719548870145,29.47741089123318,1.3457442011534224,-40.921207113071716,63.0147649420703
Etravirine_8,CC1=CC(=CC(=C1OC2=NC(=NC(=C2Br)N)NC3=CC=C(C=C3)C#N)C)C#N,428.71847656564626,4.698735705150301,20,6,1,4,1,27,9,-8.694856684962886,2.6849434837267125,51.440922154795786,-9.66629189331208,45.80816852414033,99.0,1.0,17.098783702882116,0.3605339116512857,26.1630436345426,1.4719209346434816,-38.89668784408315,50.760656183544576
Etravirine_9,CC1=CC(=CC(=C1OC2=NC(=NC(=C2Br)N)NC3=CC=C(C=C3)C#N)C)C#N,434.89143912245066,4.219751264384067,20,6,1,4,1,27,9,-8.750559311533962,2.7765254787951115,42.38611928637381,-9.589272317791032,38.231661660993815,99.0,1.0,20.22270969718806,0.40201960958672683,25.824328421561056,0.34679904761463753,-40.86575118039931,53.88446442469911
Efavirenz_0,C1CC1C#CC2(C3=C(C=CC(=C3)Cl)NC(=O)O2)C(F)(F)F,326.64441544726355,3.5005099890159435,15,1,2,4,1,18,4,-8.621178595105285,1.89272669103195,52.504192056878054,-9.43004844438862,61.17086805824201,99.0,1.0,12.50299350033959,0.3851124231081264,26.271571343110956,0.46930238385546547,-36.993550456959774,65.16174587840842
Efavirenz_1,C1CC1C#CC2(C3=C(C=CC(=C3)Cl)NC(=O)O2)C(F)(F)F,321.3384592913715,3.8272936435708873,15,1,2,4,1,18,4,-8.61754063275344,2.186185203289303,51.309873330191536,-9.825797366323304,57.70338302093502,86.603702408214,1.0,14.995604983450258,0.3581211639929295,24.694485793719576,0.8054526778776641,-38.92879005930216,57.90041556767188
Efavirenz_2,C1CC1C#CC2(C3=C(C=CC(=C3)Cl)NC(=O)O2)C(F)(F)F,298.0569544134843,3.9721836066344673,15,1,2,4,1,18,4,-8.895389612689621,1.92488391119319,50.60678579691508,-9.705449286846079,51.67216001450788,82.90667868358523,1.0,14.737298064833908,0.33026917329295097,24.599457442345926,1.4934197434903895,-49.30867787478117,56.63416379654306
Efavirenz_3,C1CC1C#CC2(C3=C(C=CC(=C3)Cl)NC(=O)O2)C(F)(F)F,329.6664574036855,3.7157234904656096,15,1,2,4,1,18,4,-8.6351409514452,3.1153581454726362,45.60736278591592,-9.887559466593167,67.02427034286964,91.04852952493788,1.0,13.718681144730505,0.3161168186628663,26.06191610432878,0.9745649226700417,-34.775261525522744,66.70714669998043
Efavirenz_4,C1CC1C#CC2(C3=C(C=CC(=C3)Cl)NC(=O)O2)C(F)(F)F,312.763455596402,4.401443685849246,15,1,2,4,1,18,4,-8.990739392539542,3.1553661937919575,23.17379291920971,-10.08265806066674,60.051259445332796,82.6584995024556,1.0,8.838612968702805,0.29984654549875345,22.510607103353163,1.1794802926618082,-37.02241744813682,61.501112687237885
Efavirenz_5,C1CC1C#CC2(C3=C(C=CC(=C3)Cl)NC(=O)O2)C(F)(F)F,325.0975499468082,4.496910889297773,15,1,2,4,1,18,4,-8.541755401473903,2.1289286343998075,22.708146209484713,-9.557965141482622,61.18809897564875,99.0,1.0,14.835960399788375,0.38061282152503884,28.93851499760279,0.8191138215643955,-37.658096069040845,57.71188082890166
Efavirenz_6,C1CC1C#CC2(C3=C(C=CC(=C3)Cl)NC(=O)O2)C(F)(F)F,317.4071872503437,3.838671924887497,15,1,2,4,1,18,4,-9.013282906034721,2.4071938920567435,38.60334206474182,-10.093352343134766,54.4385456227717,90.31309457885503,1.0,10.966655775297996,0.3258655130693565,22.622584271090894,0.7829163772427356,-44.573820064942325,65.78605206785477
Efavirenz_7,C1CC1C#CC2(C3=C(C=CC(=C3)Cl)NC(=O)O2)C(F)(F)F,295.7096745787851,4.369200088064807,15,1,2,4,1,18,4,-8.919683527974872,3.0730592448049405,30.16437065909634,-10.168362312395194,66.52633258248977,90.32720276177844,1.0,11.52594494266565,0.3609272255849391,20.00793601192258,0.7939754573328152,-46.42164255739831,62.37991572186541
Efavirenz_8,C1CC1C#CC2(C3=C(C=CC(=C3)Cl)NC(=O)O2)C(F)(F)F,335.1415978228033,4.1971445504103855,15,1,2,4,1,18,4,-8.867291681721102,1.9817475664091184,42.876294707354226,-9.800303282078543,44.90122705489755,89.63984724900973,1.0,14.866530636762967,0.28414894145894015,22.090773229942,0.8957425767110778,-39.544725519251074,60.58044833939038
Efavirenz_9,C1CC1C#CC2(C3=C(C=CC(=C3)Cl)NC(=O)O2)C(F)(F)F,332.37903236364946,3.85917035116979,15,1,2,4,1,18,4,-8.9865806868203,3.3075371428908618,16.593031415966966,-9.906151660958482,59.75962863444058,99.0,1.0,14.057354546652737,0.3999048211528848,17.061852190885958,1.3139710117503554,-51.46873300168282,51.84843798791818
Nevirapine_0,CC1=C2C(=NC=C1)N(C3=C(C=CC=N3)C(=O)N2)C4CC4,273.72974929321936,2.4266494080645695,15,4,1,4,1,20,7,-9.184340412644625,2.5209638573541278,35.30607079995819,-10.216177590225572,61.67447519707867,83.28214492822781,2.2560110245076226,8.727079426089935,0.33585926022203527,23.037872814467093,0.5312350141492383,-46.18362246293309,66.18486983756902
Nevirapine_1,CC1=C2C(=NC=C1)N(C3=C(C=CC=N3)C(=O)N2)C4CC4,266.4277629031586,1.7906621213482636,15,4,1,4,1,20,7,-9.076198387912665,2.2584830997734264,31.888477608533655,-10.181321686194645,58.370576866363706,73.47499234007968,4.279967423537975,7.988568852363932,0.4122678502160819,32.52836490173382,0.9020386672788869,-40.88308839065961,65.35652270873717
Nevirapine_2,CC1=C2C(=NC=C1)N(C3=C(C=CC=N3)C(=O)N2)C4CC4,270.05437059862106,2.2485857267118026,15,4,1,4,1,20,7,-8.357790751659929,2.3614797657111355,33.28716982343748,-9.559675026495057,57.40907283399039,68.05678174467633,10.636483828152851,8.371357237984109,0.3089836990953382,24.234086152288985,1.154468653728351,-38.344091761648556,64.31314538279103
Nevirapine_3,CC1=C2C(=NC=C1)N(C3=C(C=CC=N3)C(=O)N2)C4CC4,248.01547039357644,1.6905903011208259,15,4,1,4,1,20,7,-8.125900410141389,2.5790746720256585,40.16465711068635,-8.917657727526707,53.35494702833421,81.92507230183027,1.728842320968317,8.345929166620875,0.43399069644446814,30.847539217707286,0.5495852995772075,-36.2549213012465,56.11277472794954
Nevirapine_4,CC1=C2C(=NC=C1)N(C3=C(C=CC=N3)C(=O)N2)C4CC4,260.59474716596475,2.2750250556294933,15,4,1,4,1,20,7,-8.89621563586205,1.3141521673046124,54.1996836590716,-9.67517791018491,63.417314661827035,78.93929978627355,3.389462650242894,10.35847235987032,0.34866785798762157,26.25702863149384,1.2741289283436175,-50.970660839952345,65.15143247970383
Nevirapine_5,CC1=C2C(=NC=C1)N(C3=C(C=CC=N3)C(=O)N2)C4CC4,279.3516545974941,1.6275685472154313,15,4,1,4,1,20,7,-8.877478241726074,1.51826884725227,21.163159183693324,-9.800050045573844,50.01722539214766,65.30200194265285,3.785555537526152,6.920576099657606,0.3135930180204852,25.071054590257166,0.5663645976371674,-38.37721651677158,69.39447977457577
Nevirapine_6,CC1=C2C(=NC=C1)N(C3=C(C=CC=N3)C(=O)N2)C4CC4,275.3695652691851,2.2085615685819504,15,4,1,4,1,20,7,-8.553417786733336,2.080789322153815,42.36606243767629,-9.43594600287928,61.98408669586891,85.65998280586105,5.1897248978758554,8.162891008801465,0.421395331227695,29.139940275423008,1.2039232811113196,-38.99116073533716,56.1177912747205
Nevirapine_7,CC1=C2C(=NC=C1)N(C3=C(C=CC=N3)C(=O)N2)C4CC4,260.44213107489765,2.400457072747982,15,4,1,4,1,20,7,-9.063352221714148,1.3534997492659004,41.47530000504574,-10.185917878743142,58.669311270558055,69.05952994619949,6.703766078714641,7.030140845219676,0.41823746198836703,25.89591218866251,0.6124250802292088,-37.79662698145396,61.135636939536504
Nevirapine_8,CC1=C2C(=NC=C1)N(C3=C(C=CC=N3)C(=O)N2)C4CC4,253.07059002861678,1.9962058799500082,15,4,1,4,1,20,7,-9.081234352944062,1.277549241635312,31.611479755091093,-10.178843657338257,55.560426456563576,86.27151218998861,7.051430891587674,12.576472824644284,0.44934842746815956,22.469568210207772,0.7893922244251482,-43.38133703342894,55.067220157136234
Nevirapine_9,CC1=C2C(=NC=C1)N(C3=C(C=CC=N3)C(=O)N2)C4CC4,258.36058140958136,2.1373136296671325,15,4,1,4,1,20,7,-8.894821490947685,1.912712546991743,41.95772380790463,-10.154956511856945,48.505026453317704,82.57918708647426,5.18887387589772,9.91371837588459,0.3485465449822626,23.6810595283265,0.5672557687962674,-36.3490609193437,55.10286559707963
Lorlatinib_0,CC1C2=C(C=CC(=C2)F)C(=O)N(CC3=NN(C(=C3C4=CC(=C(N=C4)N)O1)C#N)C)C,388.88313936128145,1.3039702759710055,21,6,2,4,1,29,9,-8.631080933727937,2.2911855715456966,43.48335360878446,-9.801901955335069,43.34383767537888,69.62337081517171,2.155831646036799,5.5098310106612995,0.3006368521793366,33.78106429330349,0.8013451710542283,-51.08539036715598,61.24868625773326
Lorlatinib_1,CC1C2=C(C=CC(=C2)F)C(=O)N(CC3=NN(C(=C3C4=CC(=C(N=C4)N)O1)C#N)C)C,415.08143686346733,1.9778918579104594,21,6,2,4,1,29,9,-8.561056140045354,2.442749749436979,41.7171530186352,-9.38862668479587,34.082997637374596,76.78937288954869,3.489471371683565,9.302462499140837,0.30357279449874236,33.43930986995757,0.9126997174301661,-40.79746852068677,57.288139934064624
Lorlatinib_2,CC1C2=C(C=CC(=C2)F)C(=O)N(CC3=NN(C(=C3C4=CC(=C(N=C4)N)O1)C#N)C)C,420.2360666974845,1.8640705031454687,21,6,2,4,1,29,9,-9.290740117438277,1.4143409703479102,46.5111677551306,-10.132773386482091,42.66480802722738,77.68023629807807,1.0,9.729240631358039,0.4271828591637443,27.116545089466833,0.9464567582923104,-48.433025459524345,55.08962859422785
Lorlatinib_3,CC1C2=C(C=CC(=C2)F)C(=O)N(CC3=NN(C(=C3C4=CC(=C(N=C4)N)O1)C#N)C)C,426.0560216620854,1.526659826111416,21,6,2,4,1,29,9,-9.213356054649287,1.3637194470934262,39.057883009599195,-10.402842939335263,37.51922716071387,74.18806477473746,1.0,9.197952358952783,0.3794516435690738,30.32634054460484,0.778040034687486,-40.71898319619357,58.85745205007398
Lorlatinib_4,CC1C2=C(C=CC(=C2)F)C(=O)N(CC3=NN(C(=C3C4=CC(=C(N=C4)N)O1)C#N)C)C,414.94832409097296,1.662523910383704,21,6,2,4,1,29,9,-8.512066014677275,2.1861652128588687,24.500429421000597,-9.660837898874034,37.03901141929033,84.53787406463812,1.7121759579894662,7.817820509662316,0.3366443183872329,30.102497468534178,0.6024443649863052,-44.924964262782886,61.696727662610975
Lorlatinib_5,CC1C2=C(C=CC(=C2)F)C(=O)N(CC3=NN(C(=C3C4=CC(=C(N=C4)N)O1)C#N)C)C,407.99374090170807,1.3233230995267489,21,6,2,4,1,29,9,-8.089428318802886,1.213214970070584,27.05990196408267,-9.226254811179576,35.633121857634066,70.91894330815067,1.0,10.322067757005485,0.35638407107399733,30.053748634973775,1.314611620929702,-35.520288371359946,56.37979139843416
Lorlatinib_6,CC1C2=C(C=CC(=C2)F)C(=O)N(CC3=NN(C(=C3C4=CC(=C(N=C4)N)O1)C#N)C)C,407.1290757389951,1.547685723029144,21,6,2,4,1,29,9,-8.797838072620529,1.768403126176678,34.153481767521114,-9.539932576440306,34.45102498488528,79.53702867129563,5.123117701821991,11.630461457675507,0.34810706910359035,24.837549273795943,0.9034963865058367,-38.07550582857417,54.946129553616835
Lorlatinib_7,CC1C2=C(C=CC(=C2)F)C(=O)N(CC3=NN(C(=C3C4=CC(=C(N=C4)N)O1)C#N)C)C,406.6076491501108,1.5929053414052634,21,6,2,4,1,29,9,-8.581621677031919,1.9456240426286777,20.875387448775548,-9.794537861072234,37.248085041746016,67.47049056565231,1.0,8.077724884229701,0.44668653161113137,34.25267779779115,0.710855314933188,-32.65689367509025,56.5371129951936
Lorlatinib_8,CC1C2=C(C=CC(=C2)F)C(=O)N(CC3=NN(C(=C3C4=CC(=C(N=C4)N)O1)C#N)C)C,395.3725563722314,1.031522185307113,21,6,2,4,1,29,9,-9.221071941804496,1.910963114381913,42.75260437555154,-10.04754018694794,37.99429840278082,77.24106159994496,1.0,10.384267437728232,0.3112012900417669,21.487902011107362,0.8540744321516082,-37.822898313859625,62.35565913761724
Lorlatinib_9,CC1C2=C(C=CC(=C2)F)C(=O)N(CC3=NN(C(=C3C4=CC(=C(N=C4)N)O1)C#N)C)C,415.2674239723079,1.3590963835363912,21,6,2,4,1,29,9,-8.730113100570215,2.056647730971393,36.30654027365878,-9.754126112463455,38.29043852137196,63.678472475234265,2.4438742297866862,8.810394633065227,0.38971459875953174,35.19656210576448,0.5334652561981476,-39.77795374330141,62.500578228846805
Simeprevir_0,CC1=C(C=CC2=C1N=C(C=C2OC3CC4C(C3)C(=O)N(CCCCC=CC5CC5(NC4=O)C(=O)NS(=O)(=O)C6CC6)C)C7=NC(=CS7)C(C)C)OC,755.0284030866499,5.19447805558682,38,5,7,4,1,50,13,-8.683456474440586,2.4252513265394855,59.5913525830594,-9.46905765236099,20.0,99.0,1.0,23.683535863043677,0.3341429666937058,43.424998673929004,0.7152589417786698,-49.95694284445383,53.31945410083935
Simeprevir_1,CC1=C(C=CC2=C1N=C(C=C2OC3CC4C(C3)C(=O)N(CCCCC=CC5CC5(NC4=O)C(=O)NS(=O)(=O)C6CC6)C)C7=NC(=CS7)C(C)C)OC,750.0979105116033,5.192615334089031,38,5,7,4,1,50,13,-9.759408176485774,2.479011317936365,30.361325687921877,-10.943564812207736,20.0,99.0,1.0,21.753445298754837,0.3485042075540251,41.814159115471895,0.7453113458518146,-54.81255514898669,51.96245195124925
Simeprevir_2,CC1=C(C=CC2=C1N=C(C=C2OC3CC4C(C3)C(=O)N(CCCCC=CC5CC5(NC4=O)C(=O)NS(=O)(=O)C6CC6)C)C7=NC(=CS7)C(C)C)OC,743.5114586839359,4.477096694294084,38,5,7,4,1,50,13,-9.803136147407583,2.961532605455816,33.86902039123562,-10.861121964364859,20.0,99.0,1.0,23.92122515615234,0.24235833828059883,42.905940837313416,1.0471892877388886,-49.42869070112803,49.947927470924554
Simeprevir_3,CC1=C(C=CC2=C1N=C(C=C2OC3CC4C(C3)C(=O)N(CCCCC=CC5CC5(NC4=O)C(=O)NS(=O)(=O)C6CC6)C)C7=NC(=CS7)C(C)C)OC,763.1475182406577,4.612882912595933,38,5,7,4,1,50,13,-9.908871584312664,2.574119578019257,57.025658542971414,-10.77966337154018,20.0,99.0,1.0,21.80559531811518,0.3121289808755543,35.4216070584382,1.0731944878868165,-47.949438903607245,58.069860219313995
Simeprevir_4,CC1=C(C=CC2=C1N=C(C=C2OC3CC4C(C3)C(=O)N(CCCCC=CC5CC5(NC4=O)C(=O)NS(=O)(=O)C6CC6)C)C7=NC(=CS7)C(C)C)OC,740.7660527819677,4.532006201281807,38,5,7,4,1,50,13,-9.522409885252463,2.556379925114643,54.55961549993821,-10.544625686165036,20.0,99.0,1.0,20.21479148797651,0.37640860761594647,35.6373986345115,0.8021808053466848,-54.277770867364126,51.01123846726198
Simeprevir_5,CC1=C(C=CC2=C1N=C(C=C2OC3CC4C(C3)C(=O)N(CCCCC=CC5CC5(NC4=O)C(=O)NS(=O)(=O)C6CC6)C)C7=NC(=CS7)C(C)C)OC,738.7600312403674,5.203223624970936,38,5,7,4,1,50,13,-9.098576828006731,2.4374980155263564,39.10194714179012,-9.961451268809565,20.0,99.0,1.0,20.232157132400946,0.47807438833414917,37.77560242700926,0.9456366624648751,-44.175463388030316,50.499486825428384
Simeprevir_6,CC1=C(C=CC2=C1N=C(C=C2OC3CC4C(C3)C(=O)N(CCCCC=CC5CC5(NC4=O)C(=O)NS(=O)(=O)C6CC6)C)C7=NC(=CS7)C(C)C)OC,738.8508916632342,5.235369499404729,38,5,7,4,1,50,13,-9.236774800644405,3.1183250503339535,30.83222235534018,-10.382092450449223,20.0,99.0,1.0,20.962304318190156,0.35642363495309737,47.38557505464008,0.3,-53.952615637499406,56.672204638692385
Simeprevir_7,CC1=C(C=CC2=C1N=C(C=C2OC3CC4C(C3)C(=O)N(CCCCC=CC5CC5(NC4=O)C(=O)NS(=O)(=O)C6CC6)C)C7=NC(=CS7)C(C)C)OC,747.2340482772255,5.093215536013189,38,5,7,4,1,50,13,-9.14876946211982,2.1630987708227547,30.550667289732832,-10.401349856680072,20.0,99.0,1.0,16.330779315844843,0.36537819887280376,36.024287508659995,1.1474479097209997,-40.318522495312756,50.36805506119156
Simeprevir_8,CC1=C(C=CC2=C1N=C(C=C2OC3CC4C(C3)C(=O)N(CCCCC=CC5CC5(NC4=O)C(=O)NS(=O)(=O)C6CC6)C)C7=NC(=CS7)C(C)C)OC,769.0124595655278,4.4114621395835165,38,5,7,4,1,50,13,-9.492526534354997,2.715793670920074,45.157277027454505,-10.212204460849682,20.0,99.0,1.0,18.320880345384005,0.3531398298086033,40.918735979548174,0.788542245576207,-45.95847733176806,56.208224526310175
Simeprevir_9,CC1=C(C=CC2=C1N=C(C=C2OC3CC4C(C3)C(=O)N(CCCCC=CC5CC5(NC4=O)C(=O)NS(=O)(=O)C6CC6)C)C7=NC(=CS7)C(C)C)OC,735.1862478921729,4.372711214344592,38,5,7,4,1,50,13,-9.192922072187143,2.3709548264212983,54.79946136406368,-10.422086732330055,20.0,99.0,1.0,23.079889435189823,0.3740768150980615,35.61480602400511,0.8456464390111489,-42.37713207374016,52.95119341889366
Velpatasvir_0,CC1CCC(N1C(=O)C(C(C)C)NC(=O)OC)C2=NC3=C(N2)C=CC4=CC5=C(C=C43)OCC6=C5C=CC(=C6)C7=CN=C(N7)C8CC(CN8C(=O)C(C9=CC=CC=C9)NC(=O)OC)COC,885.836886072015,6.543852058201974,49,8,8,4,1,65,18,-9.081711666336354,3.685796150899108,51.32721678128006,-10.057354873959305,20.0,99.0,1.0,24.0,0.36209718306415356,38.015745844400776,0.8133391681490654,-49.586385301458144,51.582170803988014
Velpatasvir_1,CC1CCC(N1C(=O)C(C(C)C)NC(=O)OC)C2=NC3=C(N2)C=CC4=CC5=C(C=C43)OCC6=C5C=CC(=C6)C7=CN=C(N7)C8CC(CN8C(=O)C(C9=CC=CC=C9)NC(=O)OC)COC,865.223225379363,6.416998858083119,49,8,8,4,1,65,18,-10.181032661754545,3.295401717393618,53.24752408581716,-11.479244583285146,20.0,99.0,1.0,24.0,0.3420726939259433,39.015203527409525,1.340088909411905,-46.114164599546726,54.285152775568044
Velpatasvir_2,CC1CCC(N1C(=O)C(C(C)C)NC(=O)OC)C2=NC3=C(N2)C=CC4=CC5=C(C=C43)OCC6=C5C=CC(=C6)C7=CN=C(N7)C8CC(CN8C(=O)C(C9=CC=CC=C9)NC(=O)OC)COC,895.7079724739042,6.360117096125154,49,8,8,4,1,65,18,-8.949801029382986,2.777090129566182,34.04758049848336,-9.692467133389675,20.0,99.0,1.0,24.0,0.3013255996086092,49.26166006007254,0.9845843575939701,-56.165951809345124,55.79279909335897
Velpatasvir_3,CC1CCC(N1C(=O)C(C(C)C)NC(=O)OC)C2=NC3=C(N2)C=CC4=CC5=C(C=C43)OCC6=C5C=CC(=C6)C7=CN=C(N7)C8CC(CN8C(=O)C(C9=CC=CC=C9)NC(=O)OC)COC,899.0231172225266,6.480133849195092,49,8,8,4,1,65,18,-9.746486731320465,3.193970843180753,43.511220729574845,-10.632329165809224,20.0,99.0,1.0,24.0,0.34982951516427185,45.48593068684292,1.7118351509497183,-54.7101470160258,51.88940380060665
Velpatasvir_4,CC1CCC(N1C(=O)C(C(C)C)NC(=O)OC)C2=NC3=C(N2)C=CC4=CC5=C(C=C43)OCC6=C5C=CC(=C6)C7=CN=C(N7)C8CC(CN8C(=O)C(C9=CC=CC=C9)NC(=O)OC)COC,863.8732750540969,6.6936301419253725,49,8,8,4,1,65,18,-9.979475717048894,2.8065602245311756,41.99797788534255,-11.139552767058753,20.0,99.0,1.0,21.413537268588595,0.28010043772285087,40.23265645634788,0.8870853669933605,-49.541584852558636,59.14685799966981
Velpatasvir_5,CC1CCC(N1C(=O)C(C(C)C)NC(=O)OC)C2=NC3=C(N2)C=CC4=CC5=C(C=C43)OCC6=C5C=CC(=C6)C7=CN=C(N7)C8CC(CN8C(=O)C(C9=CC=CC=C9)NC(=O)OC)COC,893.7865795399463,5.964285221212482,49,8,8,4,1,65,18,-9.075075750240607,3.6327277094705828,33.86238885649654,-10.051019697581978,20.0,99.0,1.0,23.828964157101165,0.3749186984935536,42.86277004121,1.19888241618971,-60.0,51.726611875498186
Velpatasvir_6,CC1CCC(N1C(=O)C(C(C)C)NC(=O)OC)C2=NC3=C(N2)C=CC4=CC5=C(C=C43)OCC6=C5C=CC(=C6)C7=CN=C(N7)C8CC(CN8C(=O)C(C9=CC=CC=C9)NC(=O)OC)COC,889.5251495297675,6.4973141440866256,49,8,8,4,1,65,18,-9.890823532027964,3.8225953334413085,59.030535091811224,-11.026394847109202,20.0,99.0,1.0,24.0,0.40042488671608134,30.324441532533328,1.2022816729625379,-55.15773314721969,46.159440814636184
Velpatasvir_7,CC1CCC(N1C(=O)C(C(C)C)NC(=O)OC)C2=NC3=C(N2)C=CC4=CC5=C(C=C43)OCC6=C5C=CC(=C6)C7=CN=C(N7)C8CC(CN8C(=O)C(C9=CC=CC=C9)NC(=O)OC)COC,895.1954199196612,6.5923771145933,49,8,8,4,1,65,18,-9.279057499657393,3.5346255601930747,33.537519837840506,-10.373901716910554,20.0,99.0,1.0,24.0,0.3432861899958053,39.32987458184221,0.7931991334385853,-46.47444389151683,53.379343635920414
Velpatasvir_8,CC1CCC(N1C(=O)C(C(C)C)NC(=O)OC)C2=NC3=C(N2)C=CC4=CC5=C(C=C43)OCC6=C5C=CC(=C6)C7=CN=C(N7)C8CC(CN8C(=O)C(C9=CC=CC=C9)NC(=O)OC)COC,883.7300924565284,6.106254266427828,49,8,8,4,1,65,18,-8.877200057763954,3.3573985510376176,31.95697951748305,-10.056754747864508,20.0,99.0,1.0,23.756630474660586,0.34706698542728087,38.92852383494668,0.9122704582784842,-54.4505475186107,53.363114496820984
Velpatasvir_9,CC1CCC(N1C(=O)C(C(C)C)NC(=O)OC)C2=NC3=C(N2)C=CC4=CC5=C(C=C43)OCC6=C5C=CC(=C6)C7=CN=C(N7)C8CC(CN8C(=O)C(C9=CC=CC=C9)NC(=O)OC)COC,864.6770541751193,5.904122284558098,49,8,8,4,1,65,18,-10.02714234256882,2.839768085083704,29.908996632967728,-10.758406048958015,20.0,99.0,1.0,24.0,0.39508427409379876,45.401474299811824,0.5749567427199069,-59.456688143721735,58.84913705063629
Omega-6 Fatty Acids_0,CCCCCC=CCC=CCCCCCCCC(=O)O.CCCCCC=CCC=CCC=CCC=CCCCC(=O)O,582.7016843004096,0.2850933064979919,38,0,4,0,1,42,8,-8.640969613334091,0.5978606812632248,50.73829538620784,-9.712984658659046,20.0,65.71315511888497,2.901748557765269,7.898803291863846,0.10343808754223914,35.9281612299778,0.6533347359962549,-46.70295500453315,65.38607055058911
Omega-6 Fatty Acids_1,CCCCCC=CCC=CCCCCCCCC(=O)O.CCCCCC=CCC=CCC=CCC=CCCCC(=O)O,601.8192453093659,-0.06906326821535236,38,0,4,0,1,42,8,-8.386171247630285,1.3788233674843882,45.47656194108944,-9.129046189573856,20.0,53.67052951393417,1.0,5.3140388668889855,0.0584339295437192,34.887211785957255,0.7778195990221661,-40.61689317443522,70.8191840964249
Omega-6 Fatty Acids_2,CCCCCC=CCC=CCCCCCCCC(=O)O.CCCCCC=CCC=CCC=CCC=CCCCC(=O)O,571.8254716509533,0.008416551357516844,38,0,4,0,1,42,8,-9.817046084207323,0.8234912201054791,50.27260647789314,-10.79664049382301,20.0,72.44206466988905,1.0,10.782136572408318,0.0,35.42818681761941,0.3,-51.98781680900375,70.22172679212875
Omega-6 Fatty Acids_3,CCCCCC=CCC=CCCCCCCCC(=O)O.CCCCCC=CCC=CCC=CCC=CCCCC(=O)O,564.9832604939968,0.46807328086374245,38,0,4,0,1,42,8,-9.218856353441316,0.8598768782817873,45.193578978248524,-9.97865237511674,20.0,70.90467719747491,1.0,9.202547451199594,0.05414859856296048,25.4704606612137,0.8954558224858097,-41.71893016251653,62.78662522739222
Omega-6 Fatty Acids_4,CCCCCC=CCC=CCCCCCCCC(=O)O.CCCCCC=CCC=CCC=CCC=CCCCC(=O)O,598.7940011257235,-0.19801977304606366,38,0,4,0,1,42,8,-8.688118632282032,1.8756481528745106,26.058589781380242,-9.845266323055288,20.0,68.2434042037718,1.0,9.070213251241611,0.092138664155444,35.458685839119234,0.5046275498207171,-44.88902721395096,67.44424014235037
Omega-6 Fatty Acids_5,CCCCCC=CCC=CCCCCCCCC(=O)O.CCCCCC=CCC=CCC=CCC=CCCCC(=O)O,603.5659998672845,-0.10972113601144773,38,0,4,0,1,42,8,-8.897719309395997,0.7472328244853395,30.065383711069213,-9.803595328040382,20.0,49.113931658804,1.0,5.918333691107058,0.03505982229740694,34.7378050454543,0.3,-39.66344248903906,70.25679327374962
Omega-6 Fatty Acids_6,CCCCCC=CCC=CCCCCCCCC(=O)O.CCCCCC=CCC=CCC=CCC=CCCCC(=O)O,584.7120661475843,0.43083241581748777,38,0,4,0,1,42,8,-9.3598274476574,0.9438857165939498,32.35049262391898,-10.31533344779847,20.0,64.78565389006906,1.0,6.351520188982372,0.11392293947237052,40.55640037255881,0.3,-40.09310388420606,68.65913028979438
Omega-6 Fatty Acids_7,CCCCCC=CCC=CCCCCCCCC(=O)O.CCCCCC=CCC=CCC=CCC=CCCCC(=O)O,575.9473525762601,0.3693493438130818,38,0,4,0,1,42,8,-9.684901437082468,1.0060712682247184,42.95271455285355,-10.56647132262988,20.0,57.56951858775722,1.0,14.350665291290749,0.10674535581690639,29.33377377711668,0.3,-58.3691112188929,72.10696986736947
Omega-6 Fatty Acids_8,CCCCCC=CCC=CCCCCCCCC(=O)O.CCCCCC=CCC=CCC=CCC=CCCCC(=O)O,597.8830348131778,0.2592694196633919,38,0,4,0,1,42,8,-8.55757596120214,1.2431901997585404,59.810988677445444,-9.482568011732512,20.0,75.22162135668671,1.0,9.878203208037965,0.1424158609852303,31.40227057083104,0.3155781562715456,-51.87463459705687,67.99340165443743
Omega-6 Fatty Acids_9,CCCCCC=CCC=CCCCCCCCC(=O)O.CCCCCC=CCC=CCC=CCC=CCCCC(=O)O,604.1039641243191,0.04230007402408442,38,0,4,0,1,42,8,-8.88818123878241,0.6080553875277801,35.677319088960566,-9.780306518019607,20.0,78.72134459805805,1.0,6.952215086718976,0.10661545103442674,40.54482162878806,0.3,-46.7578035475781,69.12948336278873
Histrelin_0,CCNC(=O)C1CCCN1C(=O)C(CCCN=C(N)N)NC(=O)C(CC(C)C)NC(=O)C(CC2=CN(C=N2)CC3=CC=CC=C3)NC(=O)C(CC4=CC=C(C=C4)O)NC(=O)C(CO)NC(=O)C(CC5=CNC6=CC=CC=C65)NC(=O)C(CC7=CN=CN7)NC(=O)C8CCC(=O)N8,1312.7581268527856,0.5773911104236912,66,18,12,4,1,96,25,-9.783703864954585,1.020829913857045,42.13779669040927,-10.811944142610514,20.0,80.36003765062799,1.0,20.584762825197274,0.27563369200670146,50.0,1.506020936436729,-60.0,65.10818996833231
Histrelin_1,CCNC(=O)C1CCCN1C(=O)C(CCCN=C(N)N)NC(=O)C(CC(C)C)NC(=O)C(CC2=CN(C=N2)CC3=CC=CC=C3)NC(=O)C(CC4=CC=C(C=C4)O)NC(=O)C(CO)NC(=O)C(CC5=CNC6=CC=CC=C65)NC(=O)C(CC7=CN=CN7)NC(=O)C8CCC(=O)N8,1314.9695875775717,0.6768612917912744,66,18,12,4,1,96,25,-10.608126444860929,1.5254404509385404,52.55469542591829,-11.89046093601403,20.0,91.55296680152266,1.0,16.79919844055084,0.3716110274594258,50.0,0.7585113218167041,-60.0,61.863267118028226
Histrelin_2,CCNC(=O)C1CCCN1C(=O)C(CCCN=C(N)N)NC(=O)C(CC(C)C)NC(=O)C(CC2=CN(C=N2)CC3=CC=CC=C3)NC(=O)C(CC4=CC=C(C=C4)O)NC(=O)C(CO)NC(=O)C(CC5=CNC6=CC=CC=C65)NC(=O)C(CC7=CN=CN7)NC(=O)C8CCC(=O)N8,1325.2941423134416,1.1737593072430137,66,18,12,4,1,96,25,-10.729307217184383,0.7969929220209452,75.58600189144755,-11.433322900599704,20.0,91.27085714631048,1.0,18.128757238528014,0.3648847386200832,50.0,0.7935492274741045,-60.0,57.65675270294197
Histrelin_3,CCNC(=O)C1CCCN1C(=O)C(CCCN=C(N)N)NC(=O)C(CC(C)C)NC(=O)C(CC2=CN(C=N2)CC3=CC=CC=C3)NC(=O)C(CC4=CC=C(C=C4)O)NC(=O)C(CO)NC(=O)C(CC5=CNC6=CC=CC=C65)NC(=O)C(CC7=CN=CN7)NC(=O)C8CCC(=O)N8,1323.0425220466152,0.7504094431784858,66,18,12,4,1,96,25,-10.462696573527626,1.4709536084895736,67.54657197018025,-11.320210690388233,20.0,82.1422527376406,1.0,19.08155002094861,0.40554415494287305,50.0,0.8435784960027857,-60.0,59.97855664799622
Histrelin_4,CCNC(=O)C1CCCN1C(=O)C(CCCN=C(N)N)NC(=O)C(CC(C)C)NC(=O)C(CC2=CN(C=N2)CC3=CC=CC=C3)NC(=O)C(CC4=CC=C(C=C4)O)NC(=O)C(CO)NC(=O)C(CC5=CNC6=CC=CC=C65)NC(=O)C(CC7=CN=CN7)NC(=O)C8CCC(=O)N8,1318.0145531958683,0.6080682030359308,66,18,12,4,1,96,25,-10.461637424285472,2.18577367074276,67.80405600496978,-11.627145021631254,20.0,81.13874910920886,1.0,20.92686583880517,0.39187952889087424,50.0,0.9913631353297482,-60.0,58.113814761864596
Histrelin_5,CCNC(=O)C1CCCN1C(=O)C(CCCN=C(N)N)NC(=O)C(CC(C)C)NC(=O)C(CC2=CN(C=N2)CC3=CC=CC=C3)NC(=O)C(CC4=CC=C(C=C4)O)NC(=O)C(CO)NC(=O)C(CC5=CNC6=CC=CC=C65)NC(=O)C(CC7=CN=CN7)NC(=O)C8CCC(=O)N8,1309.2997183127902,0.3844904118536503,66,18,12,4,1,96,25,-10.763551652867278,1.2200093138028425,51.63964479048271,-11.593813591663878,20.0,89.33572670097274,1.0,22.38096634866899,0.3491571151489666,47.62028373354702,0.7828781730834595,-60.0,59.667958856742445
Histrelin_6,CCNC(=O)C1CCCN1C(=O)C(CCCN=C(N)N)NC(=O)C(CC(C)C)NC(=O)C(CC2=CN(C=N2)CC3=CC=CC=C3)NC(=O)C(CC4=CC=C(C=C4)O)NC(=O)C(CO)NC(=O)C(CC5=CNC6=CC=CC=C65)NC(=O)C(CC7=CN=CN7)NC(=O)C8CCC(=O)N8,1343.2747590546717,0.4355466737636644,66,18,12,4,1,96,25,-9.51476707493073,2.0660096307319127,73.71031238596493,-10.462704839434393,20.0,86.63558005286404,1.0,21.814738791756888,0.3572370741113508,50.0,0.7119415118537915,-60.0,56.53587849452495
Histrelin_7,CCNC(=O)C1CCCN1C(=O)C(CCCN=C(N)N)NC(=O)C(CC(C)C)NC(=O)C(CC2=CN(C=N2)CC3=CC=CC=C3)NC(=O)C(CC4=CC=C(C=C4)O)NC(=O)C(CO)NC(=O)C(CC5=CNC6=CC=CC=C65)NC(=O)C(CC7=CN=CN7)NC(=O)C8CCC(=O)N8,1331.539715759566,0.5474383632484666,66,18,12,4,1,96,25,-9.77877967340787,1.7635167858709107,70.84429914065808,-10.846546425846618,20.0,80.64839363997115,1.0,18.761658558546316,0.31410848634915695,48.434982294682435,1.204878237111405,-60.0,62.58703595920208
Histrelin_8,CCNC(=O)C1CCCN1C(=O)C(CCCN=C(N)N)NC(=O)C(CC(C)C)NC(=O)C(CC2=CN(C=N2)CC3=CC=CC=C3)NC(=O)C(CC4=CC=C(C=C4)O)NC(=O)C(CO)NC(=O)C(CC5=CNC6=CC=CC=C65)NC(=O)C(CC7=CN=CN7)NC(=O)C8CCC(=O)N8,1311.19532724897,1.0218713548708458,66,18,12,4,1,96,25,-10.103802557402902,1.5699510439976772,63.919000127439745,-11.260574342293662,20.0,89.68537483808153,1.0,23.918818322046732,0.3725691400011554,49.94643540691164,0.7188653221169714,-60.0,64.321729263105
Histrelin_9,CCNC(=O)C1CCCN1C(=O)C(CCCN=C(N)N)NC(=O)C(CC(C)C)NC(=O)C(CC2=CN(C=N2)CC3=CC=CC=C3)NC(=O)C(CC4=CC=C(C=C4)O)NC(=O)C(CO)NC(=O)C(CC5=CNC6=CC=CC=C65)NC(=O)C(CC7=CN=CN7)NC(=O)C8CCC(=O)N8,1315.9107447471954,0.4214474419101557,66,18,12,4,1,96,25,-9.909198490524249,1.399316273786496,67.3636390221537,-10.83396305069614,20.0,76.14225934907878,1.0,21.550382085475658,0.2843545992113541,50.0,0.5332215385874015,-60.0,65.90005473552598
Dasabuvir_0,CC(C)(C)C1=CC(=CC(=C1OC)C2=CC3=C(C=C2)C=C(C=C3)NS(=O)(=O)C)N4C=CC(=O)NC4=O,504.00089676351615,4.779425395831939,26,3,5,4,1,34,13,-8.765469818827228,2.7073094626473777,40.14251429136439,-9.612755612889254,29.735169937982356,94.73403704570526,1.0,17.972105870148205,0.4360056995309272,28.371885763640204,0.9507016602038796,-41.42903971639052,51.67104252235621
Dasabuvir_1,CC(C)(C)C1=CC(=CC(=C1OC)C2=CC3=C(C=C2)C=C(C=C3)NS(=O)(=O)C)N4C=CC(=O)NC4=O,486.4797558530706,4.098715187124615,26,3,5,4,1,34,13,-8.826669331727524,2.03416818576523,38.30759878510867,-10.098809138492896,41.836405617160345,99.0,1.0,18.988743138918572,0.30970756045347914,29.87337586406822,1.2318491109034613,-42.16662873699307,57.58790829592658
Dasabuvir_2,CC(C)(C)C1=CC(=CC(=C1OC)C2=CC3=C(C=C2)C=C(C=C3)NS(=O)(=O)C)N4C=CC(=O)NC4=O,478.99982277322545,4.222562665019348,26,3,5,4,1,34,13,-8.637642471730269,3.15042390184995,53.1381395044078,-9.739808996433668,30.95043227315236,99.0,1.0,16.764628548273514,0.34074488507279144,28.78343641700383,0.544608627275027,-40.637244756714544,52.107617698501045
Dasabuvir_3,CC(C)(C)C1=CC(=CC(=C1OC)C2=CC3=C(C=C2)C=C(C=C3)NS(=O)(=O)C)N4C=CC(=O)NC4=O,498.31822084173007,4.482981992326977,26,3,5,4,1,34,13,-8.316454772640284,2.3281988177432034,34.72533433709385,-9.105336267931795,41.04372310583625,99.0,1.0,17.786534642926696,0.4498019674668415,36.13903715911276,0.6180284848591294,-36.8160648185606,57.111838754222156
Dasabuvir_4,CC(C)(C)C1=CC(=CC(=C1OC)C2=CC3=C(C=C2)C=C(C=C3)NS(=O)(=O)C)N4C=CC(=O)NC4=O,497.87231338409737,4.456946739211352,26,3,5,4,1,34,13,-8.756818268963807,3.2369470559348867,26.36431381985843,-9.526486991020315,32.01308957825212,99.0,1.0,19.45559063084341,0.352502018695781,36.268180059116986,0.49270921338532986,-38.11414847084417,54.45027644629088
Dasabuvir_5,CC(C)(C)C1=CC(=CC(=C1OC)C2=CC3=C(C=C2)C=C(C=C3)NS(=O)(=O)C)N4C=CC(=O)NC4=O,483.8329210019217,3.9768173577797925,26,3,5,4,1,34,13,-9.047309997947027,3.4154169112694968,47.51560745980661,-9.788398221388876,29.778152958454125,96.53379236662823,1.0,20.691435664077407,0.5,37.35353116377988,0.9911016821514358,-46.37798515529778,46.87887565568734
Dasabuvir_6,CC(C)(C)C1=CC(=CC(=C1OC)C2=CC3=C(C=C2)C=C(C=C3)NS(=O)(=O)C)N4C=CC(=O)NC4=O,496.53189480346657,4.209561360293444,26,3,5,4,1,34,13,-8.997087314983677,2.7632299363824293,28.961793115522454,-9.869948964799665,40.66527963355518,99.0,1.0,17.34420127480252,0.32457101462496385,27.870643426496994,0.775023236180414,-46.97996412464677,57.21268870906059
Dasabuvir_7,CC(C)(C)C1=CC(=CC(=C1OC)C2=CC3=C(C=C2)C=C(C=C3)NS(=O)(=O)C)N4C=CC(=O)NC4=O,492.60756640168574,4.108126407603852,26,3,5,4,1,34,13,-8.603406600873651,2.3461169419746457,51.78361224024997,-9.319019743821304,35.78834724991397,99.0,1.0,19.687959633663677,0.3801378392694117,33.36871907929528,0.952190526231302,-41.75631849100074,54.13075694867205
Dasabuvir_8,CC(C)(C)C1=CC(=CC(=C1OC)C2=CC3=C(C=C2)C=C(C=C3)NS(=O)(=O)C)N4C=CC(=O)NC4=O,513.1832876927512,4.333700373415171,26,3,5,4,1,34,13,-8.94054018116696,2.6864407443130687,44.2830219555735,-10.128881640497216,33.34476711062829,99.0,1.0,18.01987898063176,0.29630611169145715,29.82859047061381,0.8426789917167095,-38.9137023159698,53.38085549675782
Dasabuvir_9,CC(C)(C)C1=CC(=CC(=C1OC)C2=CC3=C(C=C2)C=C(C=C3)NS(=O)(=O)C)N4C=CC(=O)NC4=O,484.1377362995017,4.413370169761842,26,3,5,4,1,34,13,-8.613465494372047,2.919849484022279,30.88079693752342,-9.4213009180262,39.51691524423692,99.0,1.0,16.35094323696589,0.33716536821212556,34.396037120278464,1.2476122309256759,-45.61811968178911,51.704490855982925
(S)-4-Hydroxy 4'-Methoxy Propranolol_0,CC(C)NCC(COC1=CC=C(C2=CC=CC=C21)OC)O,282.2751860354448,2.577318792857808,17,1,3,4,1,21,5,-8.436852344188162,1.9635813630005248,24.083119217453667,-9.491436071639374,48.13100045309211,76.704446445303,2.851423339717857,9.074411855746465,0.3496531827689581,33.055365278033676,0.8634051437824648,-37.284754428104684,57.74644872319427
(S)-4-Hydroxy 4'-Methoxy Propranolol_1,CC(C)NCC(COC1=CC=C(C2=CC=CC=C21)OC)O,304.3640425206626,3.118443471933677,17,1,3,4,1,21,5,-8.604101595595948,2.7275768345391773,16.469258443520143,-9.554836985687814,68.64237426850072,83.58934097554217,2.0355060324842764,12.72338637839621,0.33450424510603827,22.20424960398371,0.6870540935629337,-46.672676453382635,59.43370623670257
(S)-4-Hydroxy 4'-Methoxy Propranolol_2,CC(C)NCC(COC1=CC=C(C2=CC=CC=C21)OC)O,284.4096562756099,2.8858608133416017,17,1,3,4,1,21,5,-8.528942184509384,2.30158194642865,53.94660933301097,-9.761013378543447,56.5996745647837,76.97126435525952,1.355212313462572,10.781852962381237,0.3962622619788961,25.19195906696606,0.30475232229916405,-44.20119810203524,61.38047114582193
(S)-4-Hydroxy 4'-Methoxy Propranolol_3,CC(C)NCC(COC1=CC=C(C2=CC=CC=C21)OC)O,298.95496908185487,3.249962721720027,17,1,3,4,1,21,5,-8.212439244050266,2.2683345861713082,33.342201126720234,-9.349962066241819,58.275552146155434,81.8804312692908,1.0,10.210026086550075,0.3673584528277864,22.38791981385215,0.9105871442969385,-40.002099656787735,59.17504691312518
(S)-4-Hydroxy 4'-Methoxy Propranolol_4,CC(C)NCC(COC1=CC=C(C2=CC=CC=C21)OC)O,299.3497540665793,2.6639621188180747,17,1,3,4,1,21,5,-8.896618463623879,2.5983068169290244,19.30663124052231,-9.760550132210719,55.88619538591888,78.76578154851352,1.0,13.01227495742387,0.3303832865225156,25.11969999391633,0.6519604082022753,-39.78970220355744,61.83379403043287
(S)-4-Hydroxy 4'-Methoxy Propranolol_5,CC(C)NCC(COC1=CC=C(C2=CC=CC=C21)OC)O,300.1638837034121,3.262009940477662,17,1,3,4,1,21,5,-9.189948079939601,1.6978559082462013,17.197777962806253,-10.2529208285578,54.12744714352974,87.87923602037768,1.0,13.870535787371406,0.3179733589820038,24.5206853773023,0.4190730295029198,-43.744164279208874,58.66920674736194
(S)-4-Hydroxy 4'-Methoxy Propranolol_6,CC(C)NCC(COC1=CC=C(C2=CC=CC=C21)OC)O,287.9858400456315,3.465726623411788,17,1,3,4,1,21,5,-8.693658431510585,2.8925577655815764,26.33936409793096,-9.849471620839045,65.47586027610261,97.27341683039838,1.2916654708523159,10.586231931839345,0.43509783780159217,22.49055878303219,0.933971840853243,-33.264847199050045,54.33087111503571
(S)-4-Hydroxy 4'-Methoxy Propranolol_7,CC(C)NCC(COC1=CC=C(C2=CC=CC=C21)OC)O,286.60657810057995,2.5185920586230335,17,1,3,4,1,21,5,-8.367173330091155,1.8347298765626112,24.222191619120405,-9.331892829478758,61.97111792818556,86.83395087214599,2.547152952184991,13.5879403456182,0.2967488129436555,30.533560617216523,1.3902503817494227,-36.667935481796654,59.05765276375632
(S)-4-Hydroxy 4'-Methoxy Propranolol_8,CC(C)NCC(COC1=CC=C(C2=CC=CC=C21)OC)O,287.48643008836626,2.725265778695055,17,1,3,4,1,21,5,-8.729646730721242,2.9839001178276265,29.777583633759342,-9.450311199730047,59.15053547256122,82.10381263070948,1.0,10.465449659046664,0.46252964339187025,31.124174573268718,1.0301059204680225,-33.542041936546276,60.346348960050115
(S)-4-Hydroxy 4'-Methoxy Propranolol_9,CC(C)NCC(COC1=CC=C(C2=CC=CC=C21)OC)O,306.80764121830276,2.8368961853147727,17,1,3,4,1,21,5,-8.162682877535445,2.0999918952142496,44.298110207747825,-9.437156786577505,58.73135579757028,73.89870180314706,2.4021580397010767,12.266508644741625,0.30829681766328604,22.28505740282667,1.2402325380694768,-42.28921407772459,61.589509337130565
"1-(2,4-Dichlorophenyl)-2,2,2-trifluoroethane-1,1-diol_0",C1=CC(=C(C=C1Cl)Cl)C(C(F)(F)F)(O)O,266.436503325414,3.1329476075562774,10,0,2,2,1,12,3,-9.236258539760252,2.8678816337746733,46.373337973432456,-10.524218282516072,56.19196173671785,82.94106782032085,3.3153677320376325,11.123111612458437,0.237287026231464,24.836151568090727,1.2457181726272308,-27.13854527518548,63.72131281365407
"1-(2,4-Dichlorophenyl)-2,2,2-trifluoroethane-1,1-diol_1",C1=CC(=C(C=C1Cl)Cl)C(C(F)(F)F)(O)O,263.80992924653157,2.9075544169787575,10,0,2,2,1,12,3,-8.633826507384047,2.685673913476051,49.73159645210002,-9.62252690187509,48.88128509823751,92.37064470731073,1.0,9.029537625720831,0.22805368536889942,23.85146478141262,0.5505137136251231,-35.36427014022676,66.06761828800902
"1-(2,4-Dichlorophenyl)-2,2,2-trifluoroethane-1,1-diol_2",C1=CC(=C(C=C1Cl)Cl)C(C(F)(F)F)(O)O,263.12782755051137,3.074438785160744,10,0,2,2,1,12,3,-8.384014105949484,1.537042605963315,53.71527017213527,-9.424633643958966,62.413340167169714,98.62357320889208,1.4246605942352755,11.432251067533606,0.35106890322053796,21.11688669809988,0.6743439035536324,-41.260458929418014,59.14091027614238
"1-(2,4-Dichlorophenyl)-2,2,2-trifluoroethane-1,1-diol_3",C1=CC(=C(C=C1Cl)Cl)C(C(F)(F)F)(O)O,252.49698055026758,2.2274933316275702,10,0,2,2,1,12,3,-8.82758625040844,1.77432858832268,50.75744568751427,-9.783640651499637,56.571414259311794,73.039098976418,3.915673236745985,12.209433389289416,0.2121644588215465,18.42170337784168,0.5961384388684599,-32.16976853272912,71.25817265463769
"1-(2,4-Dichlorophenyl)-2,2,2-trifluoroethane-1,1-diol_4",C1=CC(=C(C=C1Cl)Cl)C(C(F)(F)F)(O)O,256.4852876885482,2.727896384043393,10,0,2,2,1,12,3,-8.039770888628345,1.99966632151083,21.92291644239474,-9.223352919684583,62.70473391652389,81.38038797676703,1.0,12.871276134521334,0.24035462670557506,25.19937689663805,0.3,-47.28040790799981,62.701490915272345
"1-(2,4-Dichlorophenyl)-2,2,2-trifluoroethane-1,1-diol_5",C1=CC(=C(C=C1Cl)Cl)C(C(F)(F)F)(O)O,279.02898422373727,2.306936063495744,10,0,2,2,1,12,3,-8.532041026095332,2.542605353318777,29.5723142862941,-9.40196220851296,58.069782871966126,86.25127947337992,3.064787789912363,12.298122626109107,0.22164376495334748,25.35057512174464,0.9540565443265935,-40.384045573840204,65.92678551786587
"1-(2,4-Dichlorophenyl)-2,2,2-trifluoroethane-1,1-diol_6",C1=CC(=C(C=C1Cl)Cl)C(C(F)(F)F)(O)O,258.34874540711377,2.94991742207172,10,0,2,2,1,12,3,-8.58484996311526,1.8951062006737316,32.41447913159407,-9.51874015661317,60.01559369786029,89.2642504073129,2.903452420399652,10.99294910298645,0.21378336125715142,21.745105273362626,0.5947492557686237,-37.13104274176426,62.63967605313971
"1-(2,4-Dichlorophenyl)-2,2,2-trifluoroethane-1,1-diol_7",C1=CC(=C(C=C1Cl)Cl)C(C(F)(F)F)(O)O,254.85829960240446,2.616409279477806,10,0,2,2,1,12,3,-8.428219392362152,1.6451766634713905,25.297414814265696,-9.507695639170842,60.14239007026986,83.33374769386097,1.0,9.413321666293449,0.2410047023526028,17.325015904264948,0.3,-33.35851659693895,59.8525078251514
"1-(2,4-Dichlorophenyl)-2,2,2-trifluoroethane-1,1-diol_8",C1=CC(=C(C=C1Cl)Cl)C(C(F)(F)F)(O)O,244.78769828332548,2.7319710170643923,10,0,2,2,1,12,3,-8.936285321162408,1.6431640331453021,39.984987812136836,-9.932928680147901,65.90707808894501,74.77113719874718,1.0,16.076125881951,0.2864619336200015,25.815192714792573,0.625641277606565,-37.37753344727455,64.24282535226737
"1-(2,4-Dichlorophenyl)-2,2,2-trifluoroethane-1,1-diol_9",C1=CC(=C(C=C1Cl)Cl)C(C(F)(F)F)(O)O,262.8719227951552,2.6302000967426578,10,0,2,2,1,12,3,-8.860239759223642,2.0184087837115694,42.02469797377739,-9.866408206919072,61.25769585098384,68.29496450810093,1.2428094413227573,7.568192897506162,0.17286221063874163,20.144891463077098,0.7015809000699953,-37.10682818149263,69.38891447215136
lauroyl-D-Dap-D-Dap-D-Dap-D-Dap-D-Dap-D-Dap-D-Dap-D-Dap-Phe-OH_0,CCCCCCCCCCCC(=O)NC(CN)C(=O)NC(CN)C(=O)NC(CN)C(=O)NC(CN)C(=O)NC(CN)C(=O)NC(CN)C(=O)NC(CN)C(=O)NC(CN)C(=O)NC(CC1=CC=CC=C1)C(=O)O,1025.6708904561563,-8.555355585674638,45,17,11,2,1,73,13,-9.188664326611857,-1.7167926655293662,62.31327053280046,-9.954891585138302,20.0,10.0,1.0,0.5,0.18348997859548982,43.18343566450056,0.7852073285148797,-48.984862481396256,79.50304691133883
lauroyl-D-Dap-D-Dap-D-Dap-D-Dap-D-Dap-D-Dap-D-Dap-D-Dap-Phe-OH_1,CCCCCCCCCCCC(=O)NC(CN)C(=O)NC(CN)C(=O)NC(CN)C(=O)NC(CN)C(=O)NC(CN)C(=O)NC(CN)C(=O)NC(CN)C(=O)NC(CN)C(=O)NC(CC1=CC=CC=C1)C(=O)O,1023.6602673114311,-8.021565776010961,45,17,11,2,1,73,13,-9.909880582323485,-1.3784422919058827,62.39807451020522,-11.037618202310618,20.0,10.0,4.305830650535186,0.5,0.33226589771075854,48.75019647610727,1.0937694242896217,-60.0,72.25823586612874
lauroyl-D-Dap-D-Dap-D-Dap-D-Dap-D-Dap-D-Dap-D-Dap-D-Dap-Phe-OH_2,CCCCCCCCCCCC(=O)NC(CN)C(=O)NC(CN)C(=O)NC(CN)C(=O)NC(CN)C(=O)NC(CN)C(=O)NC(CN)C(=O)NC(CN)C(=O)NC(CN)C(=O)NC(CC1=CC=CC=C1)C(=O)O,1049.8162039377812,-8.620058191581972,45,17,11,2,1,73,13,-10.035891277214947,-1.9576030709314998,54.36195840606405,-11.01542417417344,20.0,10.0,1.0,0.5,0.21433877289895414,46.06915732108229,0.6005601346029912,-60.0,77.43492255418582
lauroyl-D-Dap-D-Dap-D-Dap-D-Dap-D-Dap-D-Dap-D-Dap-D-Dap-Phe-OH_3,CCCCCCCCCCCC(=O)NC(CN)C(=O)NC(CN)C(=O)NC(CN)C(=O)NC(CN)C(=O)NC(CN)C(=O)NC(CN)C(=O)NC(CN)C(=O)NC(CN)C(=O)NC(CC1=CC=CC=C1)C(=O)O,1041.9060333232228,-8.061568184587257,45,17,11,2,1,73,13,-9.02726065525987,-1.2625621588902431,67.91145809856603,-9.896957820024909,20.0,10.0,1.0723749954911692,0.5,0.2134164021988957,50.0,0.3,-50.43720694218675,78.18354029268836
lauroyl-D-Dap-D-Dap-D-Dap-D-Dap-D-Dap-D-Dap-D-Dap-D-Dap-Phe-OH_4,CCCCCCCCCCCC(=O)NC(CN)C(=O)NC(CN)C(=O)NC(CN)C(=O)NC(CN)C(=O)NC(CN)C(=O)NC(CN)C(=O)NC(CN)C(=O)NC(CN)C(=O)NC(CC1=CC=CC=C1)C(=O)O,1048.4560144052532,-8.466045269602075,45,17,11,2,1,73,13,-10.43344765448063,-0.9130051667714083,63.69116741375774,-11.31007252233408,20.0,10.0,1.0,0.5,0.2691918320639978,43.348272586978155,0.3,-60.0,74.30562750399821
lauroyl-D-Dap-D-Dap-D-Dap-D-Dap-D-Dap-D-Dap-D-Dap-D-Dap-Phe-OH_5,CCCCCCCCCCCC(=O)NC(CN)C(=O)NC(CN)C(=O)NC(CN)C(=O)NC(CN)C(=O)NC(CN)C(=O)NC(CN)C(=O)NC(CN)C(=O)NC(CN)C(=O)NC(CC1=CC=CC=C1)C(=O)O,1040.803734634976,-8.552453518585777,45,17,11,2,1,73,13,-10.150890912852432,-1.9195135137578179,51.045092622152836,-11.112476636691124,20.0,10.0,1.8825529926762181,0.5,0.26262419820670585,46.83153956831256,0.46453123933788565,-60.0,78.34752498047307
lauroyl-D-Dap-D-Dap-D-Dap-D-Dap-D-Dap-D-Dap-D-Dap-D-Dap-Phe-OH_6,CCCCCCCCCCCC(=O)NC(CN)C(=O)NC(CN)C(=O)NC(CN)C(=O)NC(CN)C(=O)NC(CN)C(=O)NC(CN)C(=O)NC(CN)C(=O)NC(CN)C(=O)NC(CC1=CC=CC=C1)C(=O)O,1048.1206207481782,-8.635540152060356,45,17,11,2,1,73,13,-9.197982754944642,-1.535547669297587,41.98476369865669,-10.4402362804501,20.0,10.0,1.0,0.5,0.25829625761241654,43.51818063089411,0.3,-56.01840391875956,72.56755255651935
lauroyl-D-Dap-D-Dap-D-Dap-D-Dap-D-Dap-D-Dap-D-Dap-D-Dap-Phe-OH_7,CCCCCCCCCCCC(=O)NC(CN)C(=O)NC(CN)C(=O)NC(CN)C(=O)NC(CN)C(=O)NC(CN)C(=O)NC(CN)C(=O)NC(CN)C(=O)NC(CN)C(=O)NC(CC1=CC=CC=C1)C(=O)O,1039.5432074493476,-8.918200886172551,45,17,11,2,1,73,13,-9.199846040440908,-1.7271590610140937,52.9364622914823,-10.4820955302581,20.0,10.0,4.679933880019195,0.5,0.3048419705142723,47.17422678766501,0.3,-47.37271557857107,69.74999957915516
lauroyl-D-Dap-D-Dap-D-Dap-D-Dap-D-Dap-D-Dap-D-Dap-D-Dap-Phe-OH_8,CCCCCCCCCCCC(=O)NC(CN)C(=O)NC(CN)C(=O)NC(CN)C(=O)NC(CN)C(=O)NC(CN)C(=O)NC(CN)C(=O)NC(CN)C(=O)NC(CN)C(=O)NC(CC1=CC=CC=C1)C(=O)O,1026.4788031087658,-8.638379685986562,45,17,11,2,1,73,13,-9.924640337328498,-1.3024757118266312,45.55208722458798,-10.699168868752675,20.0,10.0,1.0,0.5,0.2748392165580947,47.97107957040511,0.3,-57.30861953092767,75.54800662154463
lauroyl-D-Dap-D-Dap-D-Dap-D-Dap-D-Dap-D-Dap-D-Dap-D-Dap-Phe-OH_9,CCCCCCCCCCCC(=O)NC(CN)C(=O)NC(CN)C(=O)NC(CN)C(=O)NC(CN)C(=O)NC(CN)C(=O)NC(CN)C(=O)NC(CN)C(=O)NC(CN)C(=O)NC(CC1=CC=CC=C1)C(=O)O,1054.4592438892491,-8.874359022890404,45,17,11,2,1,73,13,-10.249198666955849,-0.9251509370137196,39.526708590194474,-11.030876578377102,20.0,10.0,1.0,0.7843212809853539,0.2833865754618715,46.793022719897806,0.4735535426364235,-54.98475027883241,76.86986916329639
Telbivudine_0,CC1=CN(C(=O)NC1=O)C2CC(C(O2)CO)O,254.71180954206235,-0.7770842564467859,10,2,5,4,1,17,3,-7.984880845403419,1.3051117398844536,49.48964236376681,-8.934623992876627,58.2539307720332,32.82531052411564,10.15964767795058,1.067353549042404,0.2915454367844891,23.66986304058054,1.080790894303181,-36.296614856375356,66.46148254815513
Telbivudine_1,CC1=CN(C(=O)NC1=O)C2CC(C(O2)CO)O,236.80618824544948,-0.8825647307661155,10,2,5,4,1,17,3,-9.260553681755582,1.1247967760274957,23.299265752604526,-10.536716189736767,56.75353878564579,52.07847843919808,12.941074183446599,6.748303145249361,0.3442759164730783,31.912649960908745,0.5445517613384948,-38.70479021262012,68.0269982648434
Telbivudine_2,CC1=CN(C(=O)NC1=O)C2CC(C(O2)CO)O,245.68450018103914,-0.8262462080062195,10,2,5,4,1,17,3,-7.9869536355926005,1.119634881523558,26.577733328260408,-8.80972373111903,59.53832422371334,34.87662314430888,9.27391624501556,4.530979156158173,0.33708448465349056,23.891907889059002,0.8039799720696538,-42.76085587813385,66.9980364500848
Telbivudine_3,CC1=CN(C(=O)NC1=O)C2CC(C(O2)CO)O,225.96915683706507,-1.6581253010267853,10,2,5,4,1,17,3,-8.303228370383268,1.151048981653084,49.31129034713013,-9.481658949965562,57.445829474861505,41.801281385463106,12.570330008570329,0.5,0.2625995972345311,27.192322842655688,0.9578050534565044,-32.9529215904826,68.4310396131988
Telbivudine_4,CC1=CN(C(=O)NC1=O)C2CC(C(O2)CO)O,229.98505597571275,-0.9666160406349942,10,2,5,4,1,17,3,-8.596067774685192,0.18949333499590737,30.544192049369208,-9.358000904563651,55.130175921642426,34.79413595525531,12.8264586004904,2.487646711843938,0.42798616386276267,24.75136673492078,1.394019866753999,-45.37269509847818,62.92547752770538
Telbivudine_5,CC1=CN(C(=O)NC1=O)C2CC(C(O2)CO)O,243.01357113337028,-0.7496128558208873,10,2,5,4,1,17,3,-8.592839537740227,1.218950211829127,34.62522202088873,-9.816064639275245,52.01824019590222,40.33930781695909,21.660505426741988,4.7277621990500265,0.3691497344520775,23.473190402060325,1.1556750818574282,-33.62704734931984,55.0739311611613
Telbivudine_6,CC1=CN(C(=O)NC1=O)C2CC(C(O2)CO)O,237.6067282691907,-1.6068907193995392,10,2,5,4,1,17,3,-8.81410070106624,0.516185492331916,36.1060718781596,-9.73776655132145,56.62339221128432,57.27755273571523,10.820013547839846,0.5,0.3995099698321417,22.93041099709134,0.4470429292352252,-39.89725248494393,66.30469967571622
Telbivudine_7,CC1=CN(C(=O)NC1=O)C2CC(C(O2)CO)O,232.4314267854584,-1.522129366465772,10,2,5,4,1,17,3,-8.29434241429268,0.8470155907516503,22.250667493733324,-9.314405391206723,50.376391676178194,48.11680761616877,8.627672273239666,4.653259409101873,0.34620841320596957,21.748954315769097,0.9736192584759575,-41.75754188328768,63.35189808854931
Telbivudine_8,CC1=CN(C(=O)NC1=O)C2CC(C(O2)CO)O,236.9346386580533,-0.8361139673210429,10,2,5,4,1,17,3,-8.099592923801056,1.024593287165289,37.38879690216646,-9.29397603212842,50.98675073755307,44.194141958475136,14.293717710164263,2.7426261076139626,0.3970712978650201,24.31060229077178,0.3,-45.38779466851351,69.17946124629997
Telbivudine_9,CC1=CN(C(=O)NC1=O)C2CC(C(O2)CO)O,230.0342322269131,-1.3859787494166094,10,2,5,4,1,17,3,-7.883922077152219,0.7596462925426635,35.284273999196714,-8.819702734194362,51.12160933529431,38.56573675595042,8.35618085970943,6.575341885471705,0.35850274740525145,26.897773621103532,1.1626030832343528,-38.09984092576073,64.82876759527562
Raltegravir_0,CC1=NN=C(O1)C(=O)NC(C)(C)C2=NC(=C(C(=O)N2C)O)C(=O)NCC3=CC=C(C=C3)F,455.7392059403524,1.5992765259462371,20,6,5,4,1,31,10,-8.798517279499467,2.1428657341460875,50.022490551781374,-9.587769605395941,35.939659800276445,57.435704526387006,1.0,9.106049685007148,0.32509273302159214,31.41317024920841,1.216142059303796,-36.21814584126638,59.972614678611826
Raltegravir_1,CC1=NN=C(O1)C(=O)NC(C)(C)C2=NC(=C(C(=O)N2C)O)C(=O)NCC3=CC=C(C=C3)F,439.77732389716596,0.6174149039412261,20,6,5,4,1,31,10,-9.396563672878852,1.994384781158166,45.3746141877883,-10.443494782067594,34.209829312289536,77.30016147477156,2.3319480310773235,12.161920113800793,0.39337346377996585,25.587889164938968,0.7884799968895254,-53.59152166682499,58.146714280081206
Raltegravir_2,CC1=NN=C(O1)C(=O)NC(C)(C)C2=NC(=C(C(=O)N2C)O)C(=O)NCC3=CC=C(C=C3)F,457.9158669879485,0.7138700026053649,20,6,5,4,1,31,10,-8.694185881876825,2.0798683258698487,40.59689467753019,-9.988305565716443,23.550038752931837,67.75949075390398,1.0,8.583956876208521,0.409426119336308,31.486209090147135,0.6868446127699359,-42.322752436388235,51.211890021397274
Raltegravir_3,CC1=NN=C(O1)C(=O)NC(C)(C)C2=NC(=C(C(=O)N2C)O)C(=O)NCC3=CC=C(C=C3)F,447.88808519507245,0.9039519066617082,20,6,5,4,1,31,10,-8.889932540579743,1.6483107701557973,57.754019917264216,-9.79694412415641,32.7382829842524,62.051477482923595,1.0,10.479368644209387,0.3404220383848424,33.313741236549184,1.32640907726434,-41.64662623841377,59.47636148391857
Raltegravir_4,CC1=NN=C(O1)C(=O)NC(C)(C)C2=NC(=C(C(=O)N2C)O)C(=O)NCC3=CC=C(C=C3)F,438.50248568969937,1.580527168297293,20,6,5,4,1,31,10,-8.69228082828398,1.1304277247340155,47.8045672880554,-9.567647832270945,30.417462363249413,66.61667572064012,1.0,7.359292509348178,0.3349268925614545,23.244622781484104,1.0703047330382804,-40.54650528732654,58.05446098255752
Raltegravir_5,CC1=NN=C(O1)C(=O)NC(C)(C)C2=NC(=C(C(=O)N2C)O)C(=O)NCC3=CC=C(C=C3)F,451.03291056222366,0.7996306486731714,20,6,5,4,1,31,10,-8.568378738926114,0.8774561006784567,39.51359896079381,-9.777940088360552,27.977979747124287,70.40082051960181,1.0,9.1760334616243,0.45220545555138597,31.40124290431477,1.4627845804936417,-35.67868982854629,55.56540261083322
Raltegravir_6,CC1=NN=C(O1)C(=O)NC(C)(C)C2=NC(=C(C(=O)N2C)O)C(=O)NCC3=CC=C(C=C3)F,444.71733068688246,1.5346208403539081,20,6,5,4,1,31,10,-8.52305993005505,1.5266113909282046,36.73312037676745,-9.358412903102908,27.474491848666577,66.57148909401046,1.0,8.367604064766665,0.35558649715753415,36.62040362932183,0.6739518385338599,-33.54588639912424,60.85270448728559
Raltegravir_7,CC1=NN=C(O1)C(=O)NC(C)(C)C2=NC(=C(C(=O)N2C)O)C(=O)NCC3=CC=C(C=C3)F,459.78284825655066,1.4538223745462266,20,6,5,4,1,31,10,-9.367379728509242,2.3543345243157257,43.81174941311122,-10.199855684348305,34.73135781793043,56.5706721197959,1.0,11.322946285985228,0.3522166057366058,30.20216634799859,0.6477736151722159,-52.10764719435477,58.440770865475336
Raltegravir_8,CC1=NN=C(O1)C(=O)NC(C)(C)C2=NC(=C(C(=O)N2C)O)C(=O)NCC3=CC=C(C=C3)F,425.3695037665669,1.141230658761144,20,6,5,4,1,31,10,-9.018263563358703,1.2760449377731675,37.90625384648096,-10.073287527085172,28.92173357377311,67.63072371210029,1.0,10.562776189481236,0.30300859695867166,34.226765019979936,0.6625571155554152,-44.30111937049441,61.66842250350103
Raltegravir_9,CC1=NN=C(O1)C(=O)NC(C)(C)C2=NC(=C(C(=O)N2C)O)C(=O)NCC3=CC=C(C=C3)F,424.45788882083997,0.9531314085110526,20,6,5,4,1,31,10,-9.425530998958473,2.0254948680659703,46.92426736517817,-10.641852206199053,33.97120526430286,79.42176241921358,1.5916825883136578,11.619750483294373,0.3752627091120389,25.952541072843342,0.5858301121409828,-43.852684156561835,60.91165393514321
Ivacaftor_0,CC(C)(C)C1=CC(=C(C=C1NC(=O)C2=CNC3=CC=CC=C3C2=O)O)C(C)(C)C,381.89344196590133,5.393327503290758,24,2,3,4,1,29,9,-9.366783978722012,2.407645934129281,17.979917130460358,-10.498028404406934,66.66705956997028,99.0,1.0,16.571704855280036,0.4805925324644666,27.356729986378603,0.845915191492286,-49.51922051693419,63.04035443910411
Ivacaftor_1,CC(C)(C)C1=CC(=C(C=C1NC(=O)C2=CNC3=CC=CC=C3C2=O)O)C(C)(C)C,401.0073126417625,5.2971926923720405,24,2,3,4,1,29,9,-8.934281719949551,3.8413562816390874,26.549727312804578,-9.642739423675472,55.23916603660312,99.0,1.0,17.577289302462756,0.33947658689359833,27.57451712109038,0.6880816600054938,-43.63810454382201,60.454193869980074
Ivacaftor_2,CC(C)(C)C1=CC(=C(C=C1NC(=O)C2=CNC3=CC=CC=C3C2=O)O)C(C)(C)C,377.26293703930963,5.134435969646522,24,2,3,4,1,29,9,-8.274376805687144,2.8721933849078476,48.691771917559265,-9.510408953900418,53.152690999066515,99.0,1.0,20.716130408016067,0.3809409748010693,23.936676165343727,0.8055479189565526,-45.369099144663615,60.2164018991357
Ivacaftor_3,CC(C)(C)C1=CC(=C(C=C1NC(=O)C2=CNC3=CC=CC=C3C2=O)O)C(C)(C)C,397.2092486541852,5.979301046589359,24,2,3,4,1,29,9,-9.277351470810721,3.4555503221606743,21.122756182589523,-10.50090215952979,62.67450441263581,99.0,1.0,14.911341563341754,0.36297004840382113,24.689673464900675,0.920539387720975,-44.65745511018556,66.84181453372017
Ivacaftor_4,CC(C)(C)C1=CC(=C(C=C1NC(=O)C2=CNC3=CC=CC=C3C2=O)O)C(C)(C)C,383.2297077265623,5.920559730988202,24,2,3,4,1,29,9,-9.190492727133037,3.059251043916703,57.22423953576906,-10.216739066447854,52.948748022134176,99.0,1.0,14.182316298643368,0.28928134660460725,29.612807880964226,1.310935270801594,-42.270865387811305,58.77908209824594
Ivacaftor_5,CC(C)(C)C1=CC(=C(C=C1NC(=O)C2=CNC3=CC=CC=C3C2=O)O)C(C)(C)C,399.201118770526,6.074807767250077,24,2,3,4,1,29,9,-9.167473388814395,3.673461322494277,24.651995716066374,-10.423325605918544,45.523231229663324,99.0,1.0,18.87353876993928,0.3606939466038499,25.6730595768129,0.5525766124044649,-55.84493754511247,57.35483129650586
Ivacaftor_6,CC(C)(C)C1=CC(=C(C=C1NC(=O)C2=CNC3=CC=CC=C3C2=O)O)C(C)(C)C,392.59767170298886,5.591234568831885,24,2,3,4,1,29,9,-8.989639736207412,3.4488947808214903,21.37021001222806,-9.912952278765408,57.724196128795384,99.0,1.0,16.144075473410638,0.32916819026803384,24.8252059374072,0.4058825020594256,-47.89378237078846,62.3049889233475
Ivacaftor_7,CC(C)(C)C1=CC(=C(C=C1NC(=O)C2=CNC3=CC=CC=C3C2=O)O)C(C)(C)C,401.5786537784416,6.023274086353549,24,2,3,4,1,29,9,-8.941756491252097,2.7972515758454,44.36797093718445,-9.940315159427787,49.17649487574686,99.0,1.0,16.702122875289376,0.4418030507066309,22.310801325880067,0.9101761562130076,-43.67262828125675,51.99583270277972
Ivacaftor_8,CC(C)(C)C1=CC(=C(C=C1NC(=O)C2=CNC3=CC=CC=C3C2=O)O)C(C)(C)C,399.3372317181644,5.167172836895008,24,2,3,4,1,29,9,-9.03592847022166,3.7944244871166566,21.544833571035866,-10.299476232468846,54.82590702508624,99.0,1.0,18.11425252047319,0.33094733868146564,25.092779295362313,0.7473585756735915,-43.990829684565846,60.3594051455485
Ivacaftor_9,CC(C)(C)C1=CC(=C(C=C1NC(=O)C2=CNC3=CC=CC=C3C2=O)O)C(C)(C)C,376.6383313481981,5.379730746807614,24,2,3,4,1,29,9,-8.161173201705473,3.246368324727487,53.341840420168324,-9.144084001129745,57.31939413681665,99.0,1.0,16.695593338114666,0.46510960922691047,25.62086023299571,0.39160630175048305,-35.59377220573151,53.833350358729746
Colchicine_0,CC(=O)NC1CCC2=CC(=C(C(=C2C3=CC=C(C(=O)C=C13)OC)OC)OC)OC,382.28396276600716,0.6561049976374003,22,1,6,4,1,29,8,-8.88634722487407,1.8807637232792207,43.213491558369746,-9.621361582231634,39.425248067225986,79.17699688447532,1.0,6.07862490895854,0.4100693993780555,30.39823502039814,0.8880765826218093,-40.441622691757345,55.24318725142627
Colchicine_1,CC(=O)NC1CCC2=CC(=C(C(=C2C3=CC=C(C(=O)C=C13)OC)OC)OC)OC,382.2372427348403,0.9295454487186029,22,1,6,4,1,29,8,-8.162139896784442,1.4346281915407229,31.463141805554887,-9.079727402063407,38.1784629142713,86.87505737450374,4.156086627619427,5.436548930595298,0.3554583501921202,27.737244907814343,1.0094589938434115,-44.84545094083637,54.06010450391694
Colchicine_2,CC(=O)NC1CCC2=CC(=C(C(=C2C3=CC=C(C(=O)C=C13)OC)OC)OC)OC,417.86067226507276,1.476209605796433,22,1,6,4,1,29,8,-9.192546064569518,1.2373804996561566,40.481915557412805,-10.325355860255828,42.06255153439062,66.23953329329267,1.681118519174989,11.319489999394762,0.3314240911304638,26.004818855872077,0.6917275924417317,-38.193556262161664,66.67246880844986
Colchicine_3,CC(=O)NC1CCC2=CC(=C(C(=C2C3=CC=C(C(=O)C=C13)OC)OC)OC)OC,397.6512044109451,0.7080851904812652,22,1,6,4,1,29,8,-9.140809219700477,1.9652428817878638,40.52408703892111,-9.987343776221078,31.09554882768191,67.63391903777139,4.959650059714978,10.39030758300353,0.478911587374103,32.24625995127588,0.8890239319421508,-49.683758780682766,52.63785086759106
Colchicine_4,CC(=O)NC1CCC2=CC(=C(C(=C2C3=CC=C(C(=O)C=C13)OC)OC)OC)OC,381.50808378349666,1.2530630462874002,22,1,6,4,1,29,8,-8.82760063849303,2.188595491368921,42.685340819299114,-9.614340926511183,36.059538551229956,68.6890012413597,2.940290073165289,9.270946796927232,0.37420087810926234,25.335228141081746,0.7287270885026838,-31.2680985731989,61.549656047190155
Colchicine_5,CC(=O)NC1CCC2=CC(=C(C(=C2C3=CC=C(C(=O)C=C13)OC)OC)OC)OC,398.56367684196914,1.4462969204384413,22,1,6,4,1,29,8,-8.086719215379562,1.2937369490218615,38.14634550738714,-9.160505865039632,30.705795515951422,75.13578315540792,1.0,11.035817456395876,0.36964939491702087,27.759183452520674,1.1224985920835764,-42.256255826029594,51.830319006615774
Colchicine_6,CC(=O)NC1CCC2=CC(=C(C(=C2C3=CC=C(C(=O)C=C13)OC)OC)OC)OC,413.16187861471457,1.448859650177802,22,1,6,4,1,29,8,-8.921361292105557,1.8346764860125906,22.503352739673904,-10.135249493620202,41.21906914166381,67.59196283147945,4.14826403012882,8.347284454396707,0.3807855542266424,24.746256383410334,1.1657643530638997,-41.48242168211327,63.70954385884104
Colchicine_7,CC(=O)NC1CCC2=CC(=C(C(=C2C3=CC=C(C(=O)C=C13)OC)OC)OC)OC,408.5522479607755,0.7291146677566765,22,1,6,4,1,29,8,-8.887818163210197,2.2283246069628166,46.99436605199318,-10.029082686412846,50.036491918348794,69.67027651116183,3.1381045174633866,12.452074774912486,0.32544550223349933,24.714211897503226,0.7846813103282861,-38.69526690408167,64.69605563558669
Colchicine_8,CC(=O)NC1CCC2=CC(=C(C(=C2C3=CC=C(C(=O)C=C13)OC)OC)OC)OC,394.8598396350689,1.0260908377837612,22,1,6,4,1,29,8,-9.514952520216418,0.8712151758700671,31.295411895025623,-10.658897059495482,37.497713414054054,63.560550032198236,4.193578465952806,9.565256966002188,0.45494472554802967,27.422687110010916,0.7875917286769561,-39.25789703555686,57.77388363778612
Colchicine_9,CC(=O)NC1CCC2=CC(=C(C(=C2C3=CC=C(C(=O)C=C13)OC)OC)OC)OC,399.18740595266325,0.9725779348875353,22,1,6,4,1,29,8,-9.093782106440717,1.9236564178112292,32.25745075568432,-10.050989955507095,45.54502623853773,62.68408030983162,1.0,7.3102572648792155,0.45376279326136354,28.364357220134035,0.834342611889213,-40.86508687418397,60.71411351009154
Fluvoxamine_0,COCCCCC(=NOCCN)C1=CC=C(C=C1)C(F)(F)F,336.1584545993463,3.0455435621759697,15,2,2,2,1,19,4,-8.749261163651566,1.6957617325120307,37.40834499563822,-10.042633347617576,42.61615125554739,79.88778220247602,4.112190755498446,13.998023966204334,0.2692765043103683,19.75328168335038,0.990357482715059,-36.12703337960618,59.44549142748168
Fluvoxamine_1,COCCCCC(=NOCCN)C1=CC=C(C=C1)C(F)(F)F,336.07522626534336,2.600744608202529,15,2,2,2,1,19,4,-8.341254161695145,2.5816484791923022,40.124362112274355,-9.055963465684917,42.88356842745129,94.67375987550624,1.0,11.148897819828104,0.31226410285726486,22.462253882142104,0.8772341473375758,-39.1080952611729,52.61373756228677
Fluvoxamine_2,COCCCCC(=NOCCN)C1=CC=C(C=C1)C(F)(F)F,308.6532184543168,3.027952254965632,15,2,2,2,1,19,4,-8.83288870797039,2.30291035052848,21.669514690781217,-9.898710578544064,51.41505550211261,72.91435397335876,1.0,10.495794432760482,0.2697078435411716,16.271402137485346,0.38827318077548867,-43.70914635409114,68.1483814105915
Fluvoxamine_3,COCCCCC(=NOCCN)C1=CC=C(C=C1)C(F)(F)F,310.7648046886989,2.540880233134864,15,2,2,2,1,19,4,-8.889353540248097,2.5706819486230215,18.34076172796659,-9.830249959303721,47.43952811299492,67.547859975121,1.508056967062216,12.240104597059744,0.1545899527096007,20.16036619982866,0.681231314999098,-38.61170572995304,66.0015258040334
Fluvoxamine_4,COCCCCC(=NOCCN)C1=CC=C(C=C1)C(F)(F)F,309.53811468555676,2.508042998818072,15,2,2,2,1,19,4,-8.419998214159659,2.3391711468954526,35.17139064265875,-9.14192301693689,59.4567180981238,76.02856725780195,1.0,7.782271181525299,0.13640699148634566,27.480477192604752,0.3,-39.57108052881129,75.79359120132551
Fluvoxamine_5,COCCCCC(=NOCCN)C1=CC=C(C=C1)C(F)(F)F,334.31964363918974,2.3197104627150518,15,2,2,2,1,19,4,-7.9360484902079165,1.7222610183131875,47.53537133489196,-8.872456728048881,56.74217428047341,77.06869537067502,1.0,10.129321074262002,0.2619137688736891,30.00921328280251,0.3,-43.985603007454934,72.97866560255112
Fluvoxamine_6,COCCCCC(=NOCCN)C1=CC=C(C=C1)C(F)(F)F,302.4705307606673,2.6133940715850477,15,2,2,2,1,19,4,-8.992129836294499,1.6052624275939418,40.995953339285805,-9.76975569824771,61.713040385072176,79.75264328047128,1.0,11.64193770255483,0.2565814156086382,26.006931905393294,0.3,-39.15594351420019,68.25736211540367
Fluvoxamine_7,COCCCCC(=NOCCN)C1=CC=C(C=C1)C(F)(F)F,322.6223616379257,3.0351467062503703,15,2,2,2,1,19,4,-7.984557024060102,1.7017736036210063,33.96301775648857,-9.000208173818889,50.10386492962678,96.34449862807914,2.433993957309007,10.945596757387388,0.19997217148900093,13.59101372895719,0.43221348593054965,-33.10889641042003,63.13308968761964
Fluvoxamine_8,COCCCCC(=NOCCN)C1=CC=C(C=C1)C(F)(F)F,320.07242358777876,2.1689232213451453,15,2,2,2,1,19,4,-8.513388891480615,2.5794641803250964,31.57031782983274,-9.310381486902951,48.60304345561119,74.32089615661984,1.0,12.49726105760497,0.1961960547784794,20.96302747700308,0.8384511213243773,-37.163703613561296,67.98049529656926
Fluvoxamine_9,COCCCCC(=NOCCN)C1=CC=C(C=C1)C(F)(F)F,321.5109773565564,2.8895021761153927,15,2,2,2,1,19,4,-8.030699317262751,2.19825463421704,29.478638745684382,-9.198358473080585,55.571747556364,98.65925885337666,1.0,13.644858582773427,0.20990030785934344,28.650498135302826,0.9192125308042166,-32.109844729290785,63.619673582239066
Camostat_0,CN(C)C(=O)COC(=O)CC1=CC=C(C=C1)OC(=O)C2=CC=C(C=C2)N=C(N)N,406.2893256176108,1.453423269509143,20,4,5,4,1,29,10,-8.701678278759868,1.7524036851488738,20.19465571217313,-9.410217715264979,40.241431238334094,71.23458874028533,1.0,10.339168443527477,0.2921625328878357,25.766119839815826,0.3,-34.2635805302254,62.25227850543418
Camostat_1,CN(C)C(=O)COC(=O)CC1=CC=C(C=C1)OC(=O)C2=CC=C(C=C2)N=C(N)N,406.68803491796126,0.9591992956432082,20,4,5,4,1,29,10,-8.373335516433684,1.3608159875148969,35.440623462825556,-9.0961004476171,49.33442017408156,58.253837476117596,1.0,7.2625925417128325,0.4577150279299782,37.23596881490236,0.9428299683709888,-39.99862808452829,58.70240094045996
Camostat_2,CN(C)C(=O)COC(=O)CC1=CC=C(C=C1)OC(=O)C2=CC=C(C=C2)N=C(N)N,414.48077197958173,1.5441478004244797,20,4,5,4,1,29,10,-8.409524325437909,2.2392842693921917,35.03619603220511,-9.317300662556882,38.08580810787699,65.36906959431866,1.0,11.551816510859723,0.30106858939836056,30.248735906602366,1.0979952159198643,-41.59885316976073,62.970887597415334
Camostat_3,CN(C)C(=O)COC(=O)CC1=CC=C(C=C1)OC(=O)C2=CC=C(C=C2)N=C(N)N,387.10124695177467,0.8559389576766263,20,4,5,4,1,29,10,-9.423087490120158,0.8715883601821177,55.32859566326388,-10.640611826668932,39.23825920268725,78.70503936924891,1.0,8.482449477986261,0.3630760095241149,17.694027604971744,0.5030598054204316,-49.010346232274564,61.45658847207665
Camostat_4,CN(C)C(=O)COC(=O)CC1=CC=C(C=C1)OC(=O)C2=CC=C(C=C2)N=C(N)N,408.0461069314263,0.7783750019360905,20,4,5,4,1,29,10,-8.535609733944773,1.7654139767174164,36.82901941808319,-9.633472994837337,31.261466159608226,57.69056564272281,3.034301375063946,10.931947675825159,0.4061098774592729,32.817963784086075,1.2455598093072018,-52.035389979913745,57.28717840253864
Camostat_5,CN(C)C(=O)COC(=O)CC1=CC=C(C=C1)OC(=O)C2=CC=C(C=C2)N=C(N)N,395.40467595647186,1.4043585113363326,20,4,5,4,1,29,10,-8.71274320386219,1.5008035479178217,48.36657033220994,-9.510146660396558,35.851959002152206,70.06186124697209,1.0,10.667659269164249,0.40068181126969044,28.724075203046958,0.5111665274259591,-44.2272145440963,60.11909537272072
Camostat_6,CN(C)C(=O)COC(=O)CC1=CC=C(C=C1)OC(=O)C2=CC=C(C=C2)N=C(N)N,413.60688722563026,1.0283953489256588,20,4,5,4,1,29,10,-8.213979281775643,2.155906601500134,30.41426866923236,-9.513109091820967,37.251635160958685,67.67448713579951,2.1386790267329165,8.017865399879952,0.22195741378808745,33.15393314944553,1.4277077200599826,-43.16791642513113,58.597177803272686
Camostat_7,CN(C)C(=O)COC(=O)CC1=CC=C(C=C1)OC(=O)C2=CC=C(C=C2)N=C(N)N,402.7010744870135,1.3018993438689737,20,4,5,4,1,29,10,-8.191006863549253,1.6607156479133083,43.861874338228134,-9.325657385054598,37.81449738804889,73.764089929314,4.495679634275456,7.243626498557812,0.4585885116430831,21.408079114628194,1.1033299632429814,-49.56194129018152,47.851346116226516
Camostat_8,CN(C)C(=O)COC(=O)CC1=CC=C(C=C1)OC(=O)C2=CC=C(C=C2)N=C(N)N,386.940454724841,1.2058668475118886,20,4,5,4,1,29,10,-8.38180202026661,1.144813528773764,56.29402991039527,-9.328003436435868,44.75789691341348,65.31812796313204,1.0,9.49393725409752,0.3437951247912469,23.18032232386335,0.9702105735805078,-41.84277685153039,60.106921941947206
Camostat_9,CN(C)C(=O)COC(=O)CC1=CC=C(C=C1)OC(=O)C2=CC=C(C=C2)N=C(N)N,384.6335593921647,0.8106165384928619,20,4,5,4,1,29,10,-8.654656250266349,1.0191820113131544,41.267002702164255,-9.544830602015598,34.0277789990641,77.58554003414233,5.565231100029433,16.385664271621746,0.36874612004458834,34.064460835376565,1.171057763807265,-36.888462484527764,61.31532283549849
Nafamostat_0,C1=CC(=CC=C1C(=O)OC2=CC3=C(C=C2)C=C(C=C3)C(=N)N)N=C(N)N,340.5901236915106,2.0024798726438053,19,5,2,4,1,26,11,-8.410336031553022,2.54615915229792,47.323803671878665,-9.378615939830896,45.18426638646861,74.51056829925015,1.626933010579732,9.88586314794966,0.27096637526599227,24.605203714918527,1.0856951710936003,-32.953610371548855,57.35003557247419
Nafamostat_1,C1=CC(=CC=C1C(=O)OC2=CC3=C(C=C2)C=C(C=C3)C(=N)N)N=C(N)N,353.1263041223607,2.4027169348111994,19,5,2,4,1,26,11,-8.444520704621421,1.833242081797946,31.65910372461663,-9.303343075809115,41.77858800384579,90.1706734907122,4.4445640603750185,9.049865404605166,0.3130686848243628,26.15153128904393,0.846379977491468,-38.54734809872368,54.80927049582439
Nafamostat_2,C1=CC(=CC=C1C(=O)OC2=CC3=C(C=C2)C=C(C=C3)C(=N)N)N=C(N)N,332.44152122675166,2.109058916194148,19,5,2,4,1,26,11,-8.190918420520768,1.6398333657895132,20.57919041418743,-9.246488425038107,47.86719347441794,77.63150948175927,1.889121850429019,13.874984819343707,0.360044430681688,30.944105754212217,0.9593302980666721,-40.454895191575346,58.126625661401874
Nafamostat_3,C1=CC(=CC=C1C(=O)OC2=CC3=C(C=C2)C=C(C=C3)C(=N)N)N=C(N)N,339.2959109263089,1.973882873344238,19,5,2,4,1,26,11,-8.930622945881758,1.5569414232897183,46.035205917839164,-9.766438852642038,47.28086795415975,78.18777614845177,3.405673882359867,11.769358052034285,0.40604813461441436,23.48755100034583,0.5243833135595228,-44.165338017288384,58.53940751225033
Nafamostat_4,C1=CC(=CC=C1C(=O)OC2=CC3=C(C=C2)C=C(C=C3)C(=N)N)N=C(N)N,335.1558365753351,2.010307264211226,19,5,2,4,1,26,11,-8.182103942921716,1.3560804983293546,35.477469429493645,-9.043524923970157,48.438522082884774,86.90439192610447,1.0,9.319112256176576,0.3473108029876764,25.58047410391171,0.8388488256397285,-31.99274177946264,59.068160136895195
Nafamostat_5,C1=CC(=CC=C1C(=O)OC2=CC3=C(C=C2)C=C(C=C3)C(=N)N)N=C(N)N,345.53317885269536,2.284939348484568,19,5,2,4,1,26,11,-8.68602494563402,1.8024769258027116,38.650841968152555,-9.396775804988758,52.36517634314415,75.26669081955194,1.0,14.365943150885492,0.3255214871178429,30.63699211017852,0.8662726335245972,-41.54879734146607,66.60824143784554
Nafamostat_6,C1=CC(=CC=C1C(=O)OC2=CC3=C(C=C2)C=C(C=C3)C(=N)N)N=C(N)N,348.8276468257174,1.5311730823177307,19,5,2,4,1,26,11,-8.159710763567315,2.4904063577953863,43.78253418190459,-8.934553798972516,47.61218569404958,78.5820395412562,1.0,9.73030121333783,0.33763490267903135,30.531221151429964,0.8634541271593156,-45.62741317734445,57.147228812796996
Nafamostat_7,C1=CC(=CC=C1C(=O)OC2=CC3=C(C=C2)C=C(C=C3)C(=N)N)N=C(N)N,329.43907053874705,1.8732786115727196,19,5,2,4,1,26,11,-9.049451688615434,1.8974543295993314,48.586615954747955,-9.860241944659176,31.57867677393911,63.801847723437774,1.0,9.369174385352608,0.32736260672626627,23.7261916236609,0.3050905293867412,-49.07707277786838,63.728792933502646
Nafamostat_8,C1=CC(=CC=C1C(=O)OC2=CC3=C(C=C2)C=C(C=C3)C(=N)N)N=C(N)N,351.898057938293,1.649506309873797,19,5,2,4,1,26,11,-9.303444424238613,1.9141939329444921,55.53935030981639,-10.301271505585374,43.34197578805872,71.99896039402624,2.165930655191027,14.127807416674226,0.43815540964241034,29.25702656353884,0.8802579068362848,-36.7084309188186,60.72101403398569
Nafamostat_9,C1=CC(=CC=C1C(=O)OC2=CC3=C(C=C2)C=C(C=C3)C(=N)N)N=C(N)N,329.4050572928326,1.6965433955358904,19,5,2,4,1,26,11,-8.646123092989667,1.6700459819489422,30.964357792721536,-9.891322129945282,36.1066898881467,74.64855833419033,1.0,11.993115034480628,0.3534054733941399,25.38719375742935,0.4629422141074619,-35.962761362029546,56.1513445610634
Vancomycin_0,CC1C(C(CC(O1)OC2C(C(C(OC2OC3=C4C=C5C=C3OC6=C(C=C(C=C6)C(C(C(=O)NC(C(=O)NC5C(=O)NC7C8=CC(=C(C=C8)O)C9=C(C=C(C=C9O)O)C(NC(=O)C(C(C1=CC(=C(O4)C=C1)Cl)O)NC7=O)C(=O)O)CC(=O)N)NC(=O)C(CC(C)C)NC)O)Cl)CO)O)O)(C)N)O,1455.2895177746693,-2.94964987408077,68,9,24,6,1,101,23,-9.83596231353219,1.1227775338031802,61.81500071865214,-11.05258735490208,20.0,48.776378081645646,1.0,14.26203475244089,0.5,50.0,1.243553349987157,-60.0,55.46430499931501
Vancomycin_1,CC1C(C(CC(O1)OC2C(C(C(OC2OC3=C4C=C5C=C3OC6=C(C=C(C=C6)C(C(C(=O)NC(C(=O)NC5C(=O)NC7C8=CC(=C(C=C8)O)C9=C(C=C(C=C9O)O)C(NC(=O)C(C(C1=CC(=C(O4)C=C1)Cl)O)NC7=O)C(=O)O)CC(=O)N)NC(=O)C(CC(C)C)NC)O)Cl)CO)O)O)(C)N)O,1444.0101913568972,-2.90953317650215,68,9,24,6,1,101,23,-10.445832788751192,0.9116855579680241,43.80092904723077,-11.207356020409204,20.0,51.17084301146953,1.0,17.14219950237302,0.5,50.0,1.309517279783912,-60.0,61.56332903465021
Vancomycin_2,CC1C(C(CC(O1)OC2C(C(C(OC2OC3=C4C=C5C=C3OC6=C(C=C(C=C6)C(C(C(=O)NC(C(=O)NC5C(=O)NC7C8=CC(=C(C=C8)O)C9=C(C=C(C=C9O)O)C(NC(=O)C(C(C1=CC(=C(O4)C=C1)Cl)O)NC7=O)C(=O)O)CC(=O)N)NC(=O)C(CC(C)C)NC)O)Cl)CO)O)O)(C)N)O,1455.5189830106085,-2.727595436774446,68,9,24,6,1,101,23,-10.744799647850806,0.5381953154255507,53.400634117920056,-11.778498152969297,20.0,61.065045714786,1.0,12.561160215736834,0.5,50.0,1.1910999620734277,-60.0,58.12937309691709
Vancomycin_3,CC1C(C(CC(O1)OC2C(C(C(OC2OC3=C4C=C5C=C3OC6=C(C=C(C=C6)C(C(C(=O)NC(C(=O)NC5C(=O)NC7C8=CC(=C(C=C8)O)C9=C(C=C(C=C9O)O)C(NC(=O)C(C(C1=CC(=C(O4)C=C1)Cl)O)NC7=O)C(=O)O)CC(=O)N)NC(=O)C(CC(C)C)NC)O)Cl)CO)O)O)(C)N)O,1442.8555888792384,-2.752711641003643,68,9,24,6,1,101,23,-10.56327438452124,0.014775705169882025,39.86122169741585,-11.294601875648468,20.0,50.000331918295,1.0,13.921201905694806,0.5,50.0,1.3573771042069411,-60.0,56.116091022509444
Vancomycin_4,CC1C(C(CC(O1)OC2C(C(C(OC2OC3=C4C=C5C=C3OC6=C(C=C(C=C6)C(C(C(=O)NC(C(=O)NC5C(=O)NC7C8=CC(=C(C=C8)O)C9=C(C=C(C=C9O)O)C(NC(=O)C(C(C1=CC(=C(O4)C=C1)Cl)O)NC7=O)C(=O)O)CC(=O)N)NC(=O)C(CC(C)C)NC)O)Cl)CO)O)O)(C)N)O,1442.6533888141869,-2.8280070237397608,68,9,24,6,1,101,23,-10.620289586407454,0.09808167014199509,47.01490593417701,-11.435701909609511,20.0,64.21844404132752,1.0,15.433768666885607,0.36703594079763,50.0,1.2994099595420314,-60.0,65.39484274551562
Vancomycin_5,CC1C(C(CC(O1)OC2C(C(C(OC2OC3=C4C=C5C=C3OC6=C(C=C(C=C6)C(C(C(=O)NC(C(=O)NC5C(=O)NC7C8=CC(=C(C=C8)O)C9=C(C=C(C=C9O)O)C(NC(=O)C(C(C1=CC(=C(O4)C=C1)Cl)O)NC7=O)C(=O)O)CC(=O)N)NC(=O)C(CC(C)C)NC)O)Cl)CO)O)O)(C)N)O,1441.338439385328,-2.823139068453435,68,9,24,6,1,101,23,-10.796908580353156,0.2245051976115241,67.37129292229245,-12.008259433304687,20.0,55.413540751369574,1.0,14.831640443741174,0.41226207908618706,50.0,1.6515711344725437,-60.0,59.719989574566846
Vancomycin_6,CC1C(C(CC(O1)OC2C(C(C(OC2OC3=C4C=C5C=C3OC6=C(C=C(C=C6)C(C(C(=O)NC(C(=O)NC5C(=O)NC7C8=CC(=C(C=C8)O)C9=C(C=C(C=C9O)O)C(NC(=O)C(C(C1=CC(=C(O4)C=C1)Cl)O)NC7=O)C(=O)O)CC(=O)N)NC(=O)C(CC(C)C)NC)O)Cl)CO)O)O)(C)N)O,1453.2061059229447,-3.0768058595731573,68,9,24,6,1,101,23,-10.226827523498983,0.6475578509668805,76.13783903505018,-11.442013177619721,20.0,51.716506846982135,1.0,18.05030071957501,0.4492761254491848,50.0,1.0752862527603764,-60.0,66.11553114748314
Vancomycin_7,CC1C(C(CC(O1)OC2C(C(C(OC2OC3=C4C=C5C=C3OC6=C(C=C(C=C6)C(C(C(=O)NC(C(=O)NC5C(=O)NC7C8=CC(=C(C=C8)O)C9=C(C=C(C=C9O)O)C(NC(=O)C(C(C1=CC(=C(O4)C=C1)Cl)O)NC7=O)C(=O)O)CC(=O)N)NC(=O)C(CC(C)C)NC)O)Cl)CO)O)O)(C)N)O,1436.392622799241,-2.297122462110165,68,9,24,6,1,101,23,-10.978508017515821,0.0807288729471809,48.95511465465528,-11.987112092151873,20.0,65.40384299028058,1.0,12.588801629897894,0.39662383399007956,50.0,1.23221873013046,-60.0,61.78789647298526
Vancomycin_8,CC1C(C(CC(O1)OC2C(C(C(OC2OC3=C4C=C5C=C3OC6=C(C=C(C=C6)C(C(C(=O)NC(C(=O)NC5C(=O)NC7C8=CC(=C(C=C8)O)C9=C(C=C(C=C9O)O)C(NC(=O)C(C(C1=CC(=C(O4)C=C1)Cl)O)NC7=O)C(=O)O)CC(=O)N)NC(=O)C(CC(C)C)NC)O)Cl)CO)O)O)(C)N)O,1447.4938810379642,-2.435978393280021,68,9,24,6,1,101,23,-10.389252162498886,1.0674760780213561,48.242140492948664,-11.397871217620146,20.0,57.80428292469493,1.0,17.325739111568986,0.5,50.0,1.478386959284603,-60.0,55.96637144982718
Vancomycin_9,CC1C(C(CC(O1)OC2C(C(C(OC2OC3=C4C=C5C=C3OC6=C(C=C(C=C6)C(C(C(=O)NC(C(=O)NC5C(=O)NC7C8=CC(=C(C=C8)O)C9=C(C=C(C=C9O)O)C(NC(=O)C(C(C1=CC(=C(O4)C=C1)Cl)O)NC7=O)C(=O)O)CC(=O)N)NC(=O)C(CC(C)C)NC)O)Cl)CO)O)O)(C)N)O,1462.128626028442,-2.3214267340420878,68,9,24,6,1,101,23,-9.963989473248592,0.10291836415791783,43.966701910184625,-11.01282048166368,20.0,66.3761554194979,1.0,16.85845261952101,0.48506673047101506,50.0,0.6589823427075874,-60.0,59.378844561035336
Plerixafor_0,C1CNCCNCCCN(CCNC1)CC2=CC=C(C=C2)CN3CCCNCCNCCCNCC3,497.72594147811844,-0.07642261441827947,28,8,0,4,1,36,3,-8.969881541116802,0.8190308382685627,45.43581563862225,-10.176126550522214,24.54538527748726,50.67861562378849,2.792088821589042,12.962645883056489,0.4084084535458998,30.714378127509868,0.7565422119812373,-45.92484607282975,55.446727169218114
Plerixafor_1,C1CNCCNCCCN(CCNC1)CC2=CC=C(C=C2)CN3CCCNCCNCCCNCC3,499.0272760200852,-0.06480290836480507,28,8,0,4,1,36,3,-9.04130710057385,1.9874893186219436,28.89526893332723,-10.115853273469702,23.411991033260247,62.37395221531227,1.0,8.007111298269331,0.4549152593729889,33.970473364015824,0.43719484625679855,-51.53948625735691,56.21645164966533
Plerixafor_2,C1CNCCNCCCN(CCNC1)CC2=CC=C(C=C2)CN3CCCNCCNCCCNCC3,496.52542214055865,0.014853288461120995,28,8,0,4,1,36,3,-9.693926630657149,1.7739287482332826,49.43083153094375,-10.460660415355381,24.40299165639566,62.16028145454323,1.0,6.960622904646678,0.3924734149710638,37.48524823933489,0.6649349662341064,-52.879407573670086,57.03479049123256
Plerixafor_3,C1CNCCNCCCN(CCNC1)CC2=CC=C(C=C2)CN3CCCNCCNCCCNCC3,494.10619328654707,-0.20091128275615333,28,8,0,4,1,36,3,-9.502303537174914,1.6130489935906345,53.465988160649346,-10.272141290437062,20.0,45.671373120456956,1.0,8.444361959690827,0.35949318015144677,33.44426415878865,0.7825437766863446,-40.68536651482483,60.39334281640386
Plerixafor_4,C1CNCCNCCCN(CCNC1)CC2=CC=C(C=C2)CN3CCCNCCNCCCNCC3,486.4241206402143,-0.14583032147974284,28,8,0,4,1,36,3,-9.113279114817653,1.9969739505612107,40.75889671916785,-9.851493932981679,25.318579503625973,64.96097999383348,1.0,6.004834797953113,0.3156354146414756,28.101457531747236,0.7182294462861597,-40.45736848618468,63.121559044839344
Plerixafor_5,C1CNCCNCCCN(CCNC1)CC2=CC=C(C=C2)CN3CCCNCCNCCCNCC3,509.9402090730698,-0.27046711582783944,28,8,0,4,1,36,3,-9.64803641575436,1.5485988691568846,50.253566592235615,-10.493533235181074,20.685545848985015,41.63905559144759,1.0,11.053200061780208,0.3447609203014208,35.922681559167444,0.7256626392089254,-46.71752832580762,60.43418932934165
Plerixafor_6,C1CNCCNCCCN(CCNC1)CC2=CC=C(C=C2)CN3CCCNCCNCCCNCC3,501.3314979626574,0.32203254684236493,28,8,0,4,1,36,3,-8.988495382904375,1.8671109247072883,40.54514101462131,-10.194101545831787,28.436174803371387,73.99893176041408,1.0,4.96526429948442,0.4086848466444056,30.261861899894285,1.1334874233230932,-43.5486204065294,51.25104487133397
Plerixafor_7,C1CNCCNCCCN(CCNC1)CC2=CC=C(C=C2)CN3CCCNCCNCCCNCC3,492.74198231791183,0.02154303276818159,28,8,0,4,1,36,3,-8.511155650750663,0.6368214181289746,33.233389533530406,-9.577816952366579,22.441221803296905,53.878682505082786,1.0,9.924998271834518,0.31062420327608553,37.58072182863283,0.4732965542101094,-31.387192140218467,66.75204675155999
Plerixafor_8,C1CNCCNCCCN(CCNC1)CC2=CC=C(C=C2)CN3CCCNCCNCCCNCC3,520.8650890311325,-0.2692346145168284,28,8,0,4,1,36,3,-8.255392070794803,1.1476156134873894,42.96091292759661,-9.446194697982337,20.0,54.336753223603345,1.0,7.135182342588593,0.4705744975221681,29.22285575371609,1.0194946998786025,-41.2939558221274,51.29718948821501
Plerixafor_9,C1CNCCNCCCN(CCNC1)CC2=CC=C(C=C2)CN3CCCNCCNCCCNCC3,483.91639217581934,0.392023305711089,28,8,0,4,1,36,3,-9.14558129193269,1.8307951500832345,45.02152633112408,-9.859129007168567,24.295442018054658,58.948657181280204,1.0,8.163263245159598,0.3787300354299433,32.974372512005466,0.8968063673004365,-46.74710023497343,57.953384621067244
Immucillin G_0,C1=C(C2=C(N1)C(=O)NC(=N2)N)C3C(C(C(N3)CO)O)O,277.21636368270435,-3.1702035448214,11,5,4,4,1,20,4,-8.983774160644392,-0.3066370903267969,17.80901108204786,-9.800878942475105,40.03560886042939,28.06988750557976,19.001609130147656,0.5,0.3965014357121909,25.169126433827206,1.457169371842007,-42.01659828489512,64.1517719394612
Immucillin G_1,C1=C(C2=C(N1)C(=O)NC(=N2)N)C3C(C(C(N3)CO)O)O,269.72125753995,-3.113075058062184,11,5,4,4,1,20,4,-8.38995079042149,0.8124961395811773,35.542942540485335,-9.477399408320148,41.21801725877989,17.886709616391915,16.394653197790156,2.818169162796037,0.4051395322068118,31.182909029245625,0.712048854045578,-39.27563482986363,62.315545990502045
Immucillin G_2,C1=C(C2=C(N1)C(=O)NC(=N2)N)C3C(C(C(N3)CO)O)O,289.8249218109672,-3.343248817826976,11,5,4,4,1,20,4,-8.871820260268453,0.07111660153760224,37.920262308720886,-9.924378006226497,47.37154462460116,30.623741403831982,12.655678195717792,0.5,0.33924648260348844,27.53676753964541,0.8573280782187797,-45.704778516547606,71.3891340234106
Immucillin G_3,C1=C(C2=C(N1)C(=O)NC(=N2)N)C3C(C(C(N3)CO)O)O,270.0715969541848,-3.233198259629165,11,5,4,4,1,20,4,-8.54230241913756,-0.108810880748127,45.990250381840966,-9.31866412870135,49.56316664090769,22.564057206322346,15.17646947457066,0.5,0.3527434309807474,26.72922492435822,0.3,-39.54095725058985,70.91912468921007
Immucillin G_4,C1=C(C2=C(N1)C(=O)NC(=N2)N)C3C(C(C(N3)CO)O)O,278.72573037719366,-3.0496585978835316,11,5,4,4,1,20,4,-8.159559649208015,-0.17777014177447786,46.11608090149788,-9.422943022348564,41.170668889251864,27.657422064110268,9.697657051298602,1.021635742944576,0.3521667224493187,32.76813841615985,0.5345274558699868,-41.97481114060372,65.69920652359662
Immucillin G_5,C1=C(C2=C(N1)C(=O)NC(=N2)N)C3C(C(C(N3)CO)O)O,290.8544354960307,-3.343219260743693,11,5,4,4,1,20,4,-8.029268241142054,-0.187765074943266,23.20547901305528,-8.91307853250826,43.20737724843018,37.58561101100982,14.637549203452783,0.5,0.3971788795561426,31.4667552615835,1.0234554655660664,-30.814925968451924,66.27639105731056
Immucillin G_6,C1=C(C2=C(N1)C(=O)NC(=N2)N)C3C(C(C(N3)CO)O)O,298.12362239219686,-3.151168444334117,11,5,4,4,1,20,4,-8.99713292104215,-0.05768377193652413,38.500290180374165,-10.151749924224246,40.7846605474259,36.569001624336494,19.515954538954524,0.8554417010688045,0.38158806164080755,27.06976042117352,0.8686746153608562,-41.294510389708115,68.28479574048933
Immucillin G_7,C1=C(C2=C(N1)C(=O)NC(=N2)N)C3C(C(C(N3)CO)O)O,274.19934308271417,-3.386455676075598,11,5,4,4,1,20,4,-8.25938142774105,0.3031236653757762,45.6599226613946,-9.291037002803945,48.95569909839088,20.627192999745514,22.342830386903906,2.0601276191787643,0.3867415741939771,27.279658858191397,0.6118689197124398,-39.363669472087714,71.19389317699539
Immucillin G_8,C1=C(C2=C(N1)C(=O)NC(=N2)N)C3C(C(C(N3)CO)O)O,287.19441635505166,-3.3410974847880217,11,5,4,4,1,20,4,-9.095657533501141,0.025241321887315427,29.917778776322006,-10.194053835641855,50.64817332793158,26.530702830077406,14.383700339016977,2.4413566539979246,0.42895774441484186,28.71930397531467,0.6742477475013113,-42.817218013692944,68.24235550594713
Immucillin G_9,C1=C(C2=C(N1)C(=O)NC(=N2)N)C3C(C(C(N3)CO)O)O,300.0279396701328,-2.7447387376992407,11,5,4,4,1,20,4,-9.12680958625589,0.382414567462413,49.54077669270264,-9.842072876013832,44.613246710736185,32.661126631480954,11.478795065494127,0.5,0.3202274981674958,27.30863539673241,1.1206055258387186,-40.99945841697234,66.74746574969694
"5-(2,3-Dichlorophenyl)-4-imino-1-methylimidazolidin-2-one_0",CN1C(C(=N)NC1=O)C2=C(C(=CC=C2)Cl)Cl,244.26011494129202,2.5108098964824714,12,3,1,4,1,16,5,-8.156558646676334,1.7661828814331435,54.22802222633871,-9.322127199456924,49.08680478722323,87.29945705391108,5.665098730904896,10.351272022688345,0.4299266110643141,19.352413675516047,0.37148280490967767,-34.70507500410989,54.96141498124349
"5-(2,3-Dichlorophenyl)-4-imino-1-methylimidazolidin-2-one_1",CN1C(C(=N)NC1=O)C2=C(C(=CC=C2)Cl)Cl,249.3218809315088,2.595044287797484,12,3,1,4,1,16,5,-7.923507258800603,1.3751950626458078,28.8510523570907,-9.152652203882322,50.68096595163623,57.62977143265225,2.4018773298241842,8.217660861031591,0.3945217890134737,23.741365168242172,1.0954852991636344,-48.441725758885816,55.59478669093059
"5-(2,3-Dichlorophenyl)-4-imino-1-methylimidazolidin-2-one_2",CN1C(C(=N)NC1=O)C2=C(C(=CC=C2)Cl)Cl,255.63829122165657,2.559999218781801,12,3,1,4,1,16,5,-8.318358298844924,2.101228037852653,24.76334337497321,-9.139933073982816,55.65651457808663,85.09037637541962,7.6617033898695155,11.695649392174564,0.46859876291908,29.441500148059053,0.6454511099380642,-36.56524255470144,55.017899172343746
"5-(2,3-Dichlorophenyl)-4-imino-1-methylimidazolidin-2-one_3",CN1C(C(=N)NC1=O)C2=C(C(=CC=C2)Cl)Cl,244.95400971847914,2.1525157638414534,12,3,1,4,1,16,5,-7.854840070191677,1.6103057102714662,20.018139993709855,-9.133635443425842,69.48294929974533,84.18527838202402,1.0,10.126773475290946,0.31977054203651245,17.619916911776087,1.1426188677493663,-30.876404804828955,61.60353582857388
"5-(2,3-Dichlorophenyl)-4-imino-1-methylimidazolidin-2-one_4",CN1C(C(=N)NC1=O)C2=C(C(=CC=C2)Cl)Cl,272.1550882114423,1.9354399797260804,12,3,1,4,1,16,5,-8.298781565185761,1.6583718287769031,49.5948504296069,-9.345789161092657,64.63952105539326,63.97345920309699,2.0962999898491566,8.185927960856322,0.24008751024160435,26.638769502085346,0.8112129744451555,-37.76083894389792,73.51802949667035
"5-(2,3-Dichlorophenyl)-4-imino-1-methylimidazolidin-2-one_5",CN1C(C(=N)NC1=O)C2=C(C(=CC=C2)Cl)Cl,275.994713020434,1.8702548827221464,12,3,1,4,1,16,5,-8.719461805921233,2.517155297527744,31.511037131050593,-9.460179715536716,59.77904506642179,76.5071380291227,4.515062130896483,8.120008099134678,0.3382635859481866,29.885804281559608,1.4664137384626348,-30.91685765349403,58.2158755332041
"5-(2,3-Dichlorophenyl)-4-imino-1-methylimidazolidin-2-one_6",CN1C(C(=N)NC1=O)C2=C(C(=CC=C2)Cl)Cl,241.2763297719106,2.0258467803907383,12,3,1,4,1,16,5,-8.000616364574684,1.2834191895767968,29.71533231360574,-9.098039278327965,60.009437209397404,54.6922032611387,2.4095953001414965,12.440448578322227,0.41578860820311203,22.337907111991687,0.7699625494200746,-33.16625692426422,63.875679435508815
"5-(2,3-Dichlorophenyl)-4-imino-1-methylimidazolidin-2-one_7",CN1C(C(=N)NC1=O)C2=C(C(=CC=C2)Cl)Cl,255.2715580120381,1.877151219506033,12,3,1,4,1,16,5,-8.492525160561293,1.51394075613419,22.35856786442793,-9.537607925753175,56.6718136613012,82.33064750110184,5.6259620358776665,11.017689401690154,0.3282631488934482,16.439983001827127,1.01557308086563,-41.29066421539374,56.396154413848855
"5-(2,3-Dichlorophenyl)-4-imino-1-methylimidazolidin-2-one_8",CN1C(C(=N)NC1=O)C2=C(C(=CC=C2)Cl)Cl,258.03057997180076,2.1343515198459704,12,3,1,4,1,16,5,-9.266338933815126,1.394716000233145,54.585097379568765,-10.061202962214722,67.22413648525236,73.1184038291559,1.0,10.930116802060057,0.37530728065523083,15.897080243532885,1.0353869492352297,-30.4230168927525,55.55151755781125
"5-(2,3-Dichlorophenyl)-4-imino-1-methylimidazolidin-2-one_9",CN1C(C(=N)NC1=O)C2=C(C(=CC=C2)Cl)Cl,255.1370311743231,2.501138708298765,12,3,1,4,1,16,5,-8.631995116318574,2.5653112819033335,40.475172522184465,-9.49842259132545,53.15896987988938,90.77917858801742,7.656632304321283,8.820363862780992,0.37000298947840865,20.899578052361825,0.7992033935236568,-38.2188221051837,57.029913779709894
"1,3,5-Triphenyl-1,5-pentadione_0",C1=CC=C(C=C1)C(CC(=O)C2=CC=CC=C2)CC(=O)C3=CC=CC=C3,341.00073991481,4.6215544524029895,23,0,2,4,1,25,11,-8.409179706021247,2.4180275210426854,26.617255272578483,-9.339492330176496,56.74406914924541,99.0,1.0,15.155789221762491,0.36487114648474517,22.26459877394845,0.6224006015685755,-40.862627188657875,58.16078071920761
"1,3,5-Triphenyl-1,5-pentadione_1",C1=CC=C(C=C1)C(CC(=O)C2=CC=CC=C2)CC(=O)C3=CC=CC=C3,311.90938657523566,4.438748795639442,23,0,2,4,1,25,11,-8.899264744132841,3.0846150500470806,52.888465098568595,-10.144213611437333,62.49075005901055,99.0,1.0,13.006602130623875,0.3925653354811749,21.01801789538895,0.7679252095885779,-37.99109944988267,62.65183998240897
"1,3,5-Triphenyl-1,5-pentadione_2",C1=CC=C(C=C1)C(CC(=O)C2=CC=CC=C2)CC(=O)C3=CC=CC=C3,338.388968088544,4.327900507541699,23,0,2,4,1,25,11,-8.224896034310015,2.940081222133075,35.65252126709715,-9.52233095951372,57.610080036646025,99.0,1.0,13.851014014763166,0.32931085361503565,19.902479786076913,0.991304294838331,-34.676296878780036,59.119852523805015
"1,3,5-Triphenyl-1,5-pentadione_3",C1=CC=C(C=C1)C(CC(=O)C2=CC=CC=C2)CC(=O)C3=CC=CC=C3,329.36998925367493,4.482145966888768,23,0,2,4,1,25,11,-8.96560849189988,3.4169310807719357,36.4264351380165,-9.82544105020088,56.43751569769623,99.0,1.0,12.183244587038384,0.39973366487378126,25.960915674226033,1.0046989478120445,-32.903043957143325,55.83778913759698
"1,3,5-Triphenyl-1,5-pentadione_4",C1=CC=C(C=C1)C(CC(=O)C2=CC=CC=C2)CC(=O)C3=CC=CC=C3,309.4891364934739,4.6938250989731625,23,0,2,4,1,25,11,-8.114956812731869,2.928001717595129,51.27120123176138,-9.003499347675834,53.01695044894226,99.0,1.0,13.86175561754127,0.3700001544373559,15.885212478681602,0.44969850903901815,-37.92223976426347,58.311112767299996
"1,3,5-Triphenyl-1,5-pentadione_5",C1=CC=C(C=C1)C(CC(=O)C2=CC=CC=C2)CC(=O)C3=CC=CC=C3,313.3071011681037,4.6847017045359856,23,0,2,4,1,25,11,-8.425163359180624,3.0375598745454413,22.231254076522166,-9.283676396890916,50.939851589994994,99.0,1.0,14.801441851714763,0.3905572589801359,26.557468080068986,0.8388999414179603,-41.732736106836214,55.28611826302513
"1,3,5-Triphenyl-1,5-pentadione_6",C1=CC=C(C=C1)C(CC(=O)C2=CC=CC=C2)CC(=O)C3=CC=CC=C3,338.2730870185228,4.8335807888859375,23,0,2,4,1,25,11,-9.367740896065238,3.3930837481034435,22.627402184482992,-10.436996528222087,57.55077288609607,97.82934236116778,1.0,16.650453955513377,0.32052923848844816,26.37362776126324,1.0231679289712474,-44.5975051850811,59.67485823060516
"1,3,5-Triphenyl-1,5-pentadione_7",C1=CC=C(C=C1)C(CC(=O)C2=CC=CC=C2)CC(=O)C3=CC=CC=C3,309.26720046667845,4.786888311836002,23,0,2,4,1,25,11,-9.368303432037399,2.6155113694138965,37.151948954971644,-10.387867955305111,52.287982359776024,99.0,1.0,14.66396455266806,0.43645204076004196,22.139930647035005,1.2739229263801808,-41.74185912342404,55.9183932782154
"1,3,5-Triphenyl-1,5-pentadione_8",C1=CC=C(C=C1)C(CC(=O)C2=CC=CC=C2)CC(=O)C3=CC=CC=C3,338.9258684065654,4.556376593247945,23,0,2,4,1,25,11,-8.288528709098534,2.6672071863892013,41.55740808491851,-9.064898004321119,64.5581172915441,99.0,1.0,18.081176473280603,0.46226137489153885,26.42024584832006,0.6597463154879415,-35.351461022446394,54.98749354071226
"1,3,5-Triphenyl-1,5-pentadione_9",C1=CC=C(C=C1)C(CC(=O)C2=CC=CC=C2)CC(=O)C3=CC=CC=C3,308.74012566963813,4.320623908310254,23,0,2,4,1,25,11,-9.104701081175003,2.267007905242383,27.34825833545931,-10.344786386491787,60.74631412700399,99.0,1.0,17.141726229867743,0.3945536081132852,25.950923275876058,0.8868189552417277,-38.18019648240289,61.89059368340354
dihydrostemphyloxin I_0,CCC(CO)C1C(C2C(CC(CC2C(=O)C1(C)O)(C)O)C)(C)C(=O)CCO,393.05369120199305,0.05322728487553097,21,0,6,4,1,27,2,-8.7778627719973,1.2967187266615898,54.43293919538438,-9.862018250295787,38.10364591144627,68.4434670475943,1.0,8.32635903092156,0.41167694933919136,22.088182808441694,1.6151999018628058,-35.9070214236566,53.163598559355925
dihydrostemphyloxin I_1,CCC(CO)C1C(C2C(CC(CC2C(=O)C1(C)O)(C)O)C)(C)C(=O)CCO,402.1780361464547,0.9520399245458409,21,0,6,4,1,27,2,-9.180401664485942,1.5313064240228718,51.01908833087164,-10.3495641207735,34.29545946380616,52.35056669919909,2.129197857024197,8.559683695738718,0.4012297912171069,24.97278437905581,0.7087424079721287,-36.16882348002604,63.3311012473001
dihydrostemphyloxin I_2,CCC(CO)C1C(C2C(CC(CC2C(=O)C1(C)O)(C)O)C)(C)C(=O)CCO,372.55819810716116,0.8886431808940862,21,0,6,4,1,27,2,-9.028345058117017,0.6751793359457297,32.049916662784575,-10.020460150168658,50.99316273845004,62.53054750674204,2.4322988259360185,6.7615301482917705,0.3854850185266221,29.532044642398006,1.1337711090321028,-47.49369105421313,61.22403025583617
dihydrostemphyloxin I_3,CCC(CO)C1C(C2C(CC(CC2C(=O)C1(C)O)(C)O)C)(C)C(=O)CCO,384.38003832938745,0.1283495624335247,21,0,6,4,1,27,2,-9.056776776460252,0.9201560539842286,45.88209379363443,-9.911916544714064,48.59022861612101,60.619593091128664,4.453756850090608,11.149568873297223,0.4202107812752401,24.84906331694101,0.3,-41.49324457041983,64.7820343123656
dihydrostemphyloxin I_4,CCC(CO)C1C(C2C(CC(CC2C(=O)C1(C)O)(C)O)C)(C)C(=O)CCO,404.1986031511104,0.3866977099474054,21,0,6,4,1,27,2,-8.051006437834701,0.8541195938944168,55.93738269906022,-8.892554368039903,37.11900467063461,63.52429057785759,1.735911138640862,10.387271995255986,0.3740651106983048,24.46964674105529,1.1726883241863812,-45.27496373129733,58.77997386674711
dihydrostemphyloxin I_5,CCC(CO)C1C(C2C(CC(CC2C(=O)C1(C)O)(C)O)C)(C)C(=O)CCO,376.9173196791322,0.31860443134649274,21,0,6,4,1,27,2,-8.73797321172765,1.873584218204678,40.82480092087542,-10.015618885314971,43.39279712111282,62.01450570915575,1.411791143309462,6.699003371748716,0.34834802430334344,23.305699539954837,1.0664903262934178,-41.96337853476564,59.00705883293269
dihydrostemphyloxin I_6,CCC(CO)C1C(C2C(CC(CC2C(=O)C1(C)O)(C)O)C)(C)C(=O)CCO,396.96541279858826,0.5182797624491928,21,0,6,4,1,27,2,-8.70790504227234,1.670037557518083,42.34916480151976,-9.445548076399016,24.561557694459488,77.02960658510874,5.4222519363283475,6.270909691390383,0.36524834144518686,23.388980816099625,1.412470891424723,-46.119908710296684,49.500037773244976
dihydrostemphyloxin I_7,CCC(CO)C1C(C2C(CC(CC2C(=O)C1(C)O)(C)O)C)(C)C(=O)CCO,379.7114099333816,0.6913260270127966,21,0,6,4,1,27,2,-8.719551852533597,1.7326048452377254,41.76699810427887,-9.437123419880797,34.78969460926204,54.83712588444753,10.63766672378783,10.531769124592511,0.37612245915221837,34.31321865971024,1.2276544211886615,-41.218900704725606,60.33396510512426
dihydrostemphyloxin I_8,CCC(CO)C1C(C2C(CC(CC2C(=O)C1(C)O)(C)O)C)(C)C(=O)CCO,391.38234765541955,0.3771250998562521,21,0,6,4,1,27,2,-9.029189095465966,0.6874381199262395,36.383171871433326,-9.883446933736527,46.06088371423783,62.64818722029744,4.382818667418915,7.737633286855083,0.34007448552610525,26.90549469313704,1.262273966177272,-54.43757629522621,58.05920192782386
dihydrostemphyloxin I_9,CCC(CO)C1C(C2C(CC(CC2C(=O)C1(C)O)(C)O)C)(C)C(=O)CCO,377.75484185144,0.6674991196239858,21,0,6,4,1,27,2,-8.987052793650955,1.8352738395648305,48.13010511040095,-10.06186720726954,34.81014145320949,49.98496059203565,9.795947920443808,6.436990405644899,0.35356490557459475,26.26833888373543,0.5287151360878493,-33.07264555491922,64.88132131460715
"1-(2,4-Dichlorophenyl)-2,2,2-trifluoroethane-1,1-diol_0",C1=CC(=C(C=C1Cl)Cl)C(C(F)(F)F)(O)O,247.3165680236871,2.508841835504629,10,0,2,2,1,12,3,-9.146609975510634,2.378021190753426,21.56300917777405,-10.098808627724058,65.8500001056532,83.19280066228123,1.0,6.952248920894672,0.2636666590078273,33.25953722224029,0.3,-38.734204649977706,74.8601427750127
"1-(2,4-Dichlorophenyl)-2,2,2-trifluoroethane-1,1-diol_1",C1=CC(=C(C=C1Cl)Cl)C(C(F)(F)F)(O)O,275.9837808055736,3.157539439016851,10,0,2,2,1,12,3,-8.794509724252968,2.376207863790251,18.86198676838952,-9.748148628157574,54.124238669493494,78.67807249657722,1.0,8.708212276753986,0.2282314232924101,25.757020223561735,0.7573517471159075,-38.21920071985943,66.78168076541805
"1-(2,4-Dichlorophenyl)-2,2,2-trifluoroethane-1,1-diol_2",C1=CC(=C(C=C1Cl)Cl)C(C(F)(F)F)(O)O,272.1836501505445,2.5926450818362086,10,0,2,2,1,12,3,-7.999341217342001,2.1191541335892987,17.62083275424351,-8.926906810127479,53.73578390420282,85.18604453692467,1.0,11.118257842517671,0.2757152240868047,19.656759401133357,0.6776693237547915,-44.0494792780198,64.89550739027102
"1-(2,4-Dichlorophenyl)-2,2,2-trifluoroethane-1,1-diol_3",C1=CC(=C(C=C1Cl)Cl)C(C(F)(F)F)(O)O,249.41304143794866,2.5569515695140863,10,0,2,2,1,12,3,-7.982721210746711,2.0506441156888418,46.095905800117784,-8.81426355309767,53.67716751555609,77.15490928507813,1.234420437658803,9.791932058763827,0.22298213529903177,15.885829978027058,0.5964367811272346,-26.011313852071098,60.376067196544014
"1-(2,4-Dichlorophenyl)-2,2,2-trifluoroethane-1,1-diol_4",C1=CC(=C(C=C1Cl)Cl)C(C(F)(F)F)(O)O,264.5250918896588,3.026306627300878,10,0,2,2,1,12,3,-8.913843735439011,2.365642924929232,28.271419646049544,-9.815262775283054,62.971458652484806,93.69040027371389,4.33818932313037,11.619569366687552,0.2097512044015754,24.33815358088894,0.9752032671399711,-37.01433009961222,62.912916543273504
"1-(2,4-Dichlorophenyl)-2,2,2-trifluoroethane-1,1-diol_5",C1=CC(=C(C=C1Cl)Cl)C(C(F)(F)F)(O)O,250.5869903944663,2.79813282975314,10,0,2,2,1,12,3,-7.813304938060599,2.2954268257411035,40.947351813573675,-8.75188471445163,58.192291628570146,92.32591298414427,7.136974864336119,9.945337518467666,0.20832487846463815,22.832333591717543,0.6709067256898462,-27.098120851616116,66.63387681956644
"1-(2,4-Dichlorophenyl)-2,2,2-trifluoroethane-1,1-diol_6",C1=CC(=C(C=C1Cl)Cl)C(C(F)(F)F)(O)O,254.5336247629939,2.592951635858892,10,0,2,2,1,12,3,-8.541135091085646,1.7910373222296707,33.739360474990185,-9.295360373438337,70.04702252489203,73.5608716497565,1.0,9.334188051051358,0.19821847267377155,25.562857760442203,0.49642968989266695,-44.903742670735895,75.30483253926383
"1-(2,4-Dichlorophenyl)-2,2,2-trifluoroethane-1,1-diol_7",C1=CC(=C(C=C1Cl)Cl)C(C(F)(F)F)(O)O,273.832023811305,2.3904294633897623,10,0,2,2,1,12,3,-9.034329912374229,2.7267971594420035,48.328847632536295,-9.81543135275145,51.67274036963936,97.55203456813082,5.550679968436651,13.5460423666844,0.247763815898258,19.54998700135203,0.6367157849793376,-36.17521461256038,64.37685060547658
"1-(2,4-Dichlorophenyl)-2,2,2-trifluoroethane-1,1-diol_8",C1=CC(=C(C=C1Cl)Cl)C(C(F)(F)F)(O)O,259.98966047081217,3.0598074820161885,10,0,2,2,1,12,3,-8.14742557907245,1.8436275458952949,35.54362144742694,-9.367099328574374,54.58331822461849,78.82244488103194,5.517949654241875,8.60449064384339,0.20811773165811748,23.744239392818965,0.7166947915060574,-38.086155270317605,67.66047574130822
"1-(2,4-Dichlorophenyl)-2,2,2-trifluoroethane-1,1-diol_9",C1=CC(=C(C=C1Cl)Cl)C(C(F)(F)F)(O)O,261.092804634412,2.89852835708174,10,0,2,2,1,12,3,-7.990257437462437,1.774574620452504,20.60048590407885,-8.81173508111331,63.42476150392363,77.66704177855368,1.4643382072640339,9.295369029751495,0.24328438897146995,17.807381555538043,0.7413920158693671,-31.578285947834992,62.793063039737525
"tert-Butyl 3-chloro-5,6-dihydro-[1,2,4]triazolo[4,3-a]pyrazine-7(8H)-carboxylate_0",CC(C)(C)OC(=O)N1CCN2C(=NN=C2Cl)C1,264.85889302843066,1.0064086402755006,11,4,2,4,1,17,3,-8.519133176912373,1.123243705697855,53.99011202731627,-9.479744638887134,53.77534737944577,55.081437794364874,4.367058145663153,5.526551429636658,0.3387778985407285,19.85153191183154,0.6541993928232717,-35.02924008545271,68.92278432752022
"tert-Butyl 3-chloro-5,6-dihydro-[1,2,4]triazolo[4,3-a]pyrazine-7(8H)-carboxylate_1",CC(C)(C)OC(=O)N1CCN2C(=NN=C2Cl)C1,273.0167819384163,1.032463912934035,11,4,2,4,1,17,3,-8.900049383543145,2.2138755464400592,29.033955580812783,-9.672895128917641,58.839808569354815,64.30128702709558,6.390141972631936,6.395535675332746,0.37007502168599593,27.245693177744677,0.98199454527738,-40.65934384924436,64.3043460787633
"tert-Butyl 3-chloro-5,6-dihydro-[1,2,4]triazolo[4,3-a]pyrazine-7(8H)-carboxylate_2",CC(C)(C)OC(=O)N1CCN2C(=NN=C2Cl)C1,246.08775106969304,0.6082670029862494,11,4,2,4,1,17,3,-8.407676968725976,1.2596120541399205,34.366807256297605,-9.187415918163254,52.942117033165104,61.066004216591686,6.8608840832703395,7.949625563048747,0.31126584696762827,24.490539557415616,0.9534514703988225,-35.89936829207639,64.23655398539324
"tert-Butyl 3-chloro-5,6-dihydro-[1,2,4]triazolo[4,3-a]pyrazine-7(8H)-carboxylate_3",CC(C)(C)OC(=O)N1CCN2C(=NN=C2Cl)C1,256.40711498176563,0.5160402244735798,11,4,2,4,1,17,3,-8.57027286265521,1.677553974706977,52.23237749345095,-9.639901983181726,57.642031151570144,75.94271433755392,6.018415649195914,4.836119463620949,0.3045589991270861,30.76385345744027,0.5600542609289293,-38.66887113319868,62.90162791907102
"tert-Butyl 3-chloro-5,6-dihydro-[1,2,4]triazolo[4,3-a]pyrazine-7(8H)-carboxylate_4",CC(C)(C)OC(=O)N1CCN2C(=NN=C2Cl)C1,254.56583223420523,0.3742271158684547,11,4,2,4,1,17,3,-8.290404753777704,2.2173441984091404,26.71993944039744,-9.462349073396657,65.09302548708702,66.57316883337923,10.446408558661968,8.483069125698506,0.3616236205127154,22.632555133918075,0.9601601458694498,-36.569365165448346,61.31311144331222
"tert-Butyl 3-chloro-5,6-dihydro-[1,2,4]triazolo[4,3-a]pyrazine-7(8H)-carboxylate_5",CC(C)(C)OC(=O)N1CCN2C(=NN=C2Cl)C1,263.25195836168325,0.79049465163702,11,4,2,4,1,17,3,-8.962806794026877,0.8619248705891644,22.603242669407088,-10.012631739648013,55.7117391523343,44.364734295102636,4.834810250180904,10.441959329172603,0.35118257756483023,27.495301215014187,0.3,-45.142657515929145,65.54993331422138
"tert-Butyl 3-chloro-5,6-dihydro-[1,2,4]triazolo[4,3-a]pyrazine-7(8H)-carboxylate_6",CC(C)(C)OC(=O)N1CCN2C(=NN=C2Cl)C1,240.95657490640363,0.5407544148178072,11,4,2,4,1,17,3,-8.924554442288922,1.6074745487442912,47.31696341535491,-9.958509514492093,65.42878353341445,62.29904746871633,6.034205866317906,4.198128126019695,0.35121365373781815,24.719015272231733,1.4630583630902985,-46.42308763963612,64.98338346563649
"tert-Butyl 3-chloro-5,6-dihydro-[1,2,4]triazolo[4,3-a]pyrazine-7(8H)-carboxylate_7",CC(C)(C)OC(=O)N1CCN2C(=NN=C2Cl)C1,272.0616163887842,0.7641392023742337,11,4,2,4,1,17,3,-9.002283802102134,0.9516376850796835,25.481620993358263,-9.735858301060649,45.99095939305192,67.27466522150846,9.419069238925767,7.628558065773691,0.3956877636714787,24.57438508743922,0.5355259180982019,-49.51742002680882,59.07560808309949
"tert-Butyl 3-chloro-5,6-dihydro-[1,2,4]triazolo[4,3-a]pyrazine-7(8H)-carboxylate_8",CC(C)(C)OC(=O)N1CCN2C(=NN=C2Cl)C1,252.05825425377782,1.0672885692980931,11,4,2,4,1,17,3,-7.930446402036324,1.1791150422470689,24.318842321177804,-8.697959071149555,59.11520999473469,79.00866894707103,14.224356542632103,7.027831254488978,0.38351128490143904,30.706853052922504,0.8584890730293026,-32.5758248985244,56.252649944770454
"tert-Butyl 3-chloro-5,6-dihydro-[1,2,4]triazolo[4,3-a]pyrazine-7(8H)-carboxylate_9",CC(C)(C)OC(=O)N1CCN2C(=NN=C2Cl)C1,257.39180954513796,0.6766972592935105,11,4,2,4,1,17,3,-8.189328266994963,1.484074763905625,37.78998071938688,-9.127013129532237,53.50830425862501,64.67879652922198,9.174538616246986,7.625546213886738,0.43588225431820593,22.31622840194308,1.1102138726287216,-31.620230573718985,60.21646189658519
"tert-Butyl 2,7-diazaspiro[4.4]nonane-2-carboxylate hemioxalate_0",CC(C)(C)OC(=O)N1CCC2(C1)CCNC2.CC(C)(C)OC(=O)N1CCC2(C1)CCNC2.C(=O)(C(=O)O)O,538.5285147983212,0.2988105198655018,26,4,8,8,1,38,4,-9.093536791717957,0.6808495241325007,39.04250244332431,-10.120316169038668,28.012974959381296,65.79551510610672,1.0,9.511095295677965,0.5,38.49511691192039,1.1555899027949084,-44.94107303650398,53.94384769263071
"tert-Butyl 2,7-diazaspiro[4.4]nonane-2-carboxylate hemioxalate_1",CC(C)(C)OC(=O)N1CCC2(C1)CCNC2.CC(C)(C)OC(=O)N1CCC2(C1)CCNC2.C(=O)(C(=O)O)O,541.2135880875095,0.0028880567856680583,26,4,8,8,1,38,4,-9.074766812311264,1.823436558427007,59.74726713849165,-10.286185701238374,20.0,73.92267865927246,1.0,6.6142323969791015,0.5,35.03889648777179,1.8087021781178985,-37.83359915841881,40.184764873888966
"tert-Butyl 2,7-diazaspiro[4.4]nonane-2-carboxylate hemioxalate_2",CC(C)(C)OC(=O)N1CCC2(C1)CCNC2.CC(C)(C)OC(=O)N1CCC2(C1)CCNC2.C(=O)(C(=O)O)O,560.5847675298833,-0.29868554906836464,26,4,8,8,1,38,4,-8.565179575793842,1.8556129239639914,51.035400060930726,-9.45659312217791,20.0,61.52585261995804,1.0,7.214866162517509,0.5,33.58008227910126,1.6508285339971933,-44.32885297577152,45.09684619075266
"tert-Butyl 2,7-diazaspiro[4.4]nonane-2-carboxylate hemioxalate_3",CC(C)(C)OC(=O)N1CCC2(C1)CCNC2.CC(C)(C)OC(=O)N1CCC2(C1)CCNC2.C(=O)(C(=O)O)O,525.5309468056123,-0.4773845418358137,26,4,8,8,1,38,4,-9.127751727476717,1.082765492840167,51.82067540274909,-10.350173904773902,20.0,75.11983913395615,1.0,7.528795031237694,0.5,34.62344508739426,1.9098778187029182,-38.1819039394363,48.53633518185943
"tert-Butyl 2,7-diazaspiro[4.4]nonane-2-carboxylate hemioxalate_4",CC(C)(C)OC(=O)N1CCC2(C1)CCNC2.CC(C)(C)OC(=O)N1CCC2(C1)CCNC2.C(=O)(C(=O)O)O,554.8507981016446,0.497319527161746,26,4,8,8,1,38,4,-8.95629379996742,1.6867800308515457,27.28277640397313,-9.754311436638467,20.0,70.48499793434875,1.0,8.81989694684733,0.5,28.480854802088256,1.0589427100558144,-43.64440934929956,46.8751556348247
"tert-Butyl 2,7-diazaspiro[4.4]nonane-2-carboxylate hemioxalate_5",CC(C)(C)OC(=O)N1CCC2(C1)CCNC2.CC(C)(C)OC(=O)N1CCC2(C1)CCNC2.C(=O)(C(=O)O)O,562.6764235142655,-0.36153540393032413,26,4,8,8,1,38,4,-8.351955732601695,1.1490894139001595,21.88328491930299,-9.571561198147338,20.0,53.11065343980759,1.0,8.49071344197692,0.5,27.93117771683449,1.3751878658399674,-41.502106666948976,45.12280396121352
"tert-Butyl 2,7-diazaspiro[4.4]nonane-2-carboxylate hemioxalate_6",CC(C)(C)OC(=O)N1CCC2(C1)CCNC2.CC(C)(C)OC(=O)N1CCC2(C1)CCNC2.C(=O)(C(=O)O)O,546.4380695668225,0.27859727950737734,26,4,8,8,1,38,4,-8.895914627409736,1.670635503457215,22.14160599399873,-9.78204497672571,20.0,59.56384399521617,1.0,10.801254143368089,0.5,33.559632224091345,1.534502569012912,-37.77914137891627,46.11028831869815
"tert-Butyl 2,7-diazaspiro[4.4]nonane-2-carboxylate hemioxalate_7",CC(C)(C)OC(=O)N1CCC2(C1)CCNC2.CC(C)(C)OC(=O)N1CCC2(C1)CCNC2.C(=O)(C(=O)O)O,524.2712815537365,0.4462058847148388,26,4,8,8,1,38,4,-8.728595925800793,0.5387905753078956,29.42775939011936,-9.619157234465096,20.0,57.820323760587534,1.0,7.067960485314053,0.5,32.46372005065991,1.7698566635852893,-44.11851637540069,52.228833752215394
"tert-Butyl 2,7-diazaspiro[4.4]nonane-2-carboxylate hemioxalate_8",CC(C)(C)OC(=O)N1CCC2(C1)CCNC2.CC(C)(C)OC(=O)N1CCC2(C1)CCNC2.C(=O)(C(=O)O)O,561.1225080650271,0.43808525951615396,26,4,8,8,1,38,4,-8.384101095151783,1.3965252538006343,55.96071051734063,-9.636239216501666,23.550595066158603,62.55260912534319,1.1775164972821899,6.647093657758859,0.5,38.78127138789108,1.4677250885493716,-47.07101480965604,49.382871512802666
"tert-Butyl 2,7-diazaspiro[4.4]nonane-2-carboxylate hemioxalate_9",CC(C)(C)OC(=O)N1CCC2(C1)CCNC2.CC(C)(C)OC(=O)N1CCC2(C1)CCNC2.C(=O)(C(=O)O)O,550.6543692211958,-0.2094058395003926,26,4,8,8,1,38,4,-9.61436460735148,1.864776462296128,56.78675173311944,-10.42243097722797,20.218955736191216,62.73056015949227,1.0,10.808241815305811,0.5,29.885411801873733,1.3080201292207534,-49.606174223755254,53.46280323461909
"1,1,1,3-Tetrachloroheptadecane_0",CCCCCCCCCCCCCCC(CC(Cl)(Cl)Cl)Cl,382.8885191217711,10.52149062756902,21,0,0,0,1,21,0,-8.6701068760107,5.157712400628957,23.83509385697471,-9.383756038867132,68.92868062790652,99.0,1.0,24.0,0.17214700339189654,25.51823114247119,0.3,-38.65365579348278,73.08912725169392
"1,1,1,3-Tetrachloroheptadecane_1",CCCCCCCCCCCCCCC(CC(Cl)(Cl)Cl)Cl,373.5481559825484,9.946103999575666,21,0,0,0,1,21,0,-8.424395819493773,4.21605899608476,27.789689195984145,-9.404489263237595,68.49794315339203,99.0,1.0,24.0,0.14536368423958543,27.82483972937457,0.3,-38.0965691549074,69.75796136057686
"1,1,1,3-Tetrachloroheptadecane_2",CCCCCCCCCCCCCCC(CC(Cl)(Cl)Cl)Cl,391.9214065855396,10.177934106345054,21,0,0,0,1,21,0,-7.98659483875445,4.17243084434198,55.86455857286467,-8.850055453811867,72.11632768246048,99.0,1.0,24.0,0.13293454069528093,19.370008087931872,0.315122699015694,-42.518241407188796,69.09606879106292
"1,1,1,3-Tetrachloroheptadecane_3",CCCCCCCCCCCCCCC(CC(Cl)(Cl)Cl)Cl,358.9490461063945,10.742949994720009,21,0,0,0,1,21,0,-9.167459438991965,4.918080802201665,37.94517786523311,-10.325324423035168,65.15861938038421,99.0,1.0,24.0,0.0824258181919415,29.942620981733338,0.3,-46.471926126816484,70.98352709525294
"1,1,1,3-Tetrachloroheptadecane_4",CCCCCCCCCCCCCCC(CC(Cl)(Cl)Cl)Cl,382.59170309164625,10.323413827118113,21,0,0,0,1,21,0,-8.414085137725904,4.539579065632823,53.87618445789578,-9.398126079625815,62.32012620545698,99.0,1.0,24.0,0.019465285254137737,27.3505605043643,0.3629016596843637,-39.68886379390789,72.81360371902002
"1,1,1,3-Tetrachloroheptadecane_5",CCCCCCCCCCCCCCC(CC(Cl)(Cl)Cl)Cl,384.645405876734,10.434481495919012,21,0,0,0,1,21,0,-9.095153203749856,3.976665591741276,48.7978937927495,-10.082626976294991,69.0589371313702,99.0,1.0,24.0,0.03891318151537453,27.02915536872244,0.3,-45.94394460444208,77.87902698662305
"1,1,1,3-Tetrachloroheptadecane_6",CCCCCCCCCCCCCCC(CC(Cl)(Cl)Cl)Cl,397.3887000154315,10.49485607978932,21,0,0,0,1,21,0,-9.074200911951696,4.06932107382209,29.454341876147513,-9.984134552114835,70.64873752657752,99.0,1.0,24.0,0.12176790635240738,28.006928981750647,0.6136135576216344,-39.80580950548454,74.23503944425455
"1,1,1,3-Tetrachloroheptadecane_7",CCCCCCCCCCCCCCC(CC(Cl)(Cl)Cl)Cl,372.6844872392349,10.664616364822024,21,0,0,0,1,21,0,-8.822050765219505,4.546639174763681,53.660499943162016,-9.944625307856509,77.89511900219301,99.0,1.0,24.0,0.15210641543072217,27.69774610558391,0.3,-22.481452746799672,78.14094566269343
"1,1,1,3-Tetrachloroheptadecane_8",CCCCCCCCCCCCCCC(CC(Cl)(Cl)Cl)Cl,388.28887687057505,10.610648797556081,21,0,0,0,1,21,0,-8.397490955783688,4.0745429743378665,29.6731597588778,-9.268278828022957,63.28398084272841,99.0,1.0,24.0,0.04543982107923877,31.557302259188017,0.4872267798006842,-45.65764314177491,70.15236981245206
"1,1,1,3-Tetrachloroheptadecane_9",CCCCCCCCCCCCCCC(CC(Cl)(Cl)Cl)Cl,367.62066474340355,10.06399358454051,21,0,0,0,1,21,0,-8.086749751763906,3.9948269760903847,30.92713766676469,-9.011155472307284,66.81744013774765,99.0,1.0,24.0,0.1179454990706343,35.19778832032979,0.5784480473365627,-32.38326584284891,71.6415305895072
Empagliflozin_0,C1COCC1OC2=CC=C(C=C2)CC3=C(C=CC(=C3)C4C(C(C(C(O4)CO)O)O)O)Cl,444.4524168092271,2.423094445883692,24,0,7,4,1,31,6,-8.311942192402737,2.395866793908299,35.48909162249429,-9.403205827873991,33.045482129729535,84.83623500749728,1.0,11.492121578998972,0.3173210353165008,29.975521463105537,1.2801331986136595,-40.21989320581817,49.98497333198596
Empagliflozin_1,C1COCC1OC2=CC=C(C=C2)CC3=C(C=CC(=C3)C4C(C(C(C(O4)CO)O)O)O)Cl,448.2509360664189,1.8422827126663224,24,0,7,4,1,31,6,-8.193137148185297,1.8342808796560994,29.601978165988676,-8.9568529329528,28.379886028477348,77.52509422617116,1.0,13.47963259628554,0.35561002708584555,32.31437847533618,0.5322656733805299,-31.853132900848145,59.341996633654205
Empagliflozin_2,C1COCC1OC2=CC=C(C=C2)CC3=C(C=CC(=C3)C4C(C(C(C(O4)CO)O)O)O)Cl,453.23199069485213,2.209899797727873,24,0,7,4,1,31,6,-8.439014644242313,2.072648297415055,57.20046981392952,-9.523140071786871,33.71387044010258,83.32870962829676,1.0,7.147886915663756,0.41577243227491967,33.78611575726726,1.629140260474384,-52.54199116664083,53.19455975209057
Empagliflozin_3,C1COCC1OC2=CC=C(C=C2)CC3=C(C=CC(=C3)C4C(C(C(C(O4)CO)O)O)O)Cl,446.14430547780466,1.758761472633557,24,0,7,4,1,31,6,-9.19554094432712,1.519482752984791,49.825486044192985,-10.483778803499352,24.794089309583068,74.59363993826452,1.0,12.048171432418169,0.4538750734740314,37.142560783203194,0.6610433408015922,-39.241635687328305,55.73065105135576
Empagliflozin_4,C1COCC1OC2=CC=C(C=C2)CC3=C(C=CC(=C3)C4C(C(C(C(O4)CO)O)O)O)Cl,438.7183201718237,2.433236691239843,24,0,7,4,1,31,6,-8.898104653683491,2.1001395452469285,35.82212125622986,-9.672078244087638,31.937790426403293,79.2361160610758,1.0,8.649744137936803,0.31650039379396505,32.71439520050606,0.7408875605851022,-43.21389420459443,59.91135139637383
Empagliflozin_5,C1COCC1OC2=CC=C(C=C2)CC3=C(C=CC(=C3)C4C(C(C(C(O4)CO)O)O)O)Cl,467.36357550690917,1.5935130664317658,24,0,7,4,1,31,6,-8.593759645696107,2.2049460992368424,51.777052720663995,-9.449210968953798,36.2027502440936,86.90481423201204,1.0,12.145888436693998,0.4524704639865925,29.486375066230647,1.0153604283044821,-38.2230606098585,48.133756522882614
Empagliflozin_6,C1COCC1OC2=CC=C(C=C2)CC3=C(C=CC(=C3)C4C(C(C(C(O4)CO)O)O)O)Cl,433.84215225965966,1.7874156170806201,24,0,7,4,1,31,6,-8.949888780742894,2.209963539434415,30.073232844250747,-9.907950557240714,38.61022399106657,83.0692827310331,1.8365739831661942,11.013719571391293,0.31728375018674454,27.15390116375981,0.7010120904606657,-49.14378771362844,63.31503325871829
Empagliflozin_7,C1COCC1OC2=CC=C(C=C2)CC3=C(C=CC(=C3)C4C(C(C(C(O4)CO)O)O)O)Cl,461.17587508435525,1.795070226749869,24,0,7,4,1,31,6,-8.974336497016882,1.644494872921321,35.73752096755494,-9.846650042747424,41.27598931465833,78.08372379378882,1.0,15.085086721219811,0.37665547775842134,30.664576806963215,0.9050787254970969,-50.772508522585895,54.23884345522278
Empagliflozin_8,C1COCC1OC2=CC=C(C=C2)CC3=C(C=CC(=C3)C4C(C(C(C(O4)CO)O)O)O)Cl,442.3930159762358,2.204776729114951,24,0,7,4,1,31,6,-8.295641121709997,1.5529698420275417,34.51178926543099,-9.564318295952937,43.148039670508204,77.80842091442302,1.0,11.686741258163266,0.4544208469547435,27.87155826711468,0.5309164413852168,-43.43752083549207,55.01671765858802
Empagliflozin_9,C1COCC1OC2=CC=C(C=C2)CC3=C(C=CC(=C3)C4C(C(C(C(O4)CO)O)O)O)Cl,445.7980657401547,1.9180516029630224,24,0,7,4,1,31,6,-8.682393577038992,1.3648401332351816,28.507289193743215,-9.596745206363366,38.078704754126704,74.15938471665842,1.0,13.519747710728742,0.3930797046998885,33.49773058705682,1.2674837134179668,-44.00782478360137,52.632142965611436
"(1S,2R)-1-benzyl-3-(dimethylamino)-2-methyl-1-phenylpropyl propanoate hydrochloride_0",[H+].CCC(=O)OC(CC1=CC=CC=C1)(C2=CC=CC=C2)C(C)CN(C)C.[Cl-],368.3191293246911,-0.375691650094537,23,1,2,4,1,26,7,-8.329682357564058,0.7242549733703425,37.88572989831712,-9.072850843122783,35.56085777828697,56.59001019071531,1.847079548855708,8.749563141502573,0.32737088852619123,23.18027491225642,1.1288804721340382,-36.94790838843698,52.997988387269764
"(1S,2R)-1-benzyl-3-(dimethylamino)-2-methyl-1-phenylpropyl propanoate hydrochloride_1",[H+].CCC(=O)OC(CC1=CC=CC=C1)(C2=CC=CC=C2)C(C)CN(C)C.[Cl-],377.7955031477698,-0.4696261212284295,23,1,2,4,1,26,7,-9.419951572352792,1.4572090984532293,18.59698479423456,-10.322531315240784,42.28750817355112,61.08183339750021,4.814545007281993,5.849463342168178,0.387277701344939,27.26644865062309,1.3706087591201377,-41.24776123956166,57.292695688443324
"(1S,2R)-1-benzyl-3-(dimethylamino)-2-methyl-1-phenylpropyl propanoate hydrochloride_2",[H+].CCC(=O)OC(CC1=CC=CC=C1)(C2=CC=CC=C2)C(C)CN(C)C.[Cl-],387.10933468607203,0.17505062314636355,23,1,2,4,1,26,7,-8.989881925793238,1.452480634793661,23.281406442058504,-10.080489289595223,32.705011793969064,59.53743005772624,11.87535292765248,7.776938208510204,0.2869710403324663,24.835983587015996,0.6633316431568643,-46.569540303747495,61.328852369325375
"(1S,2R)-1-benzyl-3-(dimethylamino)-2-methyl-1-phenylpropyl propanoate hydrochloride_3",[H+].CCC(=O)OC(CC1=CC=CC=C1)(C2=CC=CC=C2)C(C)CN(C)C.[Cl-],360.06712290032027,-0.3643833814569838,23,1,2,4,1,26,7,-8.509668287711248,1.3198342177644318,35.29542439098155,-9.732631098412648,39.85947430509971,58.696238846139835,7.548255079628771,6.785118352433545,0.36920202935985036,28.69118945255624,0.7980100639800771,-40.10424745145593,63.37705731903991
"(1S,2R)-1-benzyl-3-(dimethylamino)-2-methyl-1-phenylpropyl propanoate hydrochloride_4",[H+].CCC(=O)OC(CC1=CC=CC=C1)(C2=CC=CC=C2)C(C)CN(C)C.[Cl-],370.3291593798434,-0.17888386570081705,23,1,2,4,1,26,7,-9.240323218657402,1.8937852047939954,25.49702740442627,-10.533640672774098,37.592945506079985,57.276298185725736,4.863243785698431,9.294297627582337,0.3112640003251945,34.843387579164784,0.485069282712476,-46.732394181268404,68.66319600756289
"(1S,2R)-1-benzyl-3-(dimethylamino)-2-methyl-1-phenylpropyl propanoate hydrochloride_5",[H+].CCC(=O)OC(CC1=CC=CC=C1)(C2=CC=CC=C2)C(C)CN(C)C.[Cl-],381.855935919883,-0.07492925451159005,23,1,2,4,1,26,7,-8.021864317973018,0.5953281950682087,42.44822099570539,-9.013099931831741,43.16408347736836,67.48810224798945,4.21970885110457,1.8604917238484875,0.3707488033877246,29.189187214586216,0.7840982417765081,-42.841077224625046,58.60511876851345
"(1S,2R)-1-benzyl-3-(dimethylamino)-2-methyl-1-phenylpropyl propanoate hydrochloride_6",[H+].CCC(=O)OC(CC1=CC=CC=C1)(C2=CC=CC=C2)C(C)CN(C)C.[Cl-],389.2285367268321,0.20066420572329025,23,1,2,4,1,26,7,-9.237079335381994,1.8783718954939943,41.536632527049846,-10.098111643793974,38.46105284559658,52.23668730709152,4.901638448327297,9.977344270414552,0.4100993695884981,28.55476911390584,1.1153383334811788,-40.72026402462383,61.26901533544599
"(1S,2R)-1-benzyl-3-(dimethylamino)-2-methyl-1-phenylpropyl propanoate hydrochloride_7",[H+].CCC(=O)OC(CC1=CC=CC=C1)(C2=CC=CC=C2)C(C)CN(C)C.[Cl-],372.5583087598045,0.23042648116385622,23,1,2,4,1,26,7,-8.151065373860186,1.6430652618274821,24.692387582013186,-9.309099768305602,42.91531629495768,44.67663646046774,2.228180159565007,4.817042940835638,0.34129940686746485,33.988976842553164,0.8451781446408575,-37.89542704601919,64.62904727146145
"(1S,2R)-1-benzyl-3-(dimethylamino)-2-methyl-1-phenylpropyl propanoate hydrochloride_8",[H+].CCC(=O)OC(CC1=CC=CC=C1)(C2=CC=CC=C2)C(C)CN(C)C.[Cl-],374.2812909210397,0.40681060498128285,23,1,2,4,1,26,7,-8.451836161142818,0.5833437090764269,44.55686101565067,-9.362558462300974,40.385419098469725,67.38127499249504,5.496982989406968,6.353543504766354,0.42560287099594774,29.690470700935194,0.6567489921705846,-35.32023995394952,56.444010109224635
"(1S,2R)-1-benzyl-3-(dimethylamino)-2-methyl-1-phenylpropyl propanoate hydrochloride_9",[H+].CCC(=O)OC(CC1=CC=CC=C1)(C2=CC=CC=C2)C(C)CN(C)C.[Cl-],381.54650823380706,-0.022635975615796777,23,1,2,4,1,26,7,-9.328028133880952,1.577899722643592,18.48249438191304,-10.42319461308862,36.35838238637898,51.254455365820924,6.118551694046606,9.397696210523247,0.31884330947968614,29.539635555324914,0.5847582729318661,-38.70512411632182,68.6262289333851
CID 49863002_0,C1=CC(=CC=C1CNC(=C2C=CC(=CC2=O)Cl)S)Br,349.78707770114175,4.620639657565318,15,1,1,4,1,17,7,-8.852362136757918,3.2273678640998487,55.79326636146975,-9.619177517828755,57.76555448053068,99.0,1.0,16.24796519692205,0.38582618593553303,25.59088431821833,0.9968204739952937,-33.50097704486164,56.2455622800134
CID 49863002_1,C1=CC(=CC=C1CNC(=C2C=CC(=CC2=O)Cl)S)Br,374.19760699535703,4.9861985768350285,15,1,1,4,1,17,7,-8.568724429260131,3.46065356450848,21.482375992005714,-9.55740427739227,54.24037849814347,99.0,1.0,15.860392673558922,0.3681258545694373,28.021541682882262,0.5006491400150568,-35.40029539652874,54.86111725465087
CID 49863002_2,C1=CC(=CC=C1CNC(=C2C=CC(=CC2=O)Cl)S)Br,362.07996917357104,5.083302663733713,15,1,1,4,1,17,7,-8.249745535628582,2.5119546041156773,19.90552812361248,-9.378224834240816,54.50637480845873,96.89195072178845,1.0,17.526805137452662,0.3579759910220806,25.27796170507682,0.713705475215011,-38.79970711756773,52.998836463894065
CID 49863002_3,C1=CC(=CC=C1CNC(=C2C=CC(=CC2=O)Cl)S)Br,359.7338423161428,4.823308030939208,15,1,1,4,1,17,7,-8.522262581309823,3.186664425816894,22.97441468442697,-9.285282754123504,49.7144634389408,99.0,1.0,15.220421033563664,0.33366896600933676,28.27538143017737,0.8826180910790323,-40.888622834430656,61.2651076847866
CID 49863002_4,C1=CC(=CC=C1CNC(=C2C=CC(=CC2=O)Cl)S)Br,355.53163112168863,4.387233839615329,15,1,1,4,1,17,7,-9.07409083187102,3.171344344796367,39.905645078845616,-9.972581015647226,51.586570737003576,99.0,1.0,13.869315451928161,0.35242012573450776,31.592995867650433,0.3,-46.79850605268705,60.96148816312875
CID 49863002_5,C1=CC(=CC=C1CNC(=C2C=CC(=CC2=O)Cl)S)Br,356.57455422978956,4.227792789967078,15,1,1,4,1,17,7,-8.621899357843665,3.352772920862053,29.29557847562257,-9.435424114545969,56.280897977528525,97.65466514568655,1.0,16.59728106931238,0.30738686627794365,23.988064906777414,1.338279404425041,-43.36037352872124,61.1319160183924
CID 49863002_6,C1=CC(=CC=C1CNC(=C2C=CC(=CC2=O)Cl)S)Br,360.1016819257897,4.608191781772021,15,1,1,4,1,17,7,-8.348924172708912,2.850469520044344,37.822944604650004,-9.524013245903788,50.8909621810806,99.0,1.0,16.989260112515975,0.2978556056464503,25.783008594850855,0.5632404620931653,-28.13354728847966,55.26594586062173
CID 49863002_7,C1=CC(=CC=C1CNC(=C2C=CC(=CC2=O)Cl)S)Br,361.8053128855547,4.580676485241469,15,1,1,4,1,17,7,-8.821629753309583,3.4952594277625937,38.28344539181015,-9.649202591155523,53.902201523154886,99.0,1.0,16.98601865088624,0.3420445974706035,26.33427934197524,1.1020189008717547,-38.14965425544892,57.659383531742826
CID 49863002_8,C1=CC(=CC=C1CNC(=C2C=CC(=CC2=O)Cl)S)Br,369.1095785159707,4.482871657847406,15,1,1,4,1,17,7,-9.027741581397445,2.523377519090239,24.190303442794484,-10.001359799918822,60.77387738765308,99.0,1.0,15.493932598528163,0.40186922816501935,20.141320126048516,0.6985481618520007,-46.72593298674614,56.927343566759355
CID 49863002_9,C1=CC(=CC=C1CNC(=C2C=CC(=CC2=O)Cl)S)Br,351.32371371502313,4.869515707602012,15,1,1,4,1,17,7,-7.891734579519181,2.2315685217519357,46.96918181283152,-9.034492023617892,56.87155869753073,99.0,1.0,15.170371896340455,0.26039398676945946,29.52009655837796,0.8678428566094498,-40.70890301871349,58.96970653719471
Atorvastatin_0,CC(C)C1=C(C(=C(N1CCC(CC(CC(=O)O)O)O)C2=CC=C(C=C2)F)C3=CC=CC=C3)C(=O)NC4=CC=CC=C4,552.7183490983736,5.41273847343106,33,2,5,4,1,40,13,-9.3460440355422,3.5527526397066773,56.44217939503237,-10.473051723291833,38.336226294494324,99.0,1.0,20.226629809980402,0.4125788077384167,32.44917117140546,0.7410856773947956,-58.4724087457676,52.95455827657896
Atorvastatin_1,CC(C)C1=C(C(=C(N1CCC(CC(CC(=O)O)O)O)C2=CC=C(C=C2)F)C3=CC=CC=C3)C(=O)NC4=CC=CC=C4,565.6087859015853,4.510238002575996,33,2,5,4,1,40,13,-9.79840060565681,3.327673119899827,40.54505209974026,-11.092296314816322,24.478441639662243,99.0,1.0,21.578887823393224,0.44757200581905104,35.69366892495557,0.8012365352105784,-41.11995590759281,50.18697682067419
Atorvastatin_2,CC(C)C1=C(C(=C(N1CCC(CC(CC(=O)O)O)O)C2=CC=C(C=C2)F)C3=CC=CC=C3)C(=O)NC4=CC=CC=C4,551.5257977774153,4.622649956524945,33,2,5,4,1,40,13,-8.728007742762008,2.450303947422338,27.851454117699692,-9.590921732289328,29.398135058910004,98.35715764892178,1.0,15.948293265633783,0.3200586139233985,37.82866853958657,1.2176951079577327,-43.04046552331555,55.31137954866988
Atorvastatin_3,CC(C)C1=C(C(=C(N1CCC(CC(CC(=O)O)O)O)C2=CC=C(C=C2)F)C3=CC=CC=C3)C(=O)NC4=CC=CC=C4,569.0212545987921,5.024848354543793,33,2,5,4,1,40,13,-9.118481311421524,2.5060601455682647,54.0264717067663,-10.392743765702878,27.520201764228702,99.0,1.0,22.11986383768272,0.39701235218101905,35.727367216035425,0.6978739566171742,-46.480575635817715,55.20634521979309
Atorvastatin_4,CC(C)C1=C(C(=C(N1CCC(CC(CC(=O)O)O)O)C2=CC=C(C=C2)F)C3=CC=CC=C3)C(=O)NC4=CC=CC=C4,549.5670975869738,4.72207569994393,33,2,5,4,1,40,13,-8.404200544118316,2.6558339359305987,24.6714675850806,-9.110873072565308,33.34626438235713,99.0,1.0,16.381076398816035,0.39859589996959416,30.36690578330935,1.0227652168891022,-39.08008744616818,50.87975908270375
Atorvastatin_5,CC(C)C1=C(C(=C(N1CCC(CC(CC(=O)O)O)O)C2=CC=C(C=C2)F)C3=CC=CC=C3)C(=O)NC4=CC=CC=C4,565.8436415891939,5.447587399776707,33,2,5,4,1,40,13,-9.163720147772272,2.7255316813537105,26.79439587078675,-10.142807887244993,24.176895241796597,99.0,1.0,19.483644978149744,0.32540313940685656,24.88695938668389,0.43248182495600823,-48.897332745421245,56.89993508525993
Atorvastatin_6,CC(C)C1=C(C(=C(N1CCC(CC(CC(=O)O)O)O)C2=CC=C(C=C2)F)C3=CC=CC=C3)C(=O)NC4=CC=CC=C4,552.0490477233926,4.842089041200677,33,2,5,4,1,40,13,-9.147485447123199,2.7623870204464662,31.90294265394815,-9.887059171534702,35.83711554994447,99.0,1.0,18.488327006593426,0.31649283862745686,36.91569166856829,0.43310939472271504,-36.85365809517138,59.915460670645736
Atorvastatin_7,CC(C)C1=C(C(=C(N1CCC(CC(CC(=O)O)O)O)C2=CC=C(C=C2)F)C3=CC=CC=C3)C(=O)NC4=CC=CC=C4,575.2126877055721,5.087575977643272,33,2,5,4,1,40,13,-9.016047325120713,3.6622013226962844,37.50718722525903,-10.20664978723077,24.870578721502078,99.0,1.0,18.873313467774576,0.34774654137079425,27.807557079729893,0.7591509536771348,-48.13782870721449,53.49011334155688
Atorvastatin_8,CC(C)C1=C(C(=C(N1CCC(CC(CC(=O)O)O)O)C2=CC=C(C=C2)F)C3=CC=CC=C3)C(=O)NC4=CC=CC=C4,549.7513098349252,4.776431611700808,33,2,5,4,1,40,13,-8.341424564157395,3.611125605280742,33.489650381834146,-9.371439588410682,35.1304643829902,99.0,1.0,18.896266909772496,0.3817801923143925,30.83665437714127,0.7213209673516923,-45.320829845457354,56.698230799546074
Atorvastatin_9,CC(C)C1=C(C(=C(N1CCC(CC(CC(=O)O)O)O)C2=CC=C(C=C2)F)C3=CC=CC=C3)C(=O)NC4=CC=CC=C4,574.719185962254,4.627743127509016,33,2,5,4,1,40,13,-9.550821890390566,2.388417358519841,45.841103671461894,-10.277813800601015,30.161609562209335,99.0,1.0,20.45031576372925,0.30936206864401183,31.09698642769015,1.0016977628448775,-43.82688042838638,56.27004394541118
Triciribine_0,CN1C2=NC=NC3=C2C(=CN3C4C(C(C(O4)CO)O)O)C(=N1)N,315.88989658694646,-1.583645837333504,13,6,4,4,1,23,5,-8.266528720792593,0.5787376630684671,47.63098180654808,-9.199417830673555,52.98827029299845,43.49756946814437,11.035361045068056,0.9641287736981854,0.27272382097950915,26.859265570387905,1.5917753000066615,-32.46205373488581,69.02869373095548
Triciribine_1,CN1C2=NC=NC3=C2C(=CN3C4C(C(C(O4)CO)O)O)C(=N1)N,305.93056874796883,-1.6701427709825079,13,6,4,4,1,23,5,-7.976392598451623,1.1509925690363167,26.785508295034116,-8.786459584027313,41.390514085289574,34.7921812272329,10.218229140854177,2.08974102109797,0.3307848870680835,26.206916860132477,0.7336970912150029,-37.153955615025765,59.1607766075287
Triciribine_2,CN1C2=NC=NC3=C2C(=CN3C4C(C(C(O4)CO)O)O)C(=N1)N,331.7405923547373,-2.0060262555916175,13,6,4,4,1,23,5,-8.856875287601866,0.0596665741738287,32.35597237004234,-9.975360995008053,43.00732192418167,29.10057726507359,16.521601420836422,5.212565912261294,0.34194031244405265,23.002589820288318,0.9177382066205513,-48.41481243554326,59.8147196904864
Triciribine_3,CN1C2=NC=NC3=C2C(=CN3C4C(C(C(O4)CO)O)O)C(=N1)N,308.89160154957017,-1.8316519327514504,13,6,4,4,1,23,5,-9.422345033133464,0.14148278338964476,47.32883250273478,-10.501406919636965,37.86582437973716,28.44488273212893,7.773213595125703,3.777021912289623,0.3085842973848096,21.350146762639305,0.865889186005476,-48.706993234114016,67.10786567120384
Triciribine_4,CN1C2=NC=NC3=C2C(=CN3C4C(C(C(O4)CO)O)O)C(=N1)N,311.75080738958354,-1.8577823563364078,13,6,4,4,1,23,5,-8.726375894977929,0.46998886092613057,34.60647143559684,-9.926476164317112,37.60197550825717,38.75393553040093,10.738973877960216,3.191006501836527,0.3302787015920945,31.122214488522044,0.3094611869944306,-41.78845917254786,69.25698170570973
Triciribine_5,CN1C2=NC=NC3=C2C(=CN3C4C(C(C(O4)CO)O)O)C(=N1)N,303.9621690905753,-1.1423905168716457,13,6,4,4,1,23,5,-8.982160398195845,0.25939625751824796,41.99959062439089,-10.225503550379663,42.546362765013015,42.52041131260764,18.293180404706114,3.430252519603407,0.32610946592914347,20.310827523162974,0.7681361656988842,-42.27407080491997,58.03024458858188
Triciribine_6,CN1C2=NC=NC3=C2C(=CN3C4C(C(C(O4)CO)O)O)C(=N1)N,327.67418404993253,-1.2691547199405788,13,6,4,4,1,23,5,-8.958343234318182,0.12046913859821068,49.32048737313838,-10.064810275750494,32.37071777639739,45.82106256122573,13.929669224577857,4.716742951683073,0.28837384743394767,27.40963975485811,0.6514566027276365,-48.61408514718723,63.62839863247051
Triciribine_7,CN1C2=NC=NC3=C2C(=CN3C4C(C(C(O4)CO)O)O)C(=N1)N,330.2906930340335,-1.6718209618856394,13,6,4,4,1,23,5,-8.458873435740042,0.31705205404821263,49.71170313340537,-9.22445101930849,35.63761004049595,37.36042059506701,10.970784558046308,4.816506549607562,0.4012057829906983,26.35699644732793,0.7988616732445213,-48.45226391599753,64.11824833215148
Triciribine_8,CN1C2=NC=NC3=C2C(=CN3C4C(C(C(O4)CO)O)O)C(=N1)N,312.5082905047997,-1.6976320049756377,13,6,4,4,1,23,5,-8.975163927687046,0.7423426236193945,26.344584188113757,-9.911263409880966,37.090422598693934,39.05292031462428,8.566651338675026,2.0496283656359116,0.2983197087375612,26.17431369582506,0.9224653883189297,-46.671202746778775,71.38811202791952
Triciribine_9,CN1C2=NC=NC3=C2C(=CN3C4C(C(C(O4)CO)O)O)C(=N1)N,333.6349909701755,-1.895800937407224,13,6,4,4,1,23,5,-7.992041610776736,0.8818812342799601,33.33174085385911,-8.740182830488667,40.480066306402286,30.856249741850185,16.200154888532744,3.6749997590143715,0.3539612310867487,26.809982697227525,1.0426105064296607,-44.86244951257412,62.668965548751714
Abacavir_0,C1CC1NC2=C3C(=NC(=N2)N)N(C=N3)C4CC(C=C4)CO,280.4553230057365,0.7087757763619975,14,6,1,4,1,21,5,-8.292380297281875,1.087776714307783,22.052578422780876,-9.020392799694594,60.223105492820295,74.57389672705709,1.0,9.692648964928622,0.3629840653537788,22.348128891261094,0.5832285644236113,-43.16510933052744,59.713192871072586
Abacavir_1,C1CC1NC2=C3C(=NC(=N2)N)N(C=N3)C4CC(C=C4)CO,276.12920863735366,0.4046555815667823,14,6,1,4,1,21,5,-9.388129073579263,2.199096628264231,38.707003980994486,-10.099496170533078,46.27308708159079,69.17345161241485,6.097690482369838,4.765766338710415,0.39138871284134696,21.162100027357482,1.0245778369177172,-48.63211630910185,57.45582340548791
Abacavir_2,C1CC1NC2=C3C(=NC(=N2)N)N(C=N3)C4CC(C=C4)CO,299.6883249865983,0.5115550789642012,14,6,1,4,1,21,5,-9.241063248299177,1.2439857429136907,19.18157518091178,-10.488870804890524,52.78873626063698,64.8866105772074,11.953806355165916,3.7051586775497083,0.3147477845316391,20.856103230701176,0.30675114460835884,-45.81185055762685,68.80949516437927
Abacavir_3,C1CC1NC2=C3C(=NC(=N2)N)N(C=N3)C4CC(C=C4)CO,292.1122239985738,1.1516162624323094,14,6,1,4,1,21,5,-9.380645175019074,1.8400322748486635,26.630322239343826,-10.407022456130402,48.95051300742125,58.35439539871723,4.911703853237249,8.663925845094226,0.2829208467707556,23.36082215997259,1.1570131502697136,-44.997997128192615,59.77834028501417
Abacavir_4,C1CC1NC2=C3C(=NC(=N2)N)N(C=N3)C4CC(C=C4)CO,298.8085843483031,1.2414480255830602,14,6,1,4,1,21,5,-8.41019925719921,1.6795287017377085,31.301033651235297,-9.280359346981179,49.36155527889885,59.10438267206398,9.137611545865623,7.019528294989408,0.39075371829604794,25.484461234394615,0.8509774360321635,-43.62471734752782,65.7719030140325
Abacavir_5,C1CC1NC2=C3C(=NC(=N2)N)N(C=N3)C4CC(C=C4)CO,269.7707275025472,0.43042853566464967,14,6,1,4,1,21,5,-8.925291913058263,1.7623045463683304,53.687781681792295,-9.995079472075208,44.59178185747386,78.84558968362008,6.101269699233244,5.246258049869646,0.3474432610316956,19.962273148399273,0.9652804476455036,-35.62888661152988,57.61098097105798
Abacavir_6,C1CC1NC2=C3C(=NC(=N2)N)N(C=N3)C4CC(C=C4)CO,284.9248977567749,1.047887249173292,14,6,1,4,1,21,5,-8.829716771072832,1.2965919898923426,32.44410827703661,-9.886290417877833,51.01705806252641,66.740881965404,7.563542496275064,7.246845895907053,0.4546688549234095,25.44153050718995,1.1689145919722392,-36.634094263817836,53.35883126868672
Abacavir_7,C1CC1NC2=C3C(=NC(=N2)N)N(C=N3)C4CC(C=C4)CO,303.0878430188843,0.6846992950995043,14,6,1,4,1,21,5,-8.832888129907753,0.9057830806829112,18.32469736328767,-9.553733431214626,51.0600975635724,60.97844056591959,3.9156862614932857,6.412558211404826,0.43826715023509794,24.634382376946853,0.45993308367819885,-48.14028521007183,67.60041767894995
Abacavir_8,C1CC1NC2=C3C(=NC(=N2)N)N(C=N3)C4CC(C=C4)CO,304.3551170793653,0.7710083870647908,14,6,1,4,1,21,5,-8.911998241049506,0.9684420821148466,31.41801830656106,-9.767402290098522,54.20168389974292,53.4806297928769,12.365398355100377,7.916196860489149,0.34602697444905206,23.989360649712488,0.7013886355932242,-43.19251878481549,58.54066683544007
Abacavir_9,C1CC1NC2=C3C(=NC(=N2)N)N(C=N3)C4CC(C=C4)CO,274.2864716483258,0.4849337217715133,14,6,1,4,1,21,5,-8.170459089070784,1.2110643378898944,25.28526134354386,-9.171214321332801,51.418921339516224,65.87398550027667,1.0,9.62076229766159,0.40088016444970537,21.476113637161088,1.089818449547872,-37.37426523501373,54.08526706807975
Riluzole_0,C1=CC2=C(C=C1OC(F)(F)F)SC(=N2)N,216.73685298321323,3.2672847392934123,8,2,1,4,1,11,4,-8.510641514469125,2.190191277661693,44.92996047754015,-9.622126536140074,66.59516866940926,85.08733842802147,7.025516199271414,13.280392985206012,0.18391234091146133,21.745861496265103,0.45924122667281686,-40.79155574647804,69.44529332368604
Riluzole_1,C1=CC2=C(C=C1OC(F)(F)F)SC(=N2)N,238.28792318790192,3.132111790736565,8,2,1,4,1,11,4,-9.005914954061934,2.5799501886850758,45.83522197508263,-9.820646026378117,68.29524254293774,92.2959385850662,5.4923965581777034,11.494946913618167,0.3521515032299071,16.069135159538448,1.1665534654399141,-39.15828859514351,69.28723717991915
Riluzole_2,C1=CC2=C(C=C1OC(F)(F)F)SC(=N2)N,221.26116416210675,3.9031459261575447,8,2,1,4,1,11,4,-7.7692550209451845,2.7823927562727633,22.409089752908795,-8.67793594362995,68.31773856939614,90.96129145645747,1.0,14.472707917486014,0.32147923077113383,24.791037023757458,1.3479365363682545,-37.36012886356223,58.45826442465103
Riluzole_3,C1=CC2=C(C=C1OC(F)(F)F)SC(=N2)N,227.39902513710766,3.9306661148234414,8,2,1,4,1,11,4,-8.129749906617365,2.930718622492864,39.148362511799746,-9.206111049848092,78.25152281735915,81.85952588695189,8.987137874991873,11.14883524907559,0.47332990074475945,18.216744297348338,1.2011605805490078,-32.77036826154621,59.892724445663816
Riluzole_4,C1=CC2=C(C=C1OC(F)(F)F)SC(=N2)N,235.91665399731758,3.9059404029893554,8,2,1,4,1,11,4,-8.451013796279769,1.9619582971061922,17.792498480141067,-9.331250347697436,67.91276985079932,93.32100424939792,1.0,12.917442563380932,0.35330606548193433,20.891504970615085,1.1136618516532095,-40.4390112435868,58.29693264708355
Riluzole_5,C1=CC2=C(C=C1OC(F)(F)F)SC(=N2)N,246.28130924265471,3.200662164963446,8,2,1,4,1,11,4,-8.13418417501604,3.046042435955691,24.134416274985476,-9.388300295429607,66.88525425093329,93.03044988813619,1.0,14.80749977095242,0.34800835474155956,16.8624640306071,1.7161297725602038,-36.92358015478292,59.84053400709341
Riluzole_6,C1=CC2=C(C=C1OC(F)(F)F)SC(=N2)N,247.75456924124995,3.47278275994186,8,2,1,4,1,11,4,-8.674466223308885,2.753880584827977,50.64789584566971,-9.839871872079168,60.15244895347537,99.0,1.0,11.61969807451825,0.3716159910186792,23.26166955208073,0.6692147041465375,-30.476169632962097,61.61932734794087
Riluzole_7,C1=CC2=C(C=C1OC(F)(F)F)SC(=N2)N,219.0831871046038,3.72219858567507,8,2,1,4,1,11,4,-8.837850779585484,2.3412022182798164,48.289526575597975,-9.81939360949247,68.13523602162847,89.77343739053133,1.8465995461228335,14.578342122917334,0.47636292425688886,29.932895841448094,1.121247846834081,-35.154985953553954,56.755069040038784
Riluzole_8,C1=CC2=C(C=C1OC(F)(F)F)SC(=N2)N,234.8615730123097,3.1363147393357353,8,2,1,4,1,11,4,-9.044130712368915,1.851683081322356,48.67170613241042,-9.864958271830767,56.720774292659044,90.99390887353366,2.8766246972673155,11.960080285721956,0.38456910860949517,18.324539598003312,0.6150341727134767,-33.751832033656,58.89724404235472
Riluzole_9,C1=CC2=C(C=C1OC(F)(F)F)SC(=N2)N,226.72867772626762,3.31237956410507,8,2,1,4,1,11,4,-9.1547901243659,1.9613501613266269,36.21762395241771,-10.21738535839066,68.22439490657455,99.0,1.0,10.246835624980864,0.38871066157854073,29.586945733455554,0.8416312985668216,-45.515750601526115,61.60814241148779
Telaprevir_0,CCCC(C(=O)C(=O)NC1CC1)NC(=O)C2C3CCCC3CN2C(=O)C(C(C)(C)C)NC(=O)C(C4CCCCC4)NC(=O)C5=NC=CN=C5,686.473790382736,3.822021728631175,36,7,6,4,1,49,9,-8.668726201872255,2.466371691153031,45.233449727923,-9.925075286706276,20.0,94.20415732943226,1.0,18.133632273737206,0.4026797428442971,39.54484722560858,0.7032013356198727,-43.854166337300356,48.82246216638902
Telaprevir_1,CCCC(C(=O)C(=O)NC1CC1)NC(=O)C2C3CCCC3CN2C(=O)C(C(C)(C)C)NC(=O)C(C4CCCCC4)NC(=O)C5=NC=CN=C5,673.9282898968185,4.4569263876274805,36,7,6,4,1,49,9,-9.538379870096772,3.35816159185117,25.340014612748647,-10.782082529396522,20.0,99.0,1.0,20.69933152357062,0.3359600762233271,29.622568482943915,0.3,-54.77874295252694,59.37897551584294
Telaprevir_2,CCCC(C(=O)C(=O)NC1CC1)NC(=O)C2C3CCCC3CN2C(=O)C(C(C)(C)C)NC(=O)C(C4CCCCC4)NC(=O)C5=NC=CN=C5,667.4917067130912,3.7870065870560605,36,7,6,4,1,49,9,-9.650062618755147,1.9215981587992295,29.347619033629318,-10.82220371006606,20.0,98.00534502701326,1.0,19.905275742758803,0.38032110959316107,31.082270696213705,0.847707833272436,-60.0,54.955711153936555
Telaprevir_3,CCCC(C(=O)C(=O)NC1CC1)NC(=O)C2C3CCCC3CN2C(=O)C(C(C)(C)C)NC(=O)C(C4CCCCC4)NC(=O)C5=NC=CN=C5,691.6434278507829,3.916613001466184,36,7,6,4,1,49,9,-9.420817878568029,2.49119627315894,30.11210773171954,-10.650565578155122,20.0,91.22668272665135,1.0,20.007843537957324,0.3046831446990426,36.27145437961667,0.33791075342573973,-60.0,55.31541845578724
Telaprevir_4,CCCC(C(=O)C(=O)NC1CC1)NC(=O)C2C3CCCC3CN2C(=O)C(C(C)(C)C)NC(=O)C(C4CCCCC4)NC(=O)C5=NC=CN=C5,694.6703411919734,4.500712059218485,36,7,6,4,1,49,9,-9.836460957605706,3.0870107548203016,36.92089456973295,-11.028099453837623,20.0,95.79620794376154,1.0,19.04652477019267,0.33803474069545647,35.128846465157245,1.0166513953931318,-54.09961592387634,51.253593468858625
Telaprevir_5,CCCC(C(=O)C(=O)NC1CC1)NC(=O)C2C3CCCC3CN2C(=O)C(C(C)(C)C)NC(=O)C(C4CCCCC4)NC(=O)C5=NC=CN=C5,685.7466188985056,4.370433844062742,36,7,6,4,1,49,9,-9.61047392348237,3.1714490475785695,48.3819872607326,-10.60961150735563,20.0,95.31625002958437,1.0,20.832168729356333,0.37379598127144537,39.45454927890209,0.870403232686943,-43.821612938129576,51.54917819507585
Telaprevir_6,CCCC(C(=O)C(=O)NC1CC1)NC(=O)C2C3CCCC3CN2C(=O)C(C(C)(C)C)NC(=O)C(C4CCCCC4)NC(=O)C5=NC=CN=C5,699.5539225142153,4.669294362365355,36,7,6,4,1,49,9,-9.447563018361189,2.2324820124056752,29.339635931325954,-10.160386064621953,20.0,99.0,1.0,16.875872657765367,0.4020722736758961,39.67822221989937,0.7644087049090891,-45.95532635772833,55.63319376934638
Telaprevir_7,CCCC(C(=O)C(=O)NC1CC1)NC(=O)C2C3CCCC3CN2C(=O)C(C(C)(C)C)NC(=O)C(C4CCCCC4)NC(=O)C5=NC=CN=C5,669.166293229755,4.27761090457375,36,7,6,4,1,49,9,-9.556765806903101,2.1148413367152696,24.52344047172106,-10.361634793061336,20.0,99.0,1.0,20.62830654000448,0.29855843807060556,34.383140161394174,0.3,-46.74208303583567,57.117653586222666
Telaprevir_8,CCCC(C(=O)C(=O)NC1CC1)NC(=O)C2C3CCCC3CN2C(=O)C(C(C)(C)C)NC(=O)C(C4CCCCC4)NC(=O)C5=NC=CN=C5,680.6097826644077,3.73537921517332,36,7,6,4,1,49,9,-9.02147229355079,2.8946066678713387,46.17852564709899,-9.767085684731226,20.0,99.0,1.0,21.487892353801538,0.36729730838427876,31.34597102144426,0.7337383247120085,-47.69419403818847,54.03934017819935
Telaprevir_9,CCCC(C(=O)C(=O)NC1CC1)NC(=O)C2C3CCCC3CN2C(=O)C(C(C)(C)C)NC(=O)C(C4CCCCC4)NC(=O)C5=NC=CN=C5,673.546582452959,4.098210308634102,36,7,6,4,1,49,9,-8.902926507912051,2.8587109839691323,31.570378783120987,-9.706491664180403,20.0,99.0,1.0,18.50456155089695,0.40440135418209566,39.298512491670536,0.5008465003748455,-57.08867765776272,54.335885797454345
"N-[5-bromo-2-hydroxy-1-(morpholin-4-ylmethyl)indol-3-yl]imino-2-(2-oxo-3-phenyl-1,8-naphthyridin-1-yl)acetamide_0",C1COCCN1CN2C3=C(C=C(C=C3)Br)C(=C2O)N=NC(=O)CN4C5=C(C=CC=N5)C=C(C4=O)C6=CC=CC=C6,614.4939985376465,5.084801847883745,29,6,4,4,1,39,14,-8.716707851219054,3.0986954428747167,48.08233620204821,-9.752241259691218,20.0,97.97771166874459,1.0,18.236986320331155,0.32197940256078394,29.54823675356548,1.3171629047686266,-43.30190078435264,51.848901268359356
"N-[5-bromo-2-hydroxy-1-(morpholin-4-ylmethyl)indol-3-yl]imino-2-(2-oxo-3-phenyl-1,8-naphthyridin-1-yl)acetamide_1",C1COCCN1CN2C3=C(C=C(C=C3)Br)C(=C2O)N=NC(=O)CN4C5=C(C=CC=N5)C=C(C4=O)C6=CC=CC=C6,616.4644388219156,4.940844939132602,29,6,4,4,1,39,14,-9.594304561562222,2.9584222572974017,45.967171512668756,-10.816588885509692,22.93887411720732,99.0,1.0,22.613281959603523,0.3701596565157547,38.73741294160568,0.3,-40.365803699365316,54.43107755651703
"N-[5-bromo-2-hydroxy-1-(morpholin-4-ylmethyl)indol-3-yl]imino-2-(2-oxo-3-phenyl-1,8-naphthyridin-1-yl)acetamide_2",C1COCCN1CN2C3=C(C=C(C=C3)Br)C(=C2O)N=NC(=O)CN4C5=C(C=CC=N5)C=C(C4=O)C6=CC=CC=C6,589.5698834537809,4.793988284259165,29,6,4,4,1,39,14,-9.459037908074203,2.0540148901501594,58.50321855509837,-10.594112475640166,22.85778816342243,99.0,1.0,17.94905990930806,0.31232047584163897,41.43671257205135,0.9850773696976931,-37.974956755729494,59.34338274523398
"N-[5-bromo-2-hydroxy-1-(morpholin-4-ylmethyl)indol-3-yl]imino-2-(2-oxo-3-phenyl-1,8-naphthyridin-1-yl)acetamide_3",C1COCCN1CN2C3=C(C=C(C=C3)Br)C(=C2O)N=NC(=O)CN4C5=C(C=CC=N5)C=C(C4=O)C6=CC=CC=C6,596.7609832790516,4.561584999062146,29,6,4,4,1,39,14,-8.284666316434864,2.856492103975988,38.07070510224564,-9.402804052153696,20.0,99.0,1.0,18.366307730674098,0.45731117766371293,32.59791590258047,0.8583405755875209,-37.93465098512521,44.167792375464714
"N-[5-bromo-2-hydroxy-1-(morpholin-4-ylmethyl)indol-3-yl]imino-2-(2-oxo-3-phenyl-1,8-naphthyridin-1-yl)acetamide_4",C1COCCN1CN2C3=C(C=C(C=C3)Br)C(=C2O)N=NC(=O)CN4C5=C(C=CC=N5)C=C(C4=O)C6=CC=CC=C6,605.9583061027204,4.108200374806721,29,6,4,4,1,39,14,-8.687751636037357,2.444532471553383,24.502870435669934,-9.619469280665475,34.41509505428598,99.0,1.0,19.157005910255098,0.4070053684522861,37.166935521800625,0.3,-44.55876993903221,54.18351662625075
"N-[5-bromo-2-hydroxy-1-(morpholin-4-ylmethyl)indol-3-yl]imino-2-(2-oxo-3-phenyl-1,8-naphthyridin-1-yl)acetamide_5",C1COCCN1CN2C3=C(C=C(C=C3)Br)C(=C2O)N=NC(=O)CN4C5=C(C=CC=N5)C=C(C4=O)C6=CC=CC=C6,603.7703205215737,4.407041925489925,29,6,4,4,1,39,14,-9.358984228966712,2.8714231475182053,41.41611034707701,-10.404887205669992,20.0,98.06187068709102,1.0,18.06625743370001,0.3363828060288077,36.94088445617338,1.322905178868794,-33.87934365707767,50.671965658950434
"N-[5-bromo-2-hydroxy-1-(morpholin-4-ylmethyl)indol-3-yl]imino-2-(2-oxo-3-phenyl-1,8-naphthyridin-1-yl)acetamide_6",C1COCCN1CN2C3=C(C=C(C=C3)Br)C(=C2O)N=NC(=O)CN4C5=C(C=CC=N5)C=C(C4=O)C6=CC=CC=C6,595.3577208799061,4.661133056358922,29,6,4,4,1,39,14,-8.426183920867087,3.378506886327909,46.02445050495658,-9.307535121058576,31.656735197651557,99.0,1.0,18.948371814802627,0.3501390072983222,36.83523322821852,1.169621137357693,-38.21431736060892,54.33726280361249
"N-[5-bromo-2-hydroxy-1-(morpholin-4-ylmethyl)indol-3-yl]imino-2-(2-oxo-3-phenyl-1,8-naphthyridin-1-yl)acetamide_7",C1COCCN1CN2C3=C(C=C(C=C3)Br)C(=C2O)N=NC(=O)CN4C5=C(C=CC=N5)C=C(C4=O)C6=CC=CC=C6,600.1041405807377,4.168049055004964,29,6,4,4,1,39,14,-9.209243374491523,3.5025560761830272,34.52184574874367,-9.935444654549158,24.854111633376498,99.0,1.0,20.976546858907263,0.39034915553734034,34.78560057439259,0.630282860084588,-42.51038907192657,53.85344815373844
"N-[5-bromo-2-hydroxy-1-(morpholin-4-ylmethyl)indol-3-yl]imino-2-(2-oxo-3-phenyl-1,8-naphthyridin-1-yl)acetamide_8",C1COCCN1CN2C3=C(C=C(C=C3)Br)C(=C2O)N=NC(=O)CN4C5=C(C=CC=N5)C=C(C4=O)C6=CC=CC=C6,601.0368631391316,4.760607331810977,29,6,4,4,1,39,14,-8.594294102433773,2.0454429755600976,53.0965810051362,-9.404934440305308,26.060044839040778,99.0,1.0,21.193093007623222,0.4035327974504437,31.833052043434318,0.5528667796911562,-46.84687524459306,56.69127300602362
"N-[5-bromo-2-hydroxy-1-(morpholin-4-ylmethyl)indol-3-yl]imino-2-(2-oxo-3-phenyl-1,8-naphthyridin-1-yl)acetamide_9",C1COCCN1CN2C3=C(C=C(C=C3)Br)C(=C2O)N=NC(=O)CN4C5=C(C=CC=N5)C=C(C4=O)C6=CC=CC=C6,611.7584915847455,4.422586446149634,29,6,4,4,1,39,14,-8.827380771599977,2.0752172291912934,60.990564969005966,-9.63573266887598,25.033479569136766,99.0,1.0,16.419803463666646,0.3917334980257098,38.402460013246596,1.5921253516199214,-47.22808761985502,48.53661332271309
bromomethylbenzene;2-octyl-1H-imidazole_0,CCCCCCCCC1=NC=CN1.C1=CC=C(C=C1)CBr,353.1484999790712,-0.3007725562099799,18,2,0,4,1,20,5,-8.266060800763366,1.606817529208983,46.46874768091928,-9.400219806961628,43.00348075604204,63.093109704089144,3.2996945649832616,2.635800272179587,0.3229184158326581,29.788209777187767,1.5200143535522992,-40.211563150691504,65.88684459160807
bromomethylbenzene;2-octyl-1H-imidazole_1,CCCCCCCCC1=NC=CN1.C1=CC=C(C=C1)CBr,338.39747137093667,-0.20665276234139562,18,2,0,4,1,20,5,-8.515308017458933,1.2979782432163185,48.22850969383784,-9.422965475157207,45.23659883745844,60.21694499304914,5.762836367955731,6.045396833997186,0.35510055028207554,22.333223642074422,0.6679774495555632,-41.14420229809653,61.19904627007458
bromomethylbenzene;2-octyl-1H-imidazole_2,CCCCCCCCC1=NC=CN1.C1=CC=C(C=C1)CBr,345.2823245004412,0.43696895043386086,18,2,0,4,1,20,5,-8.925018662618974,1.813797323871692,48.96567082212218,-10.115770102668822,38.821710531570325,57.53052023590496,8.8731321641686,5.183767813667473,0.3080460862749795,26.45660452505749,0.44470956201341266,-42.087317197230774,63.49610539472433
bromomethylbenzene;2-octyl-1H-imidazole_3,CCCCCCCCC1=NC=CN1.C1=CC=C(C=C1)CBr,365.34977533454344,-0.1660005800499852,18,2,0,4,1,20,5,-8.743795446334573,1.7643390109203452,47.45514188222321,-9.647095660773907,28.769079380472185,55.97226333783403,5.945530433408295,3.2441635532195368,0.4286435539283787,26.45435325825664,0.561091062578877,-36.276569352901156,49.763298060140485
bromomethylbenzene;2-octyl-1H-imidazole_4,CCCCCCCCC1=NC=CN1.C1=CC=C(C=C1)CBr,362.62844621516206,0.3269203657235237,18,2,0,4,1,20,5,-8.113385867456223,0.9228227468490335,52.99091319233551,-9.317750002379121,39.006726014435245,40.946565884251406,8.0944352953491,6.1454779160461745,0.35305043616692855,25.962468391506693,0.8985546461665641,-34.18635661646456,60.868957677477674
bromomethylbenzene;2-octyl-1H-imidazole_5,CCCCCCCCC1=NC=CN1.C1=CC=C(C=C1)CBr,343.0232217836575,-0.46788853772217864,18,2,0,4,1,20,5,-9.195953884973864,1.3543563546311277,51.703840574715215,-10.189935759691911,34.279317259100935,68.28368817182717,7.6949386565734486,4.895382756244126,0.3601273807415446,31.992566993376354,0.3909139459304548,-43.7435838807885,60.576614917161166
bromomethylbenzene;2-octyl-1H-imidazole_6,CCCCCCCCC1=NC=CN1.C1=CC=C(C=C1)CBr,366.29085330246386,0.16046946236878368,18,2,0,4,1,20,5,-9.01513434713038,0.8880734032825082,21.99553586546398,-9.895656697552319,44.1150646011792,55.75867012265425,3.277416280332972,4.965413179514266,0.3884692204054636,30.793182371230213,0.7032128127570452,-38.33833072017646,67.7314560948576
bromomethylbenzene;2-octyl-1H-imidazole_7,CCCCCCCCC1=NC=CN1.C1=CC=C(C=C1)CBr,342.94349059976923,0.4279541823917814,18,2,0,4,1,20,5,-9.15853293750131,1.210924273773946,45.718149508201776,-9.870544453676258,34.79314721814873,74.61669630609026,6.97806604515891,5.924070535444002,0.4155158070497645,30.405418298654464,0.3,-41.647809530460805,57.258034148650545
bromomethylbenzene;2-octyl-1H-imidazole_8,CCCCCCCCC1=NC=CN1.C1=CC=C(C=C1)CBr,353.5000988950558,0.30185240839060357,18,2,0,4,1,20,5,-8.031602948129548,1.1889806930297027,54.92472681509443,-8.79098179793846,44.76014609212243,70.26633777174985,3.4049841523548956,3.5971399537060536,0.3676668276580398,26.922520213001803,1.2496996884296308,-43.27238655441085,54.64319448476448
bromomethylbenzene;2-octyl-1H-imidazole_9,CCCCCCCCC1=NC=CN1.C1=CC=C(C=C1)CBr,356.63955807350834,-0.09513437578240058,18,2,0,4,1,20,5,-8.216734566311022,1.0981480802447847,22.229262875672703,-9.471278263358267,30.348983803665732,47.18219153458199,7.190800699374174,4.1763999087985795,0.37186693782409513,35.20892230168298,0.7848869848010028,-42.67416048511598,60.85695953405661
CID 156588005_0,CC(=O)OCC1C(C(C(O1)N2CNC3C2N=C(NC3=O)NC4=CC=CC=C4)OC(=O)C)OC(=O)C,481.202823701548,-0.11106435899143724,22,5,8,4,1,35,8,-8.897115676449197,1.6021456093679758,33.089974907185535,-10.108916248151184,21.43417193957286,59.85853705365652,4.28889698790335,5.445724738482821,0.4172121449338039,33.45645673695948,0.7028073689355583,-49.772022184181836,56.07992192832458
CID 156588005_1,CC(=O)OCC1C(C(C(O1)N2CNC3C2N=C(NC3=O)NC4=CC=CC=C4)OC(=O)C)OC(=O)C,477.8568271078035,-0.7087519731009977,22,5,8,4,1,35,8,-8.200516551976811,0.4895244976893689,37.092412020773736,-8.92560605839147,20.0,52.30500092499839,1.0,9.678716339268405,0.30705379621697715,29.33708806494702,0.6644511029950031,-41.74515187565082,56.07218559396969
CID 156588005_2,CC(=O)OCC1C(C(C(O1)N2CNC3C2N=C(NC3=O)NC4=CC=CC=C4)OC(=O)C)OC(=O)C,488.67422270400976,-0.6029029853409127,22,5,8,4,1,35,8,-8.816823714223718,0.9268381065612324,41.29070947781969,-9.667400521035534,23.974310269040387,54.529100879930894,1.0151237276724934,6.65912615433724,0.3930130932187199,31.38894970275178,0.5077783512412296,-42.74867234137391,50.753129515791095
CID 156588005_3,CC(=O)OCC1C(C(C(O1)N2CNC3C2N=C(NC3=O)NC4=CC=CC=C4)OC(=O)C)OC(=O)C,504.2493118663193,-0.6991685211377245,22,5,8,4,1,35,8,-8.951240563466907,0.6250596464363153,49.551723227634795,-9.894896807331548,24.98179599838893,44.45913875990817,4.096418867013407,7.781055410754944,0.34413330902543543,34.02514030595213,0.7816605165010927,-40.967309671864236,58.88765138179711
CID 156588005_4,CC(=O)OCC1C(C(C(O1)N2CNC3C2N=C(NC3=O)NC4=CC=CC=C4)OC(=O)C)OC(=O)C,479.80950895260077,-0.12581258919134491,22,5,8,4,1,35,8,-8.558149625143063,0.43611650248974226,21.54319381777763,-9.840378910212399,20.0,64.3388004223568,5.626201570711268,7.4486862016943025,0.22730222039887762,30.189517155280466,0.8818203540895758,-44.14646538403811,61.03905793187466
CID 156588005_5,CC(=O)OCC1C(C(C(O1)N2CNC3C2N=C(NC3=O)NC4=CC=CC=C4)OC(=O)C)OC(=O)C,502.0561388908997,0.19244832029940934,22,5,8,4,1,35,8,-9.169335291737019,1.3250134043950301,30.468080301487703,-10.309081425431678,20.527950362013392,60.07556251022022,1.0,6.53354425779536,0.4217930144894674,33.93614134362214,1.4355921379200258,-44.57342042894704,51.92634564509246
CID 156588005_6,CC(=O)OCC1C(C(C(O1)N2CNC3C2N=C(NC3=O)NC4=CC=CC=C4)OC(=O)C)OC(=O)C,503.65052016499413,-0.5759329530847876,22,5,8,4,1,35,8,-8.244460108977584,1.390087258875802,36.371982125918485,-9.538587375753862,20.0,59.04774203976514,1.0,6.085096784183772,0.3607227285096758,21.94750103509192,1.118474455454596,-51.99361298514786,54.117324975445214
CID 156588005_7,CC(=O)OCC1C(C(C(O1)N2CNC3C2N=C(NC3=O)NC4=CC=CC=C4)OC(=O)C)OC(=O)C,474.03496325637724,0.19056487489169488,22,5,8,4,1,35,8,-8.961815823783432,1.3730346768248332,42.375045248536644,-10.042426156068096,20.0,54.93465276112785,1.3797199633764725,8.63447605977523,0.25539776882138093,31.01186167665507,0.7290010418250198,-38.488088765106134,64.38304895692306
CID 156588005_8,CC(=O)OCC1C(C(C(O1)N2CNC3C2N=C(NC3=O)NC4=CC=CC=C4)OC(=O)C)OC(=O)C,503.65308831331026,-0.061747956423076567,22,5,8,4,1,35,8,-9.109251552002643,0.944790688918495,29.753714178268552,-10.065513434992594,23.191265517463865,65.06860891084685,1.0,10.273904671690834,0.29103522796029035,27.82080557912635,0.5616761717829603,-38.302337550067264,58.94272938056973
CID 156588005_9,CC(=O)OCC1C(C(C(O1)N2CNC3C2N=C(NC3=O)NC4=CC=CC=C4)OC(=O)C)OC(=O)C,492.7019463734549,0.14366002580347376,22,5,8,4,1,35,8,-8.701961266695346,1.7602134472550537,22.783305404698677,-9.97210899184716,20.0,58.82627440829558,1.0,10.868353355871461,0.4238769245995632,35.31754160187699,1.1031367170372963,-40.95917853680638,49.98016413266088
"10-Benzyl-11-(4-fluorophenyl)indolo[3,2-b][1]benzazepin-12-one_0",C1=CC=C(C=C1)CN2C3=CC=CC=C3C4=NC5=CC=CC=C5C(=O)C(=C42)C6=CC=C(C=C6)F,425.96257886771184,6.092942113427728,29,2,1,4,1,32,15,-8.488551586359474,2.6880844015614973,44.749802788581725,-9.344447882217446,52.839402350765106,99.0,1.0,18.865465480192686,0.3792849628758203,27.637806914229426,0.7927886878540346,-39.659036820904376,55.242624914363
"10-Benzyl-11-(4-fluorophenyl)indolo[3,2-b][1]benzazepin-12-one_1",C1=CC=C(C=C1)CN2C3=CC=CC=C3C4=NC5=CC=CC=C5C(=O)C(=C42)C6=CC=C(C=C6)F,420.0450379485042,6.11025268625049,29,2,1,4,1,32,15,-8.48292864466054,3.5670852344430486,23.81911785434145,-9.266502330682346,50.69545769787006,99.0,1.0,19.444790129320427,0.5,34.27241431139318,0.5910697157552526,-38.20084431014192,53.3544900338362
"10-Benzyl-11-(4-fluorophenyl)indolo[3,2-b][1]benzazepin-12-one_2",C1=CC=C(C=C1)CN2C3=CC=CC=C3C4=NC5=CC=CC=C5C(=O)C(=C42)C6=CC=C(C=C6)F,410.61736231210705,6.149232290909136,29,2,1,4,1,32,15,-8.614135671129954,3.8089976818350606,22.571613273686093,-9.640746198536567,46.346710313507046,99.0,1.0,14.804531672897102,0.36751265662500415,26.315515949659858,1.2900020124785698,-27.742779454492634,52.76383770357538
"10-Benzyl-11-(4-fluorophenyl)indolo[3,2-b][1]benzazepin-12-one_3",C1=CC=C(C=C1)CN2C3=CC=CC=C3C4=NC5=CC=CC=C5C(=O)C(=C42)C6=CC=C(C=C6)F,412.52067558239366,6.224475561070707,29,2,1,4,1,32,15,-8.247160450913237,3.7157371555776986,41.05057812119729,-9.203857324540643,41.47635719643402,99.0,1.0,21.336783132361607,0.37991698462008183,30.265292813197565,0.4201730228839772,-35.679665111384715,55.03979807167157
"10-Benzyl-11-(4-fluorophenyl)indolo[3,2-b][1]benzazepin-12-one_4",C1=CC=C(C=C1)CN2C3=CC=CC=C3C4=NC5=CC=CC=C5C(=O)C(=C42)C6=CC=C(C=C6)F,447.4745584674276,6.7384663140188765,29,2,1,4,1,32,15,-8.413698512187898,2.632298900447897,24.491237620819312,-9.127816108478978,46.11941750173311,99.0,1.0,21.560247519300084,0.31396139481688234,21.065277255178835,1.4258836691684114,-45.94522929547948,51.656126521897654
"10-Benzyl-11-(4-fluorophenyl)indolo[3,2-b][1]benzazepin-12-one_5",C1=CC=C(C=C1)CN2C3=CC=CC=C3C4=NC5=CC=CC=C5C(=O)C(=C42)C6=CC=C(C=C6)F,429.23024498296223,5.9689844095595594,29,2,1,4,1,32,15,-8.201035655726717,2.622363183324528,35.61265320604244,-9.146648505134122,55.76019165504037,99.0,1.0,21.85085332539131,0.4486232730631433,24.978989753687685,1.3143718186041302,-44.349313180550375,52.371151222641664
"10-Benzyl-11-(4-fluorophenyl)indolo[3,2-b][1]benzazepin-12-one_6",C1=CC=C(C=C1)CN2C3=CC=CC=C3C4=NC5=CC=CC=C5C(=O)C(=C42)C6=CC=C(C=C6)F,432.3851181692213,6.478854443834062,29,2,1,4,1,32,15,-8.202146869192655,3.1074894054324496,24.63941933923133,-9.12203609502036,45.66888350906579,99.0,1.0,19.935622611904154,0.39185020533977527,32.33232004118936,1.1390442131304148,-45.57621110595381,50.83827254510852
"10-Benzyl-11-(4-fluorophenyl)indolo[3,2-b][1]benzazepin-12-one_7",C1=CC=C(C=C1)CN2C3=CC=CC=C3C4=NC5=CC=CC=C5C(=O)C(=C42)C6=CC=C(C=C6)F,421.97290303840845,6.139258587734461,29,2,1,4,1,32,15,-8.21957764886752,2.690033901686913,49.97682747267159,-9.003879298288233,46.63712703028232,99.0,1.0,20.93962506157392,0.40282467229941427,22.237914844336792,1.1229142732650794,-42.65937284610822,47.091214279334956
"10-Benzyl-11-(4-fluorophenyl)indolo[3,2-b][1]benzazepin-12-one_8",C1=CC=C(C=C1)CN2C3=CC=CC=C3C4=NC5=CC=CC=C5C(=O)C(=C42)C6=CC=C(C=C6)F,444.5899188793205,6.396836711995942,29,2,1,4,1,32,15,-8.91344658296805,2.8536409354274146,50.85706720295302,-10.126128905939188,58.46737935534002,99.0,1.0,19.497333576904367,0.42633638848656025,28.95624211001268,1.313126866959108,-41.38907836618311,50.35307871055676
"10-Benzyl-11-(4-fluorophenyl)indolo[3,2-b][1]benzazepin-12-one_9",C1=CC=C(C=C1)CN2C3=CC=CC=C3C4=NC5=CC=CC=C5C(=O)C(=C42)C6=CC=C(C=C6)F,427.80244963385644,6.5987536228167265,29,2,1,4,1,32,15,-9.009074625687111,3.5886983057618096,52.850126633153934,-9.869930950224532,50.635411252191794,99.0,1.0,20.06424217244572,0.38493118303961193,24.48536949635231,1.247532760565627,-39.00924342533629,51.062176486712914
Luteolin_0,C1=CC(=C(C=C1C2=CC(=O)C3=C(C=C(C=C3O2)O)O)O)O,275.2632098898251,1.4980550275396456,15,0,6,4,1,21,8,-9.060685109310294,1.434862396774438,43.83395132247048,-10.063954995251983,49.15555978056625,55.87153980821876,4.209085156501575,9.956444998120945,0.3203095173898895,19.8578841830862,0.9156439653453116,-48.81117648807876,65.11734199055049
Luteolin_1,C1=CC(=C(C=C1C2=CC(=O)C3=C(C=C(C=C3O2)O)O)O)O,285.0807564007473,1.5623305523040227,15,0,6,4,1,21,8,-8.107538248379841,2.434346388988156,33.90781835574589,-8.914235443924552,51.71688474385912,75.83298134323859,7.930026383854667,6.0631100952680885,0.41077954214707046,19.47801861370841,0.4835817647530401,-27.86015681357719,60.06493165702379
Luteolin_2,C1=CC(=C(C=C1C2=CC(=O)C3=C(C=C(C=C3O2)O)O)O)O,276.65686274138545,1.1043983436620797,15,0,6,4,1,21,8,-9.354993121117154,1.8497135970882543,18.32633838884773,-10.359258779616235,48.93957651059976,71.4356978626316,1.849820475013085,6.1882730152662955,0.38634526722439627,24.797648308343252,1.113412225118648,-44.79452953488283,58.63509585064403
Luteolin_3,C1=CC(=C(C=C1C2=CC(=O)C3=C(C=C(C=C3O2)O)O)O)O,280.1076150811701,1.230370473268815,15,0,6,4,1,21,8,-8.453517846046473,1.0782165293911978,49.99449929629032,-9.237430058965877,55.53776698017736,83.90429234636723,1.0,10.969015164234918,0.40355600448116247,31.446201103765684,1.818329922194358,-31.906806280246617,58.52225257581103
Luteolin_4,C1=CC(=C(C=C1C2=CC(=O)C3=C(C=C(C=C3O2)O)O)O)O,302.09373216538773,1.5506193044021959,15,0,6,4,1,21,8,-8.324577606143864,1.7899364996357894,30.131027582230892,-9.300389645519285,59.18116692782308,67.15119750453121,5.430190836410567,6.881255407159035,0.271740346155538,30.11706683106276,1.2844815381792212,-40.30574925059394,67.55432801163667
Luteolin_5,C1=CC(=C(C=C1C2=CC(=O)C3=C(C=C(C=C3O2)O)O)O)O,268.60893588689987,1.157767692185574,15,0,6,4,1,21,8,-9.079286570562147,1.8860879591983992,36.73516454986367,-9.799279918012008,51.46554289894798,63.63344825698063,3.6148838590282373,9.998102793450032,0.2915753407209607,29.6015149279369,0.7616925536675327,-45.66017580428804,63.98136984538912
Luteolin_6,C1=CC(=C(C=C1C2=CC(=O)C3=C(C=C(C=C3O2)O)O)O)O,299.1492963596588,1.7217456485382345,15,0,6,4,1,21,8,-8.655470728444952,2.38587204325153,31.280918955659928,-9.571624400754944,50.529181884690686,68.98703073498069,2.7948297680901977,8.390237328283606,0.3826417049874426,27.116222670804675,1.3190766028430907,-46.38924505768771,59.98458833125262
Luteolin_7,C1=CC(=C(C=C1C2=CC(=O)C3=C(C=C(C=C3O2)O)O)O)O,299.97243577044964,1.4280521374355122,15,0,6,4,1,21,8,-8.346416321535983,1.3622859595819066,36.58070751610714,-9.065753024378074,50.18528590205917,67.96782527414717,7.024360489324921,9.841436951724264,0.3401851610315815,21.770073163715715,0.5041034908719083,-38.46839468513651,57.187179039461824
Luteolin_8,C1=CC(=C(C=C1C2=CC(=O)C3=C(C=C(C=C3O2)O)O)O)O,276.6600980581626,1.4826778747168272,15,0,6,4,1,21,8,-8.105160014539646,1.3443305650074215,38.239274691253556,-9.055247541197309,49.59701064722293,70.8369054484718,6.036434727044248,8.785320845452356,0.45740033905230604,25.527205283963397,0.9659124619623228,-34.2273285824265,58.24867532445626
Luteolin_9,C1=CC(=C(C=C1C2=CC(=O)C3=C(C=C(C=C3O2)O)O)O)O,306.14977684027406,1.0469658410085412,15,0,6,4,1,21,8,-9.183262671816685,1.4109107620577925,51.61161998387441,-10.111033501957305,58.10449597152053,84.82212849336999,1.5195103848220266,10.653820349609168,0.3501484935419851,28.919684991384642,0.8284706433987306,-31.34802799280176,63.75928198837833
Quercetin_0,C1=CC(=C(C=C1C2=C(C(=O)C3=C(C=C(C=C3O2)O)O)O)O)O,322.00702755576714,1.3423162009713518,15,0,7,4,1,22,8,-9.04509372310011,1.2083083418739005,49.59925463057584,-9.987221694402901,53.961513993024624,90.84511711335443,3.826587593793183,8.578635100439053,0.33647236416401394,25.977816210559567,0.9170630501698809,-40.27432224262105,60.880246968687075
Quercetin_1,C1=CC(=C(C=C1C2=C(C(=O)C3=C(C=C(C=C3O2)O)O)O)O)O,316.37361027777973,1.900588567869788,15,0,7,4,1,22,8,-8.456562224608016,1.201416950292975,43.01803214958005,-9.368556211211612,48.6721439163635,70.42888370847652,1.336051100597726,8.615527779366417,0.4712499384301706,29.631014198409343,1.0423946962293635,-34.51282431316922,60.196646245711214
Quercetin_2,C1=CC(=C(C=C1C2=C(C(=O)C3=C(C=C(C=C3O2)O)O)O)O)O,304.7108472921675,1.7103185241910435,15,0,7,4,1,22,8,-8.523329655763707,1.259874831585829,48.75901616032202,-9.695077791384017,52.52180445319799,77.09509032551527,2.6401379503983318,11.521779101358312,0.36319998125920155,28.41332506497559,1.2324554668886967,-34.017697045579986,60.26514262996678
Quercetin_3,C1=CC(=C(C=C1C2=C(C(=O)C3=C(C=C(C=C3O2)O)O)O)O)O,306.8422171651504,1.9671761782897037,15,0,7,4,1,22,8,-9.06645619850469,1.278891919372723,20.43128155907012,-10.321546888213353,55.81798453191272,70.74635025584328,1.0,9.701871047406184,0.372499199167447,30.260813943132614,0.6216490928282736,-49.2943731059153,65.12798594751501
Quercetin_4,C1=CC(=C(C=C1C2=C(C(=O)C3=C(C=C(C=C3O2)O)O)O)O)O,318.28878645228383,1.2142478489420734,15,0,7,4,1,22,8,-8.126462448876909,1.7609196468238435,18.10893416602113,-9.233732669539092,57.0847937038372,74.07920291224491,3.326808634764415,12.22564475284553,0.3532212828559162,27.866289752687514,0.8436004774793698,-29.850087220367616,61.43168970789708
Quercetin_5,C1=CC(=C(C=C1C2=C(C(=O)C3=C(C=C(C=C3O2)O)O)O)O)O,289.6046753668617,1.3822970923760016,15,0,7,4,1,22,8,-8.942225648174313,2.1076951121224603,45.741170611303744,-9.93982537789391,52.30332113945337,78.02848513074055,2.846256642407952,6.017178292532124,0.34591597657683815,27.28853797134387,1.0320488287807124,-34.473214176187156,58.09550230301107
Quercetin_6,C1=CC(=C(C=C1C2=C(C(=O)C3=C(C=C(C=C3O2)O)O)O)O)O,297.52163154083087,1.2411983456712483,15,0,7,4,1,22,8,-8.505661382507164,1.3569050225820967,51.097081983315306,-9.398353941219687,46.979479466891625,64.57039264490209,1.0,9.206579416553991,0.33005972156812974,32.28726836999025,0.9976595707695203,-40.37987424731253,60.58249074358352
Quercetin_7,C1=CC(=C(C=C1C2=C(C(=O)C3=C(C=C(C=C3O2)O)O)O)O)O,285.7593320822843,1.2630252328845673,15,0,7,4,1,22,8,-8.266215109715626,1.4535700282201054,50.61404679724724,-9.105965377378052,44.247898899028854,67.37554082158618,9.966256804795952,5.284416266967815,0.3695748616152798,24.760822040791158,0.7214789799240418,-42.0531746689278,58.49764929239599
Quercetin_8,C1=CC(=C(C=C1C2=C(C(=O)C3=C(C=C(C=C3O2)O)O)O)O)O,321.63816859493215,1.8353493795084934,15,0,7,4,1,22,8,-8.490620560389143,1.5899752166780579,20.760042651520205,-9.655127747668269,50.73606569861586,70.17562561688393,2.5932929743515465,8.35306015236359,0.32399025126149195,31.730926093795993,0.6355469275355523,-41.31738578888327,61.72625330579485
Quercetin_9,C1=CC(=C(C=C1C2=C(C(=O)C3=C(C=C(C=C3O2)O)O)O)O)O,296.45381576324127,1.0083954920841416,15,0,7,4,1,22,8,-7.962893437450147,1.9252548861527197,26.28100385687695,-9.200267280158398,48.01834229897548,65.28609159205384,5.365976913178482,12.888260485181426,0.32292460280500573,27.210995752081278,0.9153400152337058,-34.00842495913764,62.66481268387812
Genistein_0,C1=CC(=CC=C1C2=COC3=CC(=CC(=C3C2=O)O)O)O,254.2977398816714,2.973752471210675,15,0,5,4,1,20,8,-9.001616394506033,2.8995981264435082,31.63996430974462,-9.710305295131763,57.14774900175777,76.2851171751309,2.149863017144646,8.20882233716464,0.3369738671607932,29.148557355033134,0.8794728465986057,-36.543143483346384,68.67713114690939
Genistein_1,C1=CC(=CC=C1C2=COC3=CC(=CC(=C3C2=O)O)O)O,260.085244468729,2.428713605135646,15,0,5,4,1,20,8,-8.26442800025924,1.8212188207748563,39.3829509328032,-9.023267345231517,58.434852720425916,97.17762457664841,5.356556038771673,9.315574020927265,0.4086837756780052,23.500840700733836,1.2518365127257385,-40.48938138725206,50.84810435093302
Genistein_2,C1=CC(=CC=C1C2=COC3=CC(=CC(=C3C2=O)O)O)O,279.94324893486527,2.375583712849247,15,0,5,4,1,20,8,-8.323844798078749,1.6713962221131342,42.11287028330572,-9.275849743857679,52.66905242223248,92.5129043426652,1.0072888520767143,11.473765062404468,0.2839593651380018,26.81728292652228,0.3,-36.72570383076417,63.03871196926698
Genistein_3,C1=CC(=CC=C1C2=COC3=CC(=CC(=C3C2=O)O)O)O,284.13196933784803,3.026567384448563,15,0,5,4,1,20,8,-8.312300347582545,2.7790370982776236,32.89360510632805,-9.047592101972985,60.275038171477334,86.63501727127009,2.0627620178177297,11.211403982219082,0.39540281372042974,23.12949256267072,0.5142340067446143,-36.8688063625894,62.67425473866682
Genistein_4,C1=CC(=CC=C1C2=COC3=CC(=CC(=C3C2=O)O)O)O,252.71276172045677,2.281526091872055,15,0,5,4,1,20,8,-9.261223010428726,1.5758308822918725,21.213405658140626,-10.511537593047294,59.1091194675168,88.3177492221856,1.8825937515861884,9.870202437746277,0.4219315793104099,22.59898958397213,1.1037801334140884,-36.515214731926356,59.977004944021466
Genistein_5,C1=CC(=CC=C1C2=COC3=CC(=CC(=C3C2=O)O)O)O,255.12424816923178,2.880197900856531,15,0,5,4,1,20,8,-7.9143659441951835,2.248891466817996,40.57998678467619,-9.184088562255246,53.07382240213684,88.55845077998038,1.064742019606405,10.435234651452651,0.35461371997506724,29.376627039320105,0.8271515174470649,-42.829492065589456,52.94108618318894
Genistein_6,C1=CC(=CC=C1C2=COC3=CC(=CC(=C3C2=O)O)O)O,256.5703823924128,2.3233042055880437,15,0,5,4,1,20,8,-8.265197774176723,2.3433013929425694,24.331109136117064,-9.332474413840842,61.49305357774462,87.5955803249972,3.456275472909801,8.606127359192314,0.32937847946113336,25.658398811589073,0.38041768885385474,-39.26646581864641,67.2687173492507
Genistein_7,C1=CC(=CC=C1C2=COC3=CC(=CC(=C3C2=O)O)O)O,277.71687630629924,2.503201471384283,15,0,5,4,1,20,8,-8.30397474265866,2.8284131755198745,45.317768447398656,-9.592301224969932,58.42022225409813,70.49644288774438,1.0,9.51661534864485,0.4736821056584947,31.383859179198442,1.1040818930975405,-39.93127862434163,61.19361697378612
Genistein_8,C1=CC(=CC=C1C2=COC3=CC(=CC(=C3C2=O)O)O)O,258.80003606846896,2.973308642725622,15,0,5,4,1,20,8,-8.553214138542732,2.7434406968050986,53.40110437323818,-9.421923730386373,65.01593156675386,78.8270309642892,1.0,12.733930025999843,0.36240452020969366,27.12826527033753,1.4186052705406853,-42.82412691615241,60.8602201586975
Genistein_9,C1=CC(=CC=C1C2=COC3=CC(=CC(=C3C2=O)O)O)O,256.7639202460648,2.966553370339731,15,0,5,4,1,20,8,-8.380526912310442,1.6626661539407863,40.67040759700053,-9.626254712116232,67.16817252288857,83.03227605758079,3.2781132628260545,9.096374396880435,0.3631249712904039,16.49834376131799,0.9244755495928879,-32.64490442446244,55.897629466315614
Isorhamnetin_0,COC1=C(C=CC(=C1)C2=C(C(=O)C3=C(C=C(C=C3O2)O)O)O)O,321.59459169043197,2.3763590996313058,16,0,7,4,1,23,8,-8.833046379667952,2.5057502766045996,30.918826150700934,-9.543417384427677,53.19102056330221,75.84379119004352,6.584595419153059,10.448070955390204,0.3313954809665441,26.430860209284017,0.7476833681267876,-40.27018598607386,61.69909137366152
Isorhamnetin_1,COC1=C(C=CC(=C1)C2=C(C(=O)C3=C(C=C(C=C3O2)O)O)O)O,316.43339909986656,1.5250736939294356,16,0,7,4,1,23,8,-8.136734278929902,1.3473948371542108,31.08001586803921,-8.93500279627671,47.78344632226843,59.478369220037536,1.507987604610062,6.500388482166846,0.38745026537149546,19.340408286604852,0.5966519673292745,-40.10860940709392,63.44739199999819
Isorhamnetin_2,COC1=C(C=CC(=C1)C2=C(C(=O)C3=C(C=C(C=C3O2)O)O)O)O,297.2301174417302,1.7972706518419892,16,0,7,4,1,23,8,-9.080297066701807,2.0280468524258994,52.42279984549745,-10.259930380556714,55.056473758607055,84.07645561305972,5.192521176554624,7.335004057207721,0.38465127188251896,29.43064380868889,0.5590350597627038,-44.96998765042734,59.62059209964506
Isorhamnetin_3,COC1=C(C=CC(=C1)C2=C(C(=O)C3=C(C=C(C=C3O2)O)O)O)O,326.23085942702926,1.4747823051264244,16,0,7,4,1,23,8,-8.683910620888508,1.3871786796835237,18.08713344650199,-9.870435331029666,55.03061492984017,70.784493160122,3.3296186957924876,7.467315602709098,0.3755619796419767,24.28019691800472,0.4910153912350307,-47.122062672944764,58.85749268417762
Isorhamnetin_4,COC1=C(C=CC(=C1)C2=C(C(=O)C3=C(C=C(C=C3O2)O)O)O)O,325.02960749342975,1.7003598217233007,16,0,7,4,1,23,8,-9.250676103499515,2.3576815894425156,46.96486558767754,-10.365052686021636,48.95637236995924,78.92639808047785,2.10713369951855,10.504492463406082,0.3559502633594209,27.610539506298267,0.8352495338609272,-38.68350156074462,59.196038815296134
Isorhamnetin_5,COC1=C(C=CC(=C1)C2=C(C(=O)C3=C(C=C(C=C3O2)O)O)O)O,305.3358535982489,1.8649246471158478,16,0,7,4,1,23,8,-9.090713963368989,1.2441715511536342,37.26513537154169,-10.317325872918742,42.31804332054711,67.14269884741843,1.0,8.948282634352239,0.3889215295587739,28.243390322570043,1.0191777712129018,-50.05327642869783,59.454812036746915
Isorhamnetin_6,COC1=C(C=CC(=C1)C2=C(C(=O)C3=C(C=C(C=C3O2)O)O)O)O,318.76387544981293,1.8625850710392755,16,0,7,4,1,23,8,-7.973213511090274,1.9303594652503826,54.43638103068221,-9.180389381972718,53.72512836058944,75.97517660991842,1.0,11.604774900913954,0.2556049916279104,25.778939486281562,0.37236404484790564,-42.2038204003917,66.21946199027201
Isorhamnetin_7,COC1=C(C=CC(=C1)C2=C(C(=O)C3=C(C=C(C=C3O2)O)O)O)O,321.5318248321909,2.287555300946355,16,0,7,4,1,23,8,-8.103768080027248,2.328672780392333,23.322542510031568,-9.335030853989618,44.79651259779599,64.45088758863868,7.55116270926392,9.408845670841478,0.34042521059471786,28.30314556235282,1.2957898186619874,-43.89541203065063,57.036371175191235
Isorhamnetin_8,COC1=C(C=CC(=C1)C2=C(C(=O)C3=C(C=C(C=C3O2)O)O)O)O,329.2581885686652,1.687949369632637,16,0,7,4,1,23,8,-8.929409077023871,2.3526891153086695,37.186313542174844,-9.798626412979255,52.27655574165481,77.89897097612638,2.1721334448203264,11.44942431760185,0.37851872785981794,29.188720036580577,1.1368795022360545,-39.32536290029385,61.5850660449055
Isorhamnetin_9,COC1=C(C=CC(=C1)C2=C(C(=O)C3=C(C=C(C=C3O2)O)O)O)O,331.0303388330718,1.4464271224060599,16,0,7,4,1,23,8,-8.567869491859588,1.9876099110821623,37.091907555382484,-9.844355856037307,46.115851062017335,68.29100430335457,1.0,10.70308974758761,0.4457354651252383,17.908705774711436,0.8204636807125117,-37.705076258486415,57.34700612640502
Kaempferol_0,C1=CC(=CC=C1C2=C(C(=O)C3=C(C=C(C=C3O2)O)O)O)O,285.76422367475294,1.498746718695171,15,0,6,4,1,21,8,-9.0012352343499,1.9433458615727002,48.72480116062263,-9.996938879794408,51.68816164827015,75.1886635727108,1.0,11.179728881097988,0.3606445235346078,26.609569964365306,0.7559276488969829,-38.32279842910452,63.21612272261002
Kaempferol_1,C1=CC(=CC=C1C2=C(C(=O)C3=C(C=C(C=C3O2)O)O)O)O,277.56862508163033,1.6873573707628546,15,0,6,4,1,21,8,-8.936311974033616,1.9776233445604934,50.247496032417565,-9.870801696620576,49.94674285014397,61.821992521886656,9.839267548301947,10.589372422258386,0.36418644110872767,24.51950152445401,0.5210244619406197,-45.10168187473532,69.35332410682705
Kaempferol_2,C1=CC(=CC=C1C2=C(C(=O)C3=C(C=C(C=C3O2)O)O)O)O,278.7029468669436,1.8435198804758284,15,0,6,4,1,21,8,-8.270484069386573,1.6491881342079677,50.59179102334268,-9.267349339192776,51.867538368639835,63.738205761913434,4.675983939043961,9.266451324640373,0.4168028941707479,23.36025251707663,0.8084287626426689,-39.07958810026263,58.78979046213629
Kaempferol_3,C1=CC(=CC=C1C2=C(C(=O)C3=C(C=C(C=C3O2)O)O)O)O,299.439975743793,1.5773667708863996,15,0,6,4,1,21,8,-9.147970553401192,1.5054954618755365,28.070899069396532,-9.940768842365992,52.95719161321205,85.1206879854541,3.7142877848989353,6.702307256368105,0.28404746384395385,30.051317404764617,0.7307003547516183,-47.91220482896767,58.34997492940458
Kaempferol_4,C1=CC(=CC=C1C2=C(C(=O)C3=C(C=C(C=C3O2)O)O)O)O,284.9238385592953,2.327107460745587,15,0,6,4,1,21,8,-8.250466401692629,1.605425693927056,47.2519613000023,-9.326875472071778,47.95509191162405,69.59119175661986,7.432673218852772,10.366352578847508,0.37562305735561446,22.58450117262072,0.896628124265497,-40.94101094903702,55.226552552359905
Kaempferol_5,C1=CC(=CC=C1C2=C(C(=O)C3=C(C=C(C=C3O2)O)O)O)O,291.9319249347749,1.711256922886696,15,0,6,4,1,21,8,-8.986000959881814,2.538601727760078,42.1236401823471,-10.281736311629098,49.5197126234913,78.25215062246687,3.0362436300423243,8.414685097890851,0.3259026501971105,19.52240918065726,0.5140900008190343,-43.021092445028366,56.945732481025395
Kaempferol_6,C1=CC(=CC=C1C2=C(C(=O)C3=C(C=C(C=C3O2)O)O)O)O,275.21979488746524,2.0588428999655015,15,0,6,4,1,21,8,-8.039549884971384,2.1961321236730784,34.085462231250744,-9.005660501317346,59.79805638230911,73.83307133776468,6.155541068738435,9.595907434541614,0.27305441355440374,25.560127584521027,0.9986892621433102,-48.368126032507604,69.68623269881611
Kaempferol_7,C1=CC(=CC=C1C2=C(C(=O)C3=C(C=C(C=C3O2)O)O)O)O,274.1471633694273,2.164626277684393,15,0,6,4,1,21,8,-9.087882012571129,2.1482213175338183,34.99792439270363,-9.792873621901029,56.476037970863864,67.57609500081267,3.1517792466500225,8.353940971481439,0.39526644853630083,21.778782013816105,1.0150011158225107,-45.7964558639328,60.62094502639689
Kaempferol_8,C1=CC(=CC=C1C2=C(C(=O)C3=C(C=C(C=C3O2)O)O)O)O,274.9908389037735,2.2238164771672455,15,0,6,4,1,21,8,-9.074825411965696,2.359565674119798,49.371009461903704,-10.122563875197443,55.308921709885574,83.5430122126828,9.180794774631536,8.895397956597378,0.39891441586803644,22.62801401299421,0.5364144065492558,-42.52659993479492,56.2134321382642
Kaempferol_9,C1=CC(=CC=C1C2=C(C(=O)C3=C(C=C(C=C3O2)O)O)O)O,303.43465935859876,2.0642497838951814,15,0,6,4,1,21,8,-8.233811223628313,2.519468528228738,42.41881515885131,-8.995534548626797,50.23196110176345,89.53403249615292,5.373411856728137,11.606436140558628,0.38676089982304396,26.423859718598003,1.237729351452579,-34.84125756518693,55.148081356731055
Curcumin_0,COC1=C(C=CC(=C1)C=CC(=O)CC(=O)C=CC2=CC(=C(C=C2)O)OC)O,383.89711817992367,2.917348879570813,21,0,6,4,1,27,10,-8.051631417259744,1.723283488797578,51.68570127097665,-9.300802947437262,45.19313240270058,83.6576042708904,1.5402177971187978,16.733827327719993,0.32022254374615833,24.84973655595547,1.2401752749882564,-36.288925703326996,57.96094900583416
Curcumin_1,COC1=C(C=CC(=C1)C=CC(=O)CC(=O)C=CC2=CC(=C(C=C2)O)OC)O,348.81596755152754,3.0262086132737442,21,0,6,4,1,27,10,-8.20093641973792,2.489711121803719,50.2590356609373,-9.151710272649575,53.03300647426529,86.69493408925311,1.0,13.418417832021712,0.3524334391449031,30.233319236491717,0.6859334896366078,-32.89051808547201,61.39831876533571
Curcumin_2,COC1=C(C=CC(=C1)C=CC(=O)CC(=O)C=CC2=CC(=C(C=C2)O)OC)O,371.48438597855124,2.862810387979862,21,0,6,4,1,27,10,-8.36151834009551,3.064837275289752,44.207289295409396,-9.418115468367663,49.39050730630798,83.58441986211957,1.0,13.99434303889605,0.2780686814549647,25.423073016738872,0.9656532841616877,-50.99390674859533,60.89275218831799
Curcumin_3,COC1=C(C=CC(=C1)C=CC(=O)CC(=O)C=CC2=CC(=C(C=C2)O)OC)O,367.3289494442463,3.4913626785148386,21,0,6,4,1,27,10,-8.264029966336306,2.319962037387013,46.51634818406596,-9.11342266268324,49.339896863526306,87.05010330518111,1.0,14.45752787519069,0.3566335095110763,19.802081483633668,1.0328794689031628,-43.872416469037766,54.152163809133675
Curcumin_4,COC1=C(C=CC(=C1)C=CC(=O)CC(=O)C=CC2=CC(=C(C=C2)O)OC)O,366.0033425156952,3.245502626386825,21,0,6,4,1,27,10,-9.492838037291012,2.3190591666036298,24.056596633707535,-10.383067797409293,48.24850742232813,89.65722022340661,1.0,13.583443881833238,0.4960387281055395,22.822275203365308,1.1193855841948364,-38.804473119998754,54.56203049151669
Curcumin_5,COC1=C(C=CC(=C1)C=CC(=O)CC(=O)C=CC2=CC(=C(C=C2)O)OC)O,359.4340050059688,3.145674978657418,21,0,6,4,1,27,10,-9.199031155343226,2.078140070262803,47.32360909275092,-10.23365159056549,45.298423025634634,77.27356204257279,1.0,11.94172365974605,0.3875366305434931,26.637633684194196,0.6929286664641123,-36.44414246588028,64.38729913577194
Curcumin_6,COC1=C(C=CC(=C1)C=CC(=O)CC(=O)C=CC2=CC(=C(C=C2)O)OC)O,372.8653981603628,2.8677539558655365,21,0,6,4,1,27,10,-8.357835233570603,1.642534694416773,38.046818697075146,-9.44964055301938,51.829778111093994,89.87198228462836,1.0,11.395914770611833,0.39941565636235854,34.238455801309925,0.3,-40.56884687822099,56.51017274331789
Curcumin_7,COC1=C(C=CC(=C1)C=CC(=O)CC(=O)C=CC2=CC(=C(C=C2)O)OC)O,381.55815737226516,3.0782192168994467,21,0,6,4,1,27,10,-9.197043124581938,2.429546526806332,28.134255104457104,-10.196351346895169,41.09767002973075,87.46264366099223,1.0,10.59140822715599,0.3956946195869914,28.302437908091967,1.0164175224015024,-45.32563673468639,58.56238341243947
Curcumin_8,COC1=C(C=CC(=C1)C=CC(=O)CC(=O)C=CC2=CC(=C(C=C2)O)OC)O,365.16287832477354,2.803640808499056,21,0,6,4,1,27,10,-8.419127658691806,2.934149675412356,21.05673902715418,-9.153394381057964,49.610465220880485,89.22511439220065,2.0523195459387704,13.495875245157578,0.3665860330469412,26.57175085751109,1.131998882838913,-36.8869439394997,55.33228647168909
Curcumin_9,COC1=C(C=CC(=C1)C=CC(=O)CC(=O)C=CC2=CC(=C(C=C2)O)OC)O,352.1626019614932,2.712049922386868,21,0,6,4,1,27,10,-8.704568261537199,2.777306104710675,29.375229504759478,-9.74502354840087,42.77179242688596,99.0,1.0,14.597019940011714,0.4147510692631354,26.866793370678433,0.8901487770474007,-34.12526333638883,53.31154887274276
Ellagic Acid_0,C1=C2C3=C(C(=C1O)O)OC(=O)C4=CC(=C(C(=C43)OC2=O)O)O,314.61966815716755,1.0953353469394422,14,0,8,4,1,22,8,-9.161842747399488,1.9351082480164006,32.53205667657771,-9.897604887854985,50.3568307859304,73.26492350380754,7.490408579804178,10.313840198038925,0.3942215158321586,28.02042245436822,0.7080378525946915,-45.053118544957464,63.90198711843608
Ellagic Acid_1,C1=C2C3=C(C(=C1O)O)OC(=O)C4=CC(=C(C(=C43)OC2=O)O)O,299.1929865905208,0.7233536131790714,14,0,8,4,1,22,8,-8.811248388877882,2.1070498961192667,28.54754402710973,-10.081141122728065,47.65532465991812,73.98508112844492,5.052902167661503,6.860810213979472,0.4274554044870653,26.360400556517124,0.6862608342585821,-38.35029261084837,61.049797219549504
Ellagic Acid_2,C1=C2C3=C(C(=C1O)O)OC(=O)C4=CC(=C(C(=C43)OC2=O)O)O,317.1313680426126,1.0443015359750696,14,0,8,4,1,22,8,-9.306161366206032,1.280604155296741,25.015281459718373,-10.11657536684024,43.06249412046987,75.2981900367952,1.8025641882683612,8.519743410087754,0.3600676217301325,26.2837756208163,1.330062123201756,-27.533237396714988,53.9095767333059
Ellagic Acid_3,C1=C2C3=C(C(=C1O)O)OC(=O)C4=CC(=C(C(=C43)OC2=O)O)O,291.258693831994,1.0306420821738247,14,0,8,4,1,22,8,-8.99023036810486,1.8205329581167213,20.73004332478813,-9.916646756483294,55.44578077666461,74.46499590967697,5.5163927284321925,7.509688569731735,0.3428554726314185,29.659342276420517,1.3314993291969701,-47.43768426591761,64.3075620921701
Ellagic Acid_4,C1=C2C3=C(C(=C1O)O)OC(=O)C4=CC(=C(C(=C43)OC2=O)O)O,287.75875174069506,0.7763147741869154,14,0,8,4,1,22,8,-8.083786710600435,0.978586480195077,19.57817813944389,-9.039999207816681,42.63748386099901,60.78987622220373,2.079078246258439,6.684001293873218,0.30037246281898217,24.053439565495143,0.6818359260447865,-35.95707745667345,63.095869603105896
Ellagic Acid_5,C1=C2C3=C(C(=C1O)O)OC(=O)C4=CC(=C(C(=C43)OC2=O)O)O,313.5879687551943,0.671980931650727,14,0,8,4,1,22,8,-8.318228888088225,1.2338839568155031,28.47773083708641,-9.272850349124369,51.82699288389221,66.39800049349647,4.191812815316396,9.175639202749785,0.2954160674955491,25.68392282194376,0.9869838580033209,-48.29657164547287,59.75894656385043
Ellagic Acid_6,C1=C2C3=C(C(=C1O)O)OC(=O)C4=CC(=C(C(=C43)OC2=O)O)O,316.16274927520186,1.5531328593075124,14,0,8,4,1,22,8,-9.379655771690183,1.493543495648735,28.591829033004522,-10.095214901850362,51.4387465555635,71.52743402359846,1.924282462078036,4.799874300543947,0.3708919569545061,20.71658704714354,0.57142051360115,-38.35723131262887,63.23974160663351
Ellagic Acid_7,C1=C2C3=C(C(=C1O)O)OC(=O)C4=CC(=C(C(=C43)OC2=O)O)O,292.05907212674185,0.9933595464831486,14,0,8,4,1,22,8,-9.090756515774778,1.1661416839257752,55.15024739214921,-9.839094990157472,47.685525473722926,68.73956748519987,1.5187300730319269,4.081727533798105,0.46075675829867413,20.744083098729767,1.003771125201298,-34.309561401408246,56.698151036602546
Ellagic Acid_8,C1=C2C3=C(C(=C1O)O)OC(=O)C4=CC(=C(C(=C43)OC2=O)O)O,314.04108043833804,1.2639442396805571,14,0,8,4,1,22,8,-9.366152111420599,2.008887773247131,38.95272738047342,-10.532953678736568,57.781131614749924,63.88012722636377,3.4952386135519076,9.372337181622374,0.3323693039714293,26.731931630513685,0.844232829454624,-45.01194873857267,67.1526104135153
Ellagic Acid_9,C1=C2C3=C(C(=C1O)O)OC(=O)C4=CC(=C(C(=C43)OC2=O)O)O,300.8582353968639,1.1694444366906898,14,0,8,4,1,22,8,-9.034707409873235,1.3277075386105164,26.574833027329454,-9.974182474616079,59.342010573249894,71.3621258669688,3.622577589615968,4.885767647348768,0.3731554532830476,27.79017036425044,0.8937470500997071,-42.184522563721714,62.89620908537435
Procyanidin B1_0,C1C(C(OC2=C1C(=CC(=C2C3C(C(OC4=CC(=CC(=C34)O)O)C5=CC(=C(C=C5)O)O)O)O)O)C6=CC(=C(C=C6)O)O)O,576.9514230502583,2.4425875024397516,30,0,12,4,1,42,12,-9.100950348846375,2.66977684398717,52.31672401566549,-9.810664195329348,20.0,85.18280759497137,1.0,12.840269186386292,0.36431995037488635,27.324103194174906,0.9968672441040988,-51.72260659994316,47.73939884341196
Procyanidin B1_1,C1C(C(OC2=C1C(=CC(=C2C3C(C(OC4=CC(=CC(=C34)O)O)C5=CC(=C(C=C5)O)O)O)O)O)C6=CC(=C(C=C6)O)O)O,578.5807549219393,1.978594769115995,30,0,12,4,1,42,12,-8.552895393388194,2.3616450456952647,56.88788399621305,-9.686103243667485,20.0,90.00854971871135,1.0,11.315601986733412,0.3977737153516986,35.7380802006088,0.7868643776941339,-42.50185965451089,49.43370144650464
Procyanidin B1_2,C1C(C(OC2=C1C(=CC(=C2C3C(C(OC4=CC(=CC(=C34)O)O)C5=CC(=C(C=C5)O)O)O)O)O)C6=CC(=C(C=C6)O)O)O,564.3599573247124,2.161589596008067,30,0,12,4,1,42,12,-9.44040794046536,2.63811005760217,28.09067961342086,-10.305053795063655,27.79690562379126,82.83095315729099,1.0,11.393938181564264,0.35697390885180247,35.65752237597749,1.0567327867845315,-40.451928075927526,58.73661743973492
Procyanidin B1_3,C1C(C(OC2=C1C(=CC(=C2C3C(C(OC4=CC(=CC(=C34)O)O)C5=CC(=C(C=C5)O)O)O)O)O)C6=CC(=C(C=C6)O)O)O,570.5092939751179,2.8475769333231167,30,0,12,4,1,42,12,-9.833671338252213,1.5344259377644403,50.39508026104105,-10.698625791945672,21.272065978998516,76.95389839320981,1.0,15.332017382791685,0.3109762224159569,35.69039864772813,0.49345249524284723,-60.0,60.849827691546515
Procyanidin B1_4,C1C(C(OC2=C1C(=CC(=C2C3C(C(OC4=CC(=CC(=C34)O)O)C5=CC(=C(C=C5)O)O)O)O)O)C6=CC(=C(C=C6)O)O)O,595.0782292907223,2.1763392932963534,30,0,12,4,1,42,12,-9.102140486614182,2.141877943766443,59.54024338747142,-10.009814095755901,20.0,93.0058324967483,1.0,14.66159340778498,0.33546065552331966,27.27125012277505,0.6944771489461037,-45.49539266515727,51.74234811989734
Procyanidin B1_5,C1C(C(OC2=C1C(=CC(=C2C3C(C(OC4=CC(=CC(=C34)O)O)C5=CC(=C(C=C5)O)O)O)O)O)C6=CC(=C(C=C6)O)O)O,561.1761451604983,1.9662835720894525,30,0,12,4,1,42,12,-9.203399020301033,1.475730250114409,32.34972618649915,-10.26102599420877,21.346135835336852,84.248767015773,1.0,11.114097184308035,0.3726362791863766,36.71887968162832,1.5298392545282837,-49.77826099343757,50.75227474066808
Procyanidin B1_6,C1C(C(OC2=C1C(=CC(=C2C3C(C(OC4=CC(=CC(=C34)O)O)C5=CC(=C(C=C5)O)O)O)O)O)C6=CC(=C(C=C6)O)O)O,594.6165134141568,2.666385750082557,30,0,12,4,1,42,12,-8.36066367892864,1.6307114882246254,48.75644909588223,-9.470934446043227,20.0,82.60522854579719,1.0,15.799193685357052,0.42457958070556795,36.91167168290889,0.4003692316474527,-40.906899511818025,46.73778260361189
Procyanidin B1_7,C1C(C(OC2=C1C(=CC(=C2C3C(C(OC4=CC(=CC(=C34)O)O)C5=CC(=C(C=C5)O)O)O)O)O)C6=CC(=C(C=C6)O)O)O,585.7246522951177,2.776652606102746,30,0,12,4,1,42,12,-9.07950885900835,2.74818571476722,43.440217869207515,-10.18238757283418,20.177701510321203,86.35086512902198,1.0,10.892455157726783,0.4436677759628846,38.453773581734154,1.057811779241819,-50.199534992206914,43.19733994230954
Procyanidin B1_8,C1C(C(OC2=C1C(=CC(=C2C3C(C(OC4=CC(=CC(=C34)O)O)C5=CC(=C(C=C5)O)O)O)O)O)C6=CC(=C(C=C6)O)O)O,582.909730970094,2.6768996558795832,30,0,12,4,1,42,12,-9.526515567213412,1.3335870539805228,26.544893751383512,-10.314848659042099,20.0,94.568450453583,1.0,14.3834409764617,0.3684195875602223,33.73244229897015,1.0276561834897533,-52.89344400156859,54.256412844710525
Procyanidin B1_9,C1C(C(OC2=C1C(=CC(=C2C3C(C(OC4=CC(=CC(=C34)O)O)C5=CC(=C(C=C5)O)O)O)O)O)C6=CC(=C(C=C6)O)O)O,586.7476939319262,2.697777962804918,30,0,12,4,1,42,12,-9.167366253537683,1.389349863063598,49.803850161765965,-10.237473518236522,20.0,98.55300787576967,1.0,17.144563135309156,0.3742564641102917,36.58262169727061,1.2090490438960426,-47.19818299173031,51.24856144658861
Apigenin_0,C1=CC(=CC=C1C2=CC(=O)C3=C(C=C(C=C3O2)O)O)O,253.7855027946094,1.279846967572364,15,0,5,4,1,20,8,-8.464052064391817,1.7524292079970945,54.171490655623415,-9.744677454115852,55.44235968701476,55.629486566198565,1.9673479916833552,7.029426085599232,0.33823455111966033,28.002895433797026,1.1881012589994873,-36.31250465853123,65.91670357015947
Apigenin_1,C1=CC(=CC=C1C2=CC(=O)C3=C(C=C(C=C3O2)O)O)O,285.230071326149,1.9044619043679154,15,0,5,4,1,20,8,-8.360155053606082,1.1205884884606934,35.421989460770575,-9.42328581384395,59.60060228184323,58.033130230639955,6.467818427014622,4.591783705360607,0.3576447398991317,26.912221961221206,0.5466648628248023,-33.63204041185823,67.04995129340125
Apigenin_2,C1=CC(=CC=C1C2=CC(=O)C3=C(C=C(C=C3O2)O)O)O,264.70769271594855,1.9847466461227505,15,0,5,4,1,20,8,-8.931247130046268,1.1516801646713755,19.79596965832686,-9.743709503811743,52.95984461676461,62.46454308221835,3.929824952131575,7.994104185611466,0.3298301172908221,28.129357984382956,0.5017756581410029,-41.58253431464128,69.923121594788
Apigenin_3,C1=CC(=CC=C1C2=CC(=O)C3=C(C=C(C=C3O2)O)O)O,258.0646308600009,2.1717589759212164,15,0,5,4,1,20,8,-8.25985997788319,2.104522459816901,44.603383256818155,-8.978665551209925,60.86564676299776,70.19780835346768,4.395132567659421,7.62631957560398,0.3485759672624404,22.747639147153446,0.5922888577753319,-33.7573723815038,62.55116330910468
Apigenin_4,C1=CC(=CC=C1C2=CC(=O)C3=C(C=C(C=C3O2)O)O)O,286.3707437797794,1.3099099397417455,15,0,5,4,1,20,8,-9.115229814844257,2.388873751506828,52.58255958960974,-9.963285096559584,54.79291389984489,83.7519749481189,7.222634284906077,8.81476406554204,0.3443139448683635,24.245859486226536,0.9695249641693109,-33.96121879669547,57.20684326522742
Apigenin_5,C1=CC(=CC=C1C2=CC(=O)C3=C(C=C(C=C3O2)O)O)O,275.49496319876437,2.113088178051939,15,0,5,4,1,20,8,-9.164603909087596,1.1994980446245322,16.408694219879923,-10.323568251062442,59.61887379320889,81.41858909422908,1.0,8.41569824653745,0.3134407680125147,26.443261303850996,0.7342645248389545,-42.309110970751014,64.25604751373498
Apigenin_6,C1=CC(=CC=C1C2=CC(=O)C3=C(C=C(C=C3O2)O)O)O,281.9494797707694,1.8336387354152388,15,0,5,4,1,20,8,-9.201990134040843,2.4094546659424116,17.918931747319284,-9.997436177162767,57.47463382019828,73.68977460065162,6.657872641356411,8.254056290287354,0.451705406043713,19.78196385226878,0.32212495884706327,-50.851363379206234,54.496824975078745
Apigenin_7,C1=CC(=CC=C1C2=CC(=O)C3=C(C=C(C=C3O2)O)O)O,256.46272243061475,2.192561958665454,15,0,5,4,1,20,8,-8.93463364230842,1.413218866999312,54.1878115392557,-9.83852798364464,59.68584907410126,77.40978316279686,2.6715547468126695,13.952498270808976,0.4332606818804343,22.594319041161416,0.5260469005675747,-41.178055378257135,61.09561791623349
Apigenin_8,C1=CC(=CC=C1C2=CC(=O)C3=C(C=C(C=C3O2)O)O)O,272.108637837789,1.3893557885383998,15,0,5,4,1,20,8,-8.353458304570701,2.0870471763857843,24.667207257570652,-9.323385586378867,58.50178796705559,71.54476623633559,10.75043928685729,5.6859949115606465,0.4351970857411719,17.905817516477985,0.4841640024495138,-46.79930601064363,59.2645648608625
Apigenin_9,C1=CC(=CC=C1C2=CC(=O)C3=C(C=C(C=C3O2)O)O)O,267.6367152050078,1.62149646683863,15,0,5,4,1,20,8,-8.712595644000913,2.5263194906132957,43.98114383415159,-9.724006108250903,50.451505946231336,73.57149012993575,7.357474421766748,9.063844251379917,0.3117728522539324,26.920693584750925,0.6676310243590167,-40.30531326619983,64.31893582367998
Verbascoside_0,CC1C(C(C(C(O1)OC2C(C(OC(C2OC(=O)C=CC3=CC(=C(C=C3)O)O)CO)OCCC4=CC(=C(C=C4)O)O)O)O)O)O,627.6055376420323,-0.07142780460425224,29,0,15,4,1,44,8,-8.807949963692323,1.52460328065128,47.201133309879836,-10.069519029578387,20.0,60.83270705314232,1.0,9.204705900360898,0.331573747154554,35.620093578837995,1.191129227866017,-49.07054093534028,59.93553680395413
Verbascoside_1,CC1C(C(C(C(O1)OC2C(C(OC(C2OC(=O)C=CC3=CC(=C(C=C3)O)O)CO)OCCC4=CC(=C(C=C4)O)O)O)O)O)O,624.9661015321083,-0.7253856651843669,29,0,15,4,1,44,8,-9.853914860518834,1.0141751726107473,45.09826290311233,-10.652962474568072,20.0,61.32024664726718,1.0,11.949272947990053,0.39868352221315023,35.15654812581431,0.7705081552976559,-45.52611809570978,57.06070357230865
Verbascoside_2,CC1C(C(C(C(O1)OC2C(C(OC(C2OC(=O)C=CC3=CC(=C(C=C3)O)O)CO)OCCC4=CC(=C(C=C4)O)O)O)O)O)O,620.4744468881015,-0.0929918787393792,29,0,15,4,1,44,8,-9.809139545532481,1.480926929900582,61.91944295494588,-10.890457606485159,20.0,70.2224704894774,1.0,8.894675327883567,0.3926431882924644,33.78831661025923,0.9644648072407206,-50.663566937471266,59.765205934297235
Verbascoside_3,CC1C(C(C(C(O1)OC2C(C(OC(C2OC(=O)C=CC3=CC(=C(C=C3)O)O)CO)OCCC4=CC(=C(C=C4)O)O)O)O)O)O,623.533562158115,-0.981724485261643,29,0,15,4,1,44,8,-9.198194351437934,1.3547409036702858,26.28433085345144,-10.119185930902198,20.0,56.71542543881157,1.0,7.232145407151401,0.35205080937821226,34.18251421330225,0.8568664807050689,-56.60631235595976,58.579706481561004
Verbascoside_4,CC1C(C(C(C(O1)OC2C(C(OC(C2OC(=O)C=CC3=CC(=C(C=C3)O)O)CO)OCCC4=CC(=C(C=C4)O)O)O)O)O)O,616.0852223301367,-0.01726989514206767,29,0,15,4,1,44,8,-8.457418274606061,0.35729707659840687,47.25727480188456,-9.421362524000935,20.0,47.61662262346931,1.0,9.999426617662184,0.3908311914881178,38.795017227526586,0.8479237879825182,-46.64717432025177,62.786376601418105
Verbascoside_5,CC1C(C(C(C(O1)OC2C(C(OC(C2OC(=O)C=CC3=CC(=C(C=C3)O)O)CO)OCCC4=CC(=C(C=C4)O)O)O)O)O)O,635.1642096228643,-0.6004914067128335,29,0,15,4,1,44,8,-9.40680961075763,0.8925538490798742,26.373001563084483,-10.597988954595145,20.0,45.52323606884445,1.0,10.346273516075149,0.4122017152178982,36.50176605349305,0.43892269426450364,-48.921587719242126,59.90664665571895
Verbascoside_6,CC1C(C(C(C(O1)OC2C(C(OC(C2OC(=O)C=CC3=CC(=C(C=C3)O)O)CO)OCCC4=CC(=C(C=C4)O)O)O)O)O)O,644.0917885998505,-0.04981760626833098,29,0,15,4,1,44,8,-9.633394359702137,1.7975662685212557,46.78050410797463,-10.846391913897083,20.0,60.543532202552306,1.0,9.93492944485786,0.38813415019126807,36.31305376104287,1.0023632620099383,-51.46127292586985,54.309065564296596
Verbascoside_7,CC1C(C(C(C(O1)OC2C(C(OC(C2OC(=O)C=CC3=CC(=C(C=C3)O)O)CO)OCCC4=CC(=C(C=C4)O)O)O)O)O)O,620.9929911113882,-0.6802593934735138,29,0,15,4,1,44,8,-9.2416614748096,1.5981459009326788,32.95177954879487,-10.292039276843067,20.0,58.17845679938711,1.0,5.829524994724149,0.365630090265882,31.79063628096223,0.9415097931089512,-48.763123912047774,55.772869874380234
Verbascoside_8,CC1C(C(C(C(O1)OC2C(C(OC(C2OC(=O)C=CC3=CC(=C(C=C3)O)O)CO)OCCC4=CC(=C(C=C4)O)O)O)O)O)O,610.2412030113904,-0.06045954896938166,29,0,15,4,1,44,8,-8.766919956367376,0.8414978508476288,29.02702295808412,-9.82484847488765,20.0,59.41528970934925,1.0,9.65831725883717,0.29859877310428146,30.397004692129123,0.8276888128942005,-42.632474366026315,61.36715234177477
Verbascoside_9,CC1C(C(C(C(O1)OC2C(C(OC(C2OC(=O)C=CC3=CC(=C(C=C3)O)O)CO)OCCC4=CC(=C(C=C4)O)O)O)O)O)O,609.0684912840968,-0.8474228081551913,29,0,15,4,1,44,8,-8.898803937783645,0.40047086700880796,34.50974827376751,-9.997423702254249,20.0,59.3205766906202,1.0,11.27225840003458,0.2935473800732971,36.791127109013075,0.553338031465709,-50.697458084995,63.18753161949903
Tamoxifen_0,CCC(=C(C1=CC=CC=C1)C2=CC=C(C=C2)OCCN(C)C)C3=CC=CC=C3,373.5854715138409,7.552521664011906,26,1,1,4,1,28,10,-8.430227383767416,3.11901484365603,44.38997707824326,-9.477727461531776,56.77506844459995,99.0,1.0,21.286584123448524,0.3359298193183699,26.811016776119114,0.9966742335098098,-45.035945225084625,61.50517646979302
Tamoxifen_1,CCC(=C(C1=CC=CC=C1)C2=CC=C(C=C2)OCCN(C)C)C3=CC=CC=C3,360.65236014567944,7.224796001292143,26,1,1,4,1,28,10,-8.820765741152865,3.5407847106113364,27.33182262868574,-10.061456023592898,65.78990259520816,99.0,1.0,17.946587906346092,0.37258789396623637,31.23291564192508,0.7181632585470912,-36.20280433846926,59.767991578884356
Tamoxifen_2,CCC(=C(C1=CC=CC=C1)C2=CC=C(C=C2)OCCN(C)C)C3=CC=CC=C3,364.20484842146914,7.03842661209849,26,1,1,4,1,28,10,-9.117263854209257,3.9783477054693113,25.716886743378467,-9.90802851191154,52.85249688285944,99.0,1.0,21.10367374313823,0.28901482019104413,23.11537515660595,1.220082227545221,-41.0294916561976,56.0084568863182
Tamoxifen_3,CCC(=C(C1=CC=CC=C1)C2=CC=C(C=C2)OCCN(C)C)C3=CC=CC=C3,385.68102577066384,7.178096930928025,26,1,1,4,1,28,10,-8.97556589353258,3.606142678427029,50.946680247538005,-9.735482392366686,51.03334251912703,99.0,1.0,23.4676031506625,0.4041210595816714,27.01932285508916,0.8073171042729119,-48.68181248625322,55.58003117387077
Tamoxifen_4,CCC(=C(C1=CC=CC=C1)C2=CC=C(C=C2)OCCN(C)C)C3=CC=CC=C3,387.72314003890483,6.653653308739828,26,1,1,4,1,28,10,-8.612392844525377,2.9711004740045674,41.071111838365006,-9.842473152170102,63.78139725154482,99.0,1.0,21.13747641891283,0.33280104025415724,31.658485776897045,0.8209865409416697,-49.04713806930693,61.55615347171336
Tamoxifen_5,CCC(=C(C1=CC=CC=C1)C2=CC=C(C=C2)OCCN(C)C)C3=CC=CC=C3,379.2681555625061,7.482967455648176,26,1,1,4,1,28,10,-8.185285557526921,3.914508204369537,25.05370645792702,-9.295313147608946,62.1548628459944,99.0,1.0,22.78392197235463,0.3216097971300858,28.10342356373452,0.9070268931215538,-35.01280499068313,63.245547101426105
Tamoxifen_6,CCC(=C(C1=CC=CC=C1)C2=CC=C(C=C2)OCCN(C)C)C3=CC=CC=C3,358.89545987768116,6.704403459013932,26,1,1,4,1,28,10,-8.504355099313326,3.316804830457373,47.07855238819747,-9.667132017023249,60.22914964125318,99.0,1.0,19.391846199401503,0.368270383044526,27.562310999551354,0.7764459381470692,-43.69163466987686,62.46811296945878
Tamoxifen_7,CCC(=C(C1=CC=CC=C1)C2=CC=C(C=C2)OCCN(C)C)C3=CC=CC=C3,391.05550286352354,7.2024273919541875,26,1,1,4,1,28,10,-8.171716224783554,3.627118010206737,52.81803878378823,-9.446300679197218,60.1223586335775,99.0,1.0,21.753561057689364,0.39077813466942474,25.96422551699144,0.9867098131157763,-38.75851710391178,55.850343464549965
Tamoxifen_8,CCC(=C(C1=CC=CC=C1)C2=CC=C(C=C2)OCCN(C)C)C3=CC=CC=C3,384.95073593167353,7.148458142036893,26,1,1,4,1,28,10,-9.123900807081702,4.29359236109463,35.427114449648414,-10.341780692351426,61.18724300598436,99.0,1.0,22.08392317899891,0.32314618991400984,26.947777282068134,0.7504039636117585,-43.51734566146273,62.77193028770579
Tamoxifen_9,CCC(=C(C1=CC=CC=C1)C2=CC=C(C=C2)OCCN(C)C)C3=CC=CC=C3,353.4562853721979,6.686456315095223,26,1,1,4,1,28,10,-8.212553425512143,3.7900210398645866,57.326011052784374,-9.491710755924577,62.92010834619924,99.0,1.0,17.615413470988628,0.29937264592866436,27.657074542786635,1.1746489642807427,-33.315036542274186,59.507382645829196
Lacidipine_0,CCOC(=O)C1=C(NC(=C(C1C2=CC=CC=C2C=CC(=O)OC(C)(C)C)C(=O)OCC)C)C,440.9187786464169,4.579674827831978,26,1,6,4,1,33,9,-8.192533285314434,3.031974356011326,40.13464548316725,-8.966920009793466,33.90542508878384,99.0,1.0,18.530211760955485,0.3653829036489423,24.902633288059832,0.4404588924617106,-41.12503292832999,44.840317917208715
Lacidipine_1,CCOC(=O)C1=C(NC(=C(C1C2=CC=CC=C2C=CC(=O)OC(C)(C)C)C(=O)OCC)C)C,442.60272939238604,4.535037289656545,26,1,6,4,1,33,9,-9.225499486721455,3.0133087432449432,34.8604768513309,-10.442941796018786,38.971673550860494,99.0,1.0,13.904792843801962,0.359500613238449,26.602572425102355,1.1711843945916929,-42.122337475262874,53.66468798559281
Lacidipine_2,CCOC(=O)C1=C(NC(=C(C1C2=CC=CC=C2C=CC(=O)OC(C)(C)C)C(=O)OCC)C)C,442.8331408713953,4.334411830624032,26,1,6,4,1,33,9,-9.230256412768952,2.594585527948534,20.706093701723542,-10.39360112453724,41.83007326289834,99.0,1.0,19.32231368605905,0.26672479003670563,29.261415378209687,1.3319216732264691,-40.390158473272585,63.01795689382083
Lacidipine_3,CCOC(=O)C1=C(NC(=C(C1C2=CC=CC=C2C=CC(=O)OC(C)(C)C)C(=O)OCC)C)C,475.4469021740512,4.26696194010122,26,1,6,4,1,33,9,-9.18956453604968,2.3700257980813357,36.70378978734536,-9.911324408072705,41.52867703171754,99.0,1.0,18.618185402798968,0.4143010044120752,25.750789312346342,0.9226155694384531,-53.35259189516913,54.00265753487496
Lacidipine_4,CCOC(=O)C1=C(NC(=C(C1C2=CC=CC=C2C=CC(=O)OC(C)(C)C)C(=O)OCC)C)C,469.99158298380513,4.357413519323274,26,1,6,4,1,33,9,-8.506028765192173,2.9358247326860667,39.5479525287852,-9.793217017239465,42.73207458186695,99.0,1.0,16.585735596161484,0.2840544883196177,29.083719967557133,0.7422864776313125,-42.9454434279658,56.653415210571886
Lacidipine_5,CCOC(=O)C1=C(NC(=C(C1C2=CC=CC=C2C=CC(=O)OC(C)(C)C)C(=O)OCC)C)C,464.9219394812213,4.13135008471857,26,1,6,4,1,33,9,-9.011106063009898,2.8022853044969187,35.161781945151986,-9.927404921921667,34.024095809219,99.0,1.0,16.522630331532604,0.37014333316147796,39.64465140047595,0.524829233111786,-47.86207993311108,61.99458610819851
Lacidipine_6,CCOC(=O)C1=C(NC(=C(C1C2=CC=CC=C2C=CC(=O)OC(C)(C)C)C(=O)OCC)C)C,460.0894953550329,4.993692175406831,26,1,6,4,1,33,9,-9.140168322406168,3.2395083913785543,54.68775891350005,-10.092428424833836,37.09715721747515,99.0,1.0,12.5548714815715,0.43749585783390127,31.227855215076836,0.8889011097140367,-52.96323767782996,48.7676999260006
Lacidipine_7,CCOC(=O)C1=C(NC(=C(C1C2=CC=CC=C2C=CC(=O)OC(C)(C)C)C(=O)OCC)C)C,447.2181268436397,4.460906311768867,26,1,6,4,1,33,9,-8.707930890419917,2.8285685123967004,32.22418726486002,-9.481761720338419,39.569581678495695,99.0,1.0,17.232384475692825,0.3310452371698368,32.51392606816108,0.3,-45.33381799451794,58.888209107253125
Lacidipine_8,CCOC(=O)C1=C(NC(=C(C1C2=CC=CC=C2C=CC(=O)OC(C)(C)C)C(=O)OCC)C)C,456.7032853648231,4.804775009777321,26,1,6,4,1,33,9,-8.559881114708897,2.0734570764282814,22.577062929242135,-9.378832393456657,45.352636893802355,94.12289750298358,1.0,16.99981919413525,0.367658024354935,34.690329417740976,0.8560271762664491,-40.35224743535089,57.10997683113865
Lacidipine_9,CCOC(=O)C1=C(NC(=C(C1C2=CC=CC=C2C=CC(=O)OC(C)(C)C)C(=O)OCC)C)C,438.956134418875,4.239029883139418,26,1,6,4,1,33,9,-9.243942751109092,2.9294049806259284,35.78920094358224,-10.068479730669328,44.627280420831376,99.0,1.0,18.928209995467828,0.39509839584481415,31.116958018430466,0.9679944865484518,-43.94958122424171,57.114454975343335
Saquinavir_0,CC(C)(C)NC(=O)C1CC2CCCCC2CN1CC(C(CC3=CC=CC=C3)NC(=O)C(CC(=O)N)NC(=O)C4=NC5=CC=CC=C5C=C4)O,659.7660826471434,3.72880713778462,38,6,5,4,1,49,12,-9.315134036487635,2.964340157462221,35.544595732019076,-10.559137168615141,20.0,99.0,1.0,15.96810171879591,0.2802178866564272,30.970454852656456,0.47998351623537516,-42.58434924790984,56.34229492164138
Saquinavir_1,CC(C)(C)NC(=O)C1CC2CCCCC2CN1CC(C(CC3=CC=CC=C3)NC(=O)C(CC(=O)N)NC(=O)C4=NC5=CC=CC=C5C=C4)O,650.9835211771888,4.553383214766985,38,6,5,4,1,49,12,-9.186264427301072,2.2089318387974397,41.52567259358936,-10.3196144353349,20.0,99.0,1.0,18.36540367929094,0.4015728469369845,34.07954157320401,0.6004834557711901,-40.47440956154008,48.03335223806653
Saquinavir_2,CC(C)(C)NC(=O)C1CC2CCCCC2CN1CC(C(CC3=CC=CC=C3)NC(=O)C(CC(=O)N)NC(=O)C4=NC5=CC=CC=C5C=C4)O,676.7026466417893,4.369411875167149,38,6,5,4,1,49,12,-8.594140959574746,3.2509827233778257,61.393380848195946,-9.300079283107467,20.0,99.0,1.0,20.08620990726282,0.351336940434554,38.821355595981714,1.0460882059464183,-47.841624491428135,56.288231711823315
Saquinavir_3,CC(C)(C)NC(=O)C1CC2CCCCC2CN1CC(C(CC3=CC=CC=C3)NC(=O)C(CC(=O)N)NC(=O)C4=NC5=CC=CC=C5C=C4)O,685.6595046684886,4.089647507968176,38,6,5,4,1,49,12,-9.800033042615997,2.0815456184398853,44.30246784875081,-10.664746429154503,20.0,99.0,1.0,18.11559706404727,0.32598953803138986,35.406567302095034,0.5154911330220769,-48.81938804484726,55.05652214499561
Saquinavir_4,CC(C)(C)NC(=O)C1CC2CCCCC2CN1CC(C(CC3=CC=CC=C3)NC(=O)C(CC(=O)N)NC(=O)C4=NC5=CC=CC=C5C=C4)O,651.0851001131448,4.1142384241955945,38,6,5,4,1,49,12,-9.246997647973458,3.3302443623414124,44.83631021394481,-9.949953718467404,20.0,99.0,1.0,18.532675742042322,0.3876550481781803,32.8190391720221,0.6564820222576156,-52.90959310826371,50.064931328294975
Saquinavir_5,CC(C)(C)NC(=O)C1CC2CCCCC2CN1CC(C(CC3=CC=CC=C3)NC(=O)C(CC(=O)N)NC(=O)C4=NC5=CC=CC=C5C=C4)O,653.7364837429757,4.529695064932855,38,6,5,4,1,49,12,-8.82210398094944,2.9249948703374367,31.193947868940008,-9.616751863887554,20.185905233530463,99.0,1.0,20.72883738764049,0.2984735091833097,35.95786157367479,0.5750014272350674,-43.659196188448135,53.99569329557476
Saquinavir_6,CC(C)(C)NC(=O)C1CC2CCCCC2CN1CC(C(CC3=CC=CC=C3)NC(=O)C(CC(=O)N)NC(=O)C4=NC5=CC=CC=C5C=C4)O,667.6059965139431,4.0047317540737435,38,6,5,4,1,49,12,-8.731520714794865,2.032866489894933,31.508914324920315,-9.969928925587778,20.0,99.0,1.0,17.748196049490446,0.287930197999562,31.691510447546865,1.0789678858644505,-48.705180175810945,50.57706736119589
Saquinavir_7,CC(C)(C)NC(=O)C1CC2CCCCC2CN1CC(C(CC3=CC=CC=C3)NC(=O)C(CC(=O)N)NC(=O)C4=NC5=CC=CC=C5C=C4)O,665.7125380471111,4.651488592549131,38,6,5,4,1,49,12,-8.620338292753097,2.0714962732441524,35.34124496330577,-9.427252861020746,20.0,99.0,1.0,20.062733392057698,0.3490791265762332,31.238177303512302,0.7882971649925121,-37.56135107961035,56.03748100592328
Saquinavir_8,CC(C)(C)NC(=O)C1CC2CCCCC2CN1CC(C(CC3=CC=CC=C3)NC(=O)C(CC(=O)N)NC(=O)C4=NC5=CC=CC=C5C=C4)O,684.7352921595462,4.669620341191429,38,6,5,4,1,49,12,-9.745811843617599,3.144729341257363,62.38207741717911,-10.77154624069981,20.0,99.0,1.0,17.86488151555967,0.4066426091203465,36.03986538773283,0.9027954752953717,-52.64832501299246,49.14159347756906
Saquinavir_9,CC(C)(C)NC(=O)C1CC2CCCCC2CN1CC(C(CC3=CC=CC=C3)NC(=O)C(CC(=O)N)NC(=O)C4=NC5=CC=CC=C5C=C4)O,675.2108011323284,3.7263348193069916,38,6,5,4,1,49,12,-8.916906073752518,2.3553043147631034,39.037839321597325,-9.728427855076033,20.0,99.0,1.0,20.414970070808483,0.34809120539157473,37.87625958792376,0.7834182008341634,-51.38102269140807,54.36500159385379
Ritonavir_0,CC(C)C1=NC(=CS1)CN(C)C(=O)NC(C(C)C)C(=O)NC(CC2=CC=CC=C2)CC(C(CC3=CC=CC=C3)NC(=O)OCC4=CN=CS4)O,722.6484105344413,6.457799591549986,37,6,5,4,1,48,13,-9.522567233656298,3.6003512839764076,55.99154034379989,-10.719052201182837,20.0,99.0,1.0,23.769208724726862,0.351794428934455,45.93342795175282,0.5534817260310909,-45.23251037978289,53.89257608786596
Ritonavir_1,CC(C)C1=NC(=CS1)CN(C)C(=O)NC(C(C)C)C(=O)NC(CC2=CC=CC=C2)CC(C(CC3=CC=CC=C3)NC(=O)OCC4=CN=CS4)O,705.0448585169989,6.38416510384679,37,6,5,4,1,48,13,-9.40233334843648,2.574990426257375,63.96848550946507,-10.60821355064716,20.0,99.0,1.0,21.266569429399407,0.33887099185096653,38.7360850854202,0.7530671954596005,-50.10953858239892,58.25020890958077
Ritonavir_2,CC(C)C1=NC(=CS1)CN(C)C(=O)NC(C(C)C)C(=O)NC(CC2=CC=CC=C2)CC(C(CC3=CC=CC=C3)NC(=O)OCC4=CN=CS4)O,725.9298538477896,6.470243451904197,37,6,5,4,1,48,13,-9.190524729262634,3.1581436343003704,40.712280977504804,-10.27151622494711,24.910622460362355,99.0,1.0,22.850190700427138,0.40460235790826216,30.53088482706186,1.1519632870677485,-52.861319509850034,48.437487370423476
Ritonavir_3,CC(C)C1=NC(=CS1)CN(C)C(=O)NC(C(C)C)C(=O)NC(CC2=CC=CC=C2)CC(C(CC3=CC=CC=C3)NC(=O)OCC4=CN=CS4)O,707.6229258921752,5.77362196738219,37,6,5,4,1,48,13,-9.24433592064895,2.7810946695101038,37.2456418277055,-10.050261074776408,20.0,99.0,1.0,23.024345783436747,0.4434330533354973,34.87154320634442,1.1539788489806746,-39.104081871486756,48.78653031329938
Ritonavir_4,CC(C)C1=NC(=CS1)CN(C)C(=O)NC(C(C)C)C(=O)NC(CC2=CC=CC=C2)CC(C(CC3=CC=CC=C3)NC(=O)OCC4=CN=CS4)O,704.0093854099265,6.1623585818888476,37,6,5,4,1,48,13,-9.438054905090478,3.4830401797443304,44.15010585811916,-10.260703691021206,20.0,99.0,1.0,24.0,0.44836018058057686,33.51473496601758,0.5162679658752751,-49.55230994921129,53.38019708289063
Ritonavir_5,CC(C)C1=NC(=CS1)CN(C)C(=O)NC(C(C)C)C(=O)NC(CC2=CC=CC=C2)CC(C(CC3=CC=CC=C3)NC(=O)OCC4=CN=CS4)O,720.2437076300748,5.981967159620092,37,6,5,4,1,48,13,-9.811216681417946,3.954055436527699,33.08328804102062,-10.66187790745322,20.0,99.0,1.0,21.136968952637915,0.3698511644380111,29.845249599189444,0.6417107942976208,-49.55786137404848,48.30435306848353
Ritonavir_6,CC(C)C1=NC(=CS1)CN(C)C(=O)NC(C(C)C)C(=O)NC(CC2=CC=CC=C2)CC(C(CC3=CC=CC=C3)NC(=O)OCC4=CN=CS4)O,715.7689199162418,5.980879835828699,37,6,5,4,1,48,13,-8.592212596654674,3.703477271540705,43.67557261423181,-9.399669099433549,20.0,99.0,1.0,23.548173799733465,0.3679544342128298,35.71314517413094,0.9586331353339981,-42.50254427951798,49.600925820779395
Ritonavir_7,CC(C)C1=NC(=CS1)CN(C)C(=O)NC(C(C)C)C(=O)NC(CC2=CC=CC=C2)CC(C(CC3=CC=CC=C3)NC(=O)OCC4=CN=CS4)O,723.708412242929,6.434761250489449,37,6,5,4,1,48,13,-8.71335431100968,3.366267464195794,41.84882591636893,-9.444976132973965,20.0,99.0,1.0,21.15820246731813,0.3851290888342145,38.66762706739352,0.8088980346566781,-51.49434824785641,52.70781310311572
Ritonavir_8,CC(C)C1=NC(=CS1)CN(C)C(=O)NC(C(C)C)C(=O)NC(CC2=CC=CC=C2)CC(C(CC3=CC=CC=C3)NC(=O)OCC4=CN=CS4)O,707.4081080812678,6.188811321528756,37,6,5,4,1,48,13,-8.977756659242857,2.7787305632786277,62.09901107636393,-10.000997443067597,20.0,99.0,1.0,22.844806841193943,0.3016004024654243,36.72701174364952,0.7579670977440803,-53.098985994419714,54.48419648285518
Ritonavir_9,CC(C)C1=NC(=CS1)CN(C)C(=O)NC(C(C)C)C(=O)NC(CC2=CC=CC=C2)CC(C(CC3=CC=CC=C3)NC(=O)OCC4=CN=CS4)O,715.2584365853714,6.498446226572851,37,6,5,4,1,48,13,-8.578217173821843,3.320208361312951,55.34205980807751,-9.30818127279246,20.0,99.0,1.0,23.48068546568431,0.3458155575377486,36.519500383812186,0.4350072077760507,-39.29904714238387,54.96827446443193
Dasatinib_0,CC1=C(C(=CC=C1)Cl)NC(=O)C2=CN=C(S2)NC3=CC(=NC(=N3)C)N4CCN(CC4)CCO,487.7532636128107,3.9627313125917447,23,7,2,4,1,32,9,-8.559433254481968,2.5850111049552793,31.042467132847733,-9.792190624145924,25.144692539829936,99.0,1.0,19.423869912007227,0.31437247529077983,31.41215113019424,1.268873818021028,-43.505825412662645,49.89146097787958
Dasatinib_1,CC1=C(C(=CC=C1)Cl)NC(=O)C2=CN=C(S2)NC3=CC(=NC(=N3)C)N4CCN(CC4)CCO,502.3737071740812,3.2014573805077133,23,7,2,4,1,32,9,-9.123399653839028,1.850303802255971,54.36683943220085,-9.924160068549774,25.469911632277544,94.0232155013866,1.0,15.032680533475157,0.4476327704828319,33.199324848457934,0.949181060136568,-45.05997238174689,53.12668190827266
Dasatinib_2,CC1=C(C(=CC=C1)Cl)NC(=O)C2=CN=C(S2)NC3=CC(=NC(=N3)C)N4CCN(CC4)CCO,495.2861931659537,3.690221808807009,23,7,2,4,1,32,9,-8.292729126230173,2.52240042030122,45.833784738250756,-9.50093286064313,30.26310557416752,95.26215154422,1.0,15.907940355788668,0.33055992315022925,36.5828071893217,1.049726114786902,-36.081951568900244,46.94704347353699
Dasatinib_3,CC1=C(C(=CC=C1)Cl)NC(=O)C2=CN=C(S2)NC3=CC(=NC(=N3)C)N4CCN(CC4)CCO,490.5279438642672,3.806052601955381,23,7,2,4,1,32,9,-9.084025886541319,2.2145176494256353,36.90913682282218,-10.04916794160693,36.45426439131373,99.0,1.0,14.645984674696189,0.3421619436633522,33.614272796008436,0.6613041796497445,-45.42235018825576,59.784978007092604
Dasatinib_4,CC1=C(C(=CC=C1)Cl)NC(=O)C2=CN=C(S2)NC3=CC(=NC(=N3)C)N4CCN(CC4)CCO,493.0752369503417,3.5158351224329314,23,7,2,4,1,32,9,-9.56940504887759,3.0693983559461477,22.047692135255197,-10.72050554295202,35.46742247707255,91.62882012271385,1.0,17.5191564830019,0.3589941741103224,35.54567024152406,0.722664184157482,-49.524063502315414,60.433630884010014
Dasatinib_5,CC1=C(C(=CC=C1)Cl)NC(=O)C2=CN=C(S2)NC3=CC(=NC(=N3)C)N4CCN(CC4)CCO,501.62861834833774,3.611104776339579,23,7,2,4,1,32,9,-9.344202015951875,2.1429927802103017,30.391850454408733,-10.250273409805231,34.417320303657995,87.74089884306812,1.0,13.568706910843368,0.45298948526060107,30.142154595663097,1.0997146120466268,-42.80862111880648,53.51100477951878
Dasatinib_6,CC1=C(C(=CC=C1)Cl)NC(=O)C2=CN=C(S2)NC3=CC(=NC(=N3)C)N4CCN(CC4)CCO,500.7483885222924,3.1352349093127714,23,7,2,4,1,32,9,-9.1609545886701,2.3204986650910535,45.64788689176456,-10.306423125662862,27.774180700301084,93.23435558218432,1.0,14.326609302340973,0.3575831881858221,25.39497535113397,0.5457171299494297,-42.15249481870099,54.48688152165273
Dasatinib_7,CC1=C(C(=CC=C1)Cl)NC(=O)C2=CN=C(S2)NC3=CC(=NC(=N3)C)N4CCN(CC4)CCO,501.84478796759777,4.088117577062592,23,7,2,4,1,32,9,-8.664054175538539,2.695272114190003,24.98968024409868,-9.822486109402885,31.34735987089246,99.0,1.0,15.083669506930807,0.27445583147330466,34.40299506538551,0.8014495467735521,-42.07791161410206,54.96418009895684
Dasatinib_8,CC1=C(C(=CC=C1)Cl)NC(=O)C2=CN=C(S2)NC3=CC(=NC(=N3)C)N4CCN(CC4)CCO,475.32790672728515,3.2236296526054184,23,7,2,4,1,32,9,-9.188088246282712,2.269903213499787,36.232974101357755,-10.277078914437054,42.2024607633454,99.0,1.0,17.79319262857731,0.38900967248646706,31.87349751075482,0.9082641928165897,-42.42616189905838,57.568722726880495
Dasatinib_9,CC1=C(C(=CC=C1)Cl)NC(=O)C2=CN=C(S2)NC3=CC(=NC(=N3)C)N4CCN(CC4)CCO,504.76966163698455,3.9004935465951274,23,7,2,4,1,32,9,-8.86856651018407,1.9391662343111888,42.83999702677344,-9.78114487200334,45.77986526447978,91.41065804899738,1.0,12.707123248830012,0.3182106994517513,31.540621753312013,0.7082352936446606,-48.69726498762837,62.02750149397971
Mycophenolate Mofetil_0,CC1=C2COC(=O)C2=C(C(=C1OC)CC=C(C)CCC(=O)OCCN3CCOCC3)O,422.28585723432565,3.061216618867984,23,1,7,4,1,31,6,-8.465478975211262,2.2954412630414724,37.005634247954,-9.55636670860587,32.47117428279236,75.71870874823477,1.0,13.623328220269416,0.35339434775539147,28.63209102111129,0.535376406001546,-39.55703507577421,56.57037947790049
Mycophenolate Mofetil_1,CC1=C2COC(=O)C2=C(C(=C1OC)CC=C(C)CCC(=O)OCCN3CCOCC3)O,453.1997870758429,2.7206886828420895,23,1,7,4,1,31,6,-8.509566620153686,1.7056213607517903,41.08388811696807,-9.793355569329995,36.62545672010294,90.04190636190596,1.0,15.70494407384319,0.39631784052732066,33.20407364775563,0.6202014000444471,-44.33134095105803,56.86033124634895
Mycophenolate Mofetil_2,CC1=C2COC(=O)C2=C(C(=C1OC)CC=C(C)CCC(=O)OCCN3CCOCC3)O,451.60382687786245,3.199831152536332,23,1,7,4,1,31,6,-8.44550072035331,2.7366978010821557,26.435241002230114,-9.326544802369586,42.81777862070897,90.45963039307487,1.0,12.950602356481188,0.47578005715144134,30.196835736934265,1.5678599569978124,-48.75163553078842,51.5061926399373
Mycophenolate Mofetil_3,CC1=C2COC(=O)C2=C(C(=C1OC)CC=C(C)CCC(=O)OCCN3CCOCC3)O,438.460671663428,3.4995946208292037,23,1,7,4,1,31,6,-8.49976944921389,2.704786598935523,32.17337831126197,-9.310045146721055,27.740819040964425,89.35722199110083,1.0,11.545971298535338,0.4451526460377096,29.577785554346594,1.201207041136894,-36.525521588032554,45.23253696530332
Mycophenolate Mofetil_4,CC1=C2COC(=O)C2=C(C(=C1OC)CC=C(C)CCC(=O)OCCN3CCOCC3)O,446.3151405557759,2.7296851722894706,23,1,7,4,1,31,6,-9.085382414512827,1.817186792315047,45.48240150668264,-10.15045289594334,44.48143372461048,90.10081150247171,1.0,10.654774710592926,0.3291996016606646,28.3760353987528,1.516436283702014,-49.44394416241833,52.19190152508225
Mycophenolate Mofetil_5,CC1=C2COC(=O)C2=C(C(=C1OC)CC=C(C)CCC(=O)OCCN3CCOCC3)O,433.8996731118513,3.1555888422427696,23,1,7,4,1,31,6,-8.56337809511018,2.784302564732484,55.491205944446556,-9.615998343605682,33.19057242750865,89.4053229763367,1.0,14.889180295219392,0.3451328470686559,28.72044604599555,0.9444177159407946,-37.66261601517462,51.99058742653214
Mycophenolate Mofetil_6,CC1=C2COC(=O)C2=C(C(=C1OC)CC=C(C)CCC(=O)OCCN3CCOCC3)O,440.3810008847959,2.7902527616832176,23,1,7,4,1,31,6,-8.996209896749,2.902001336859946,22.287215182626305,-9.879375420167053,42.91341710767462,97.49533455747351,1.0,18.801246660014534,0.28847961228309765,30.037560969139673,0.4978836164673556,-39.33560996721155,56.156973147030925
Mycophenolate Mofetil_7,CC1=C2COC(=O)C2=C(C(=C1OC)CC=C(C)CCC(=O)OCCN3CCOCC3)O,422.221985607558,3.015796298764023,23,1,7,4,1,31,6,-8.428312851560277,1.8674122726942683,23.006986964628407,-9.603755864258401,33.74289228641151,99.0,1.0,13.169596520430714,0.47151726222734736,31.352358985138324,0.5878957408279217,-40.180682706281885,50.92732809938702
Mycophenolate Mofetil_8,CC1=C2COC(=O)C2=C(C(=C1OC)CC=C(C)CCC(=O)OCCN3CCOCC3)O,446.7369250142703,3.3121396345632172,23,1,7,4,1,31,6,-8.165308800516643,2.485804027929837,43.189719235262665,-9.030008451690815,37.2086236295671,94.07750488758872,1.0,11.031141108200702,0.315527754617279,29.34103981659616,0.9024151503456782,-40.67222272938087,53.99317231691618
Mycophenolate Mofetil_9,CC1=C2COC(=O)C2=C(C(=C1OC)CC=C(C)CCC(=O)OCCN3CCOCC3)O,413.8027640318057,2.9525080737841236,23,1,7,4,1,31,6,-9.027073412230958,2.2856853237116765,41.42980057609164,-9.966011598007873,38.7821983877399,95.6498666764925,1.0,13.238519270001184,0.3250364460671549,27.28182604809835,0.5477634884614276,-43.249287037356986,58.95781029659926
Sorafenib_0,CNC(=O)C1=NC=CC(=C1)OC2=CC=C(C=C2)NC(=O)NC3=CC(=C(C=C3)Cl)C(F)(F)F,456.04189603823846,3.6102551493781636,22,4,3,4,1,29,11,-8.09554232061667,2.9389694148196877,38.072872082219135,-8.799131105528035,39.865772640858076,99.0,1.0,17.85501759320964,0.37620616350100605,23.817645206127693,0.35105814282831327,-29.218119331424102,51.35269198812844
Sorafenib_1,CNC(=O)C1=NC=CC(=C1)OC2=CC=C(C=C2)NC(=O)NC3=CC(=C(C=C3)Cl)C(F)(F)F,473.73785968180283,3.869769717188969,22,4,3,4,1,29,11,-9.455415838254265,2.8958106540418846,46.880692631378835,-10.412017469968792,36.11624327924034,99.0,1.0,17.947469146843577,0.3474621207561267,29.729965022276893,0.4990324463018781,-53.53702762217411,57.83468988321339
Sorafenib_2,CNC(=O)C1=NC=CC(=C1)OC2=CC=C(C=C2)NC(=O)NC3=CC(=C(C=C3)Cl)C(F)(F)F,481.2283493230195,4.322549186446075,22,4,3,4,1,29,11,-9.360837062925038,2.1331557188793466,33.985411790611344,-10.287494407870454,35.57691305725156,99.0,1.0,18.21699500254465,0.4100243231186965,30.667734502922958,0.9229795480329247,-43.0379687967477,49.37357784146038
Sorafenib_3,CNC(=O)C1=NC=CC(=C1)OC2=CC=C(C=C2)NC(=O)NC3=CC(=C(C=C3)Cl)C(F)(F)F,474.4653149572496,3.74903992199541,22,4,3,4,1,29,11,-8.502621796297781,2.3781602508001303,46.739140474288824,-9.515931411285578,38.41812261322519,93.74201989817064,1.0,19.17947928609024,0.3689399929783263,27.560608261386196,1.0287147792825786,-40.285535724693645,50.79925378577204
Sorafenib_4,CNC(=O)C1=NC=CC(=C1)OC2=CC=C(C=C2)NC(=O)NC3=CC(=C(C=C3)Cl)C(F)(F)F,454.4051796138599,4.1165186868244525,22,4,3,4,1,29,11,-8.637932930990912,3.1720836606181275,57.06492566241284,-9.665491074421102,38.33756557913032,97.90138421363292,1.0,14.464630753251935,0.5,29.495193359683675,1.2776208499041215,-33.38176503636829,46.902538192820565
Sorafenib_5,CNC(=O)C1=NC=CC(=C1)OC2=CC=C(C=C2)NC(=O)NC3=CC(=C(C=C3)Cl)C(F)(F)F,476.8084073150375,3.6947385993025192,22,4,3,4,1,29,11,-8.842913421454998,2.206392140892512,47.28222627599791,-10.125133129912982,41.04214904217384,96.89669169113122,1.0,15.53685412261076,0.4642131165200729,28.374434415457824,1.4315144551099301,-40.08953120108326,51.27929683047458
Sorafenib_6,CNC(=O)C1=NC=CC(=C1)OC2=CC=C(C=C2)NC(=O)NC3=CC(=C(C=C3)Cl)C(F)(F)F,461.471620469709,4.460343061160126,22,4,3,4,1,29,11,-9.313548549791943,2.187726902832308,20.32321055436139,-10.482905317981295,47.66356716540625,99.0,1.0,15.516474922279821,0.4476722469169885,33.70140482800435,1.2686265696517385,-42.93608064674642,54.72913136780976
Sorafenib_7,CNC(=O)C1=NC=CC(=C1)OC2=CC=C(C=C2)NC(=O)NC3=CC(=C(C=C3)Cl)C(F)(F)F,478.42916329835094,3.8871584954335705,22,4,3,4,1,29,11,-9.534592515639986,2.0604391279710184,42.42283861895511,-10.359116520112387,41.319720195353156,81.04577489575857,1.0,13.465389973476032,0.409625304700366,33.886071992952665,0.9222381534323633,-42.66996556817647,62.39152875739443
Sorafenib_8,CNC(=O)C1=NC=CC(=C1)OC2=CC=C(C=C2)NC(=O)NC3=CC(=C(C=C3)Cl)C(F)(F)F,458.80414270298314,4.404759398590544,22,4,3,4,1,29,11,-9.035674673218448,2.752571900952638,44.192784031733794,-10.234495516930384,34.39255400469267,92.264623858388,1.0,16.164911629592275,0.4239167405927659,28.895294201623166,0.8080008354799744,-42.335177381182866,50.40903548610836
Sorafenib_9,CNC(=O)C1=NC=CC(=C1)OC2=CC=C(C=C2)NC(=O)NC3=CC(=C(C=C3)Cl)C(F)(F)F,453.8458713291521,3.8856751882586864,22,4,3,4,1,29,11,-9.05028620482669,3.045578043462217,42.617244253412245,-10.195646357991203,35.58465077492034,99.0,1.0,15.726246547233977,0.31966329389707404,35.66485106445048,0.8170118131418149,-47.8681756209836,59.1924931130086
Sunitinib_0,CCN(CC)CCNC(=O)C1=C(NC(=C1C)C=C2C3=C(C=CC(=C3)F)NC2=O)C,399.6647472421192,2.4533433963625955,22,4,2,4,1,28,8,-8.245508956182288,1.7981339962055127,47.113926221589324,-9.400668074117918,42.418360927688,93.98823956412714,1.0,8.72612792472733,0.37410518412913746,35.809629972939945,1.0470206009994862,-23.90516484366499,55.94670848812126
Sunitinib_1,CCN(CC)CCNC(=O)C1=C(NC(=C1C)C=C2C3=C(C=CC(=C3)F)NC2=O)C,399.4770893781209,2.406640032379298,22,4,2,4,1,28,8,-8.149914812096316,2.3899344557661775,29.107864427451304,-9.416906583101028,44.16526105644045,82.53056677654348,3.8291448893778837,11.439525944389983,0.37513235285935953,26.77010995216946,1.1275336153883484,-38.71584074852423,53.86202545583778
Sunitinib_2,CCN(CC)CCNC(=O)C1=C(NC(=C1C)C=C2C3=C(C=CC(=C3)F)NC2=O)C,388.35193468342095,2.9626819126981445,22,4,2,4,1,28,8,-8.669147512503903,1.3987852600739055,44.477941501577156,-9.749683299125836,47.271215879219355,95.41564798112505,1.000937902342863,13.365884604254923,0.3095525412303445,35.75926294200172,0.5882520791085517,-43.01862817039042,63.44251682751994
Sunitinib_3,CCN(CC)CCNC(=O)C1=C(NC(=C1C)C=C2C3=C(C=CC(=C3)F)NC2=O)C,416.79257749631745,3.028177660285043,22,4,2,4,1,28,8,-8.943504886685943,2.0846969302585174,18.669852065019832,-10.013860175167354,46.77020393593702,78.26154807248997,1.0,12.577295601156141,0.3658553562314519,29.91262087286583,1.381886006398409,-45.74928307819827,58.65510789709534
Sunitinib_4,CCN(CC)CCNC(=O)C1=C(NC(=C1C)C=C2C3=C(C=CC(=C3)F)NC2=O)C,382.3648561784536,2.7991480641510167,22,4,2,4,1,28,8,-9.08360706601317,1.5151841411889917,26.283355869977527,-10.27326134448782,35.68988312972186,84.7523582625574,1.0,15.90220270638459,0.3901417907261589,26.58697779252501,0.43791592039351457,-49.44086329238007,52.82555741748404
Sunitinib_5,CCN(CC)CCNC(=O)C1=C(NC(=C1C)C=C2C3=C(C=CC(=C3)F)NC2=O)C,409.3783723864305,2.477354614860206,22,4,2,4,1,28,8,-8.484095704987908,2.8490878942299602,55.991894365972925,-9.342917697706234,52.377710177246904,76.29112315877389,1.0,10.962651210987243,0.43247942747942425,28.26594049748329,0.4415552895684199,-29.384086446299776,55.564722802453296
Sunitinib_6,CCN(CC)CCNC(=O)C1=C(NC(=C1C)C=C2C3=C(C=CC(=C3)F)NC2=O)C,413.0656670333922,2.6270291636874834,22,4,2,4,1,28,8,-8.300545543263977,2.5667400419093025,31.277627253248433,-9.428416404587967,38.455019404617666,84.0262543827964,1.0,11.883940742737316,0.3647059759704502,24.182821504937003,0.9729135547039679,-33.79958898887093,53.42835835810102
Sunitinib_7,CCN(CC)CCNC(=O)C1=C(NC(=C1C)C=C2C3=C(C=CC(=C3)F)NC2=O)C,390.04816195199027,2.9188605161971175,22,4,2,4,1,28,8,-9.11875516065007,1.926260456016264,39.26942331675366,-9.832493276417454,42.07606646785263,93.67591069331456,1.0,13.225341072489417,0.38818214489199754,24.643894028139115,0.9822536788536429,-42.05849474569785,54.414995216282165
Sunitinib_8,CCN(CC)CCNC(=O)C1=C(NC(=C1C)C=C2C3=C(C=CC(=C3)F)NC2=O)C,399.19661039849274,2.7896539640759253,22,4,2,4,1,28,8,-8.488905933365603,2.7758605206518183,54.54811651348012,-9.76294802918833,39.91401588496166,87.99307748095018,1.0,9.235237082580907,0.2766133614307674,31.541944158047095,0.5093746711636707,-39.55870126645938,60.95705463391231
Sunitinib_9,CCN(CC)CCNC(=O)C1=C(NC(=C1C)C=C2C3=C(C=CC(=C3)F)NC2=O)C,396.75263637136817,2.5916227306116486,22,4,2,4,1,28,8,-9.034733092951738,2.7128962370176,36.34874480646184,-10.329711408135973,41.144841115145496,95.63834212528387,1.0,16.0852228633772,0.3777487713153108,24.877966022911295,0.7161082620444694,-49.07782333079991,57.824405437296434
Etravirine_0,CC1=CC(=CC(=C1OC2=NC(=NC(=C2Br)N)NC3=CC=C(C=C3)C#N)C)C#N,424.0502972428046,4.636746163197135,20,6,1,4,1,27,9,-8.755799325702583,2.8976737155199337,19.884148357034356,-9.46198982874453,41.20454537257095,99.0,1.0,18.714461773066333,0.3372945444954656,24.141961078755422,1.3739253621283116,-37.1577125674977,56.23539650263369
Etravirine_1,CC1=CC(=CC(=C1OC2=NC(=NC(=C2Br)N)NC3=CC=C(C=C3)C#N)C)C#N,423.4509749938197,4.218217235532933,20,6,1,4,1,27,9,-8.19167156427914,2.8219020348487667,42.06433609958685,-9.361929184918637,45.925777733943875,99.0,1.0,16.017224215330916,0.3097591344125146,29.46601144149445,1.1184392555025673,-35.5590475734777,57.61669371333927
Etravirine_2,CC1=CC(=CC(=C1OC2=NC(=NC(=C2Br)N)NC3=CC=C(C=C3)C#N)C)C#N,442.80837010837746,4.463639358596636,20,6,1,4,1,27,9,-9.177887184147574,3.1299601072646013,21.113332825584763,-10.284388239730594,49.9237354672285,99.0,1.0,16.167563650283803,0.3142900276148166,35.88639141723767,0.8771248095120643,-47.01526863603071,57.67410622973889
Etravirine_3,CC1=CC(=CC(=C1OC2=NC(=NC(=C2Br)N)NC3=CC=C(C=C3)C#N)C)C#N,419.263114580806,4.606414931979078,20,6,1,4,1,27,9,-9.168140767157174,2.5972598340280686,24.740535419462503,-10.191332251443026,37.63749600881583,99.0,1.0,14.729313096072293,0.3223792635728708,21.821927387217794,1.2954317822865593,-42.36747791751729,52.156070080394706
Etravirine_4,CC1=CC(=CC(=C1OC2=NC(=NC(=C2Br)N)NC3=CC=C(C=C3)C#N)C)C#N,430.37259445089654,4.3450638661833025,20,6,1,4,1,27,9,-8.800512570339038,2.740502991087969,21.40584981196919,-9.716980302208917,34.417925941612836,91.75280163885952,1.0,19.445127097596934,0.404327418466614,24.976834703503606,1.3129665678761513,-39.70313719163439,52.65358727142832
Etravirine_5,CC1=CC(=CC(=C1OC2=NC(=NC(=C2Br)N)NC3=CC=C(C=C3)C#N)C)C#N,451.17690964091105,4.787918359414786,20,6,1,4,1,27,9,-9.286523104580194,2.356402300800777,37.15289494694428,-10.469927713366845,46.31835472221623,99.0,1.0,17.790593071215326,0.31615537021406,35.22388753509207,0.48670189614590337,-38.434895208817025,60.714946343885785
Etravirine_6,CC1=CC(=CC(=C1OC2=NC(=NC(=C2Br)N)NC3=CC=C(C=C3)C#N)C)C#N,442.9792450057407,4.655079480292245,20,6,1,4,1,27,9,-9.31274852809128,2.152821241906454,55.668587081322656,-10.238168090766113,46.04479748966766,99.0,1.0,13.912339482148312,0.38015662039456605,27.181663247121527,0.501583830223251,-45.45019357575162,58.707273486693516
Etravirine_7,CC1=CC(=CC(=C1OC2=NC(=NC(=C2Br)N)NC3=CC=C(C=C3)C#N)C)C#N,444.1039598250275,4.62465552528855,20,6,1,4,1,27,9,-8.199140756555781,3.350849352977681,53.95113585218442,-9.050429180640869,45.33587513993892,99.0,1.0,17.41522627767413,0.36394226197377644,38.04507312516006,0.7261879531396653,-32.27427824268144,52.64920991128667
Etravirine_8,CC1=CC(=CC(=C1OC2=NC(=NC(=C2Br)N)NC3=CC=C(C=C3)C#N)C)C#N,418.42420747697673,4.197983589449558,20,6,1,4,1,27,9,-8.811844411824296,2.4501661964378494,44.45982704544893,-9.566787074667479,45.978279678034816,99.0,1.0,21.177341184310883,0.34148977350087667,31.17378781225848,0.6653558762831571,-53.376693597400674,55.66387823520746
Etravirine_9,CC1=CC(=CC(=C1OC2=NC(=NC(=C2Br)N)NC3=CC=C(C=C3)C#N)C)C#N,417.0028315121296,4.136779255045095,20,6,1,4,1,27,9,-8.543245080496392,3.1938356498497016,26.005894193714553,-9.635260856105857,36.849466538624306,99.0,1.0,18.425959462493577,0.38176863282112466,27.14983971424507,1.1279076615262862,-40.88327770686938,51.456123018131514
Efavirenz_0,C1CC1C#CC2(C3=C(C=CC(=C3)Cl)NC(=O)O2)C(F)(F)F,309.60650647316913,4.20279475821723,15,1,2,4,1,18,4,-8.588700097651435,2.145076539773013,48.459759400000756,-9.544769827109816,53.781781850483384,99.0,1.0,10.907051247932387,0.32440676096238885,31.703139514010136,1.2435337380061466,-38.764332982803225,59.03054386903469
Efavirenz_1,C1CC1C#CC2(C3=C(C=CC(=C3)Cl)NC(=O)O2)C(F)(F)F,304.87183302876235,3.7380134118963664,15,1,2,4,1,18,4,-7.888215364743592,2.8390432830381163,20.429309360647498,-9.149354712947398,51.71819863137014,99.0,1.4293271059954122,14.042186108439019,0.41504723497277657,33.40970168924564,0.9859798715260418,-36.9293705411341,53.33708854660335
Efavirenz_2,C1CC1C#CC2(C3=C(C=CC(=C3)Cl)NC(=O)O2)C(F)(F)F,298.04205732849334,4.472147182897347,15,1,2,4,1,18,4,-8.363488275417291,3.2485274328940275,48.50711194652592,-9.101914528294175,59.17909588425633,84.39391080117943,1.0,16.006110700180926,0.31072045281786576,26.085248513681066,0.3254427929596123,-44.481263213035035,66.3525571203294
Efavirenz_3,C1CC1C#CC2(C3=C(C=CC(=C3)Cl)NC(=O)O2)C(F)(F)F,321.75099165652006,3.619367069915401,15,1,2,4,1,18,4,-7.8723702379097045,3.2517243542580467,38.23530011354174,-8.750903091269635,55.99482853343525,99.0,1.0,13.175664246311095,0.330034857564286,21.757375898940516,1.1055494259333554,-31.66690162279542,56.427545553695765
Efavirenz_4,C1CC1C#CC2(C3=C(C=CC(=C3)Cl)NC(=O)O2)C(F)(F)F,321.8186599332867,3.8836815223278,15,1,2,4,1,18,4,-8.720366361071168,2.4237763596506596,30.048237468899792,-9.829247479893269,58.117711347850964,97.94667648193636,1.0,11.725619118035407,0.42333406634683124,19.275346052865856,0.41900098481190823,-39.91637930405708,52.730860109679526
Efavirenz_5,C1CC1C#CC2(C3=C(C=CC(=C3)Cl)NC(=O)O2)C(F)(F)F,328.46832482902323,4.183654284463575,15,1,2,4,1,18,4,-8.910314840784407,2.835032539667809,36.665910236840034,-9.787470846357909,63.65437638137963,88.20960323344033,1.0,12.812543789182076,0.3312071030409805,26.62255660437019,0.7609729936984557,-43.90230778472261,63.216541508493606
Efavirenz_6,C1CC1C#CC2(C3=C(C=CC(=C3)Cl)NC(=O)O2)C(F)(F)F,316.2536703750295,4.330029002206256,15,1,2,4,1,18,4,-8.538336355691552,2.2044713359724346,22.383235751713872,-9.563311840638514,56.9427213347965,97.49736487632022,1.0,14.10019105126334,0.32261919616678886,34.067262967430246,1.121821213701902,-35.88974669951688,63.40985914150004
Efavirenz_7,C1CC1C#CC2(C3=C(C=CC(=C3)Cl)NC(=O)O2)C(F)(F)F,325.76630571436743,4.118890116980079,15,1,2,4,1,18,4,-9.288028860608543,2.585198533868609,40.51346862341301,-10.222348334838642,58.76429585905238,99.0,1.0,15.337959822192973,0.4159477123334965,31.21407061479583,0.7646233317684179,-35.06180899324722,60.790307079193894
Efavirenz_8,C1CC1C#CC2(C3=C(C=CC(=C3)Cl)NC(=O)O2)C(F)(F)F,305.45105725835384,4.422601243653479,15,1,2,4,1,18,4,-7.888036782393001,2.919162093500682,47.2431001311526,-8.75432707841762,55.594157333587894,99.0,1.0,14.198006435680997,0.4217203860113218,36.37046484818485,0.5549208103337697,-40.070810244188415,64.32410710182182
Efavirenz_9,C1CC1C#CC2(C3=C(C=CC(=C3)Cl)NC(=O)O2)C(F)(F)F,316.63752285081205,4.289342451596926,15,1,2,4,1,18,4,-8.695910995101478,2.623091321406553,33.738935534645606,-9.961068217671361,59.67472421152187,93.50758297145707,1.0,16.39066187530115,0.4477133059333225,29.08601598762398,1.6210042876180113,-42.15740889644298,51.98197826996675
